image_path,subject,label
train/LVO/p101_sub-stroke0140/selected_ncct/014.jpg,sub-stroke0140,0
train/LVO/p101_sub-stroke0140/selected_ncct/015.jpg,sub-stroke0140,0
train/LVO/p101_sub-stroke0140/selected_ncct/016.jpg,sub-stroke0140,0
train/LVO/p101_sub-stroke0140/selected_ncct/017.jpg,sub-stroke0140,0
train/LVO/p101_sub-stroke0140/selected_ncct/018.jpg,sub-stroke0140,0
train/LVO/p101_sub-stroke0140/selected_ncct/019.jpg,sub-stroke0140,0
train/LVO/p101_sub-stroke0140/selected_ncct/020.jpg,sub-stroke0140,0
train/LVO/p101_sub-stroke0140/selected_ncct/021.jpg,sub-stroke0140,0
train/LVO/p101_sub-stroke0140/selected_ncct/022.jpg,sub-stroke0140,0
train/LVO/p101_sub-stroke0140/selected_ncct/023.jpg,sub-stroke0140,0
train/LVO/p101_sub-stroke0140/selected_ncct/024.jpg,sub-stroke0140,0
train/LVO/p101_sub-stroke0140/selected_ncct/025.jpg,sub-stroke0140,0
train/LVO/p101_sub-stroke0140/selected_ncct/026.jpg,sub-stroke0140,0
train/LVO/p101_sub-stroke0140/selected_ncct/027.jpg,sub-stroke0140,0
train/LVO/p101_sub-stroke0140/selected_ncct/028.jpg,sub-stroke0140,0
train/LVO/p101_sub-stroke0140/selected_ncct/029.jpg,sub-stroke0140,0
train/LVO/p101_sub-stroke0140/selected_ncct/030.jpg,sub-stroke0140,0
train/LVO/p101_sub-stroke0140/selected_ncct/031.jpg,sub-stroke0140,0
train/LVO/p101_sub-stroke0140/selected_ncct/032.jpg,sub-stroke0140,0
train/LVO/p101_sub-stroke0140/selected_ncct/033.jpg,sub-stroke0140,0
train/LVO/p101_sub-stroke0140/selected_ncct/034.jpg,sub-stroke0140,0
train/LVO/p103_sub-stroke0142/selected_ncct/006.jpg,sub-stroke0142,0
train/LVO/p103_sub-stroke0142/selected_ncct/007.jpg,sub-stroke0142,0
train/LVO/p103_sub-stroke0142/selected_ncct/008.jpg,sub-stroke0142,0
train/LVO/p104_sub-stroke0143/selected_ncct/017.jpg,sub-stroke0143,1
train/LVO/p104_sub-stroke0143/selected_ncct/018.jpg,sub-stroke0143,1
train/LVO/p104_sub-stroke0143/selected_ncct/019.jpg,sub-stroke0143,1
train/LVO/p104_sub-stroke0143/selected_ncct/020.jpg,sub-stroke0143,1
train/LVO/p104_sub-stroke0143/selected_ncct/021.jpg,sub-stroke0143,1
train/LVO/p104_sub-stroke0143/selected_ncct/022.jpg,sub-stroke0143,1
train/LVO/p104_sub-stroke0143/selected_ncct/023.jpg,sub-stroke0143,1
train/LVO/p104_sub-stroke0143/selected_ncct/024.jpg,sub-stroke0143,1
train/LVO/p104_sub-stroke0143/selected_ncct/025.jpg,sub-stroke0143,1
train/LVO/p104_sub-stroke0143/selected_ncct/032.jpg,sub-stroke0143,1
train/LVO/p104_sub-stroke0143/selected_ncct/033.jpg,sub-stroke0143,1
train/LVO/p105_sub-stroke0144/selected_ncct/009.jpg,sub-stroke0144,0
train/LVO/p105_sub-stroke0144/selected_ncct/010.jpg,sub-stroke0144,0
train/LVO/p105_sub-stroke0144/selected_ncct/014.jpg,sub-stroke0144,0
train/LVO/p105_sub-stroke0144/selected_ncct/016.jpg,sub-stroke0144,0
train/LVO/p105_sub-stroke0144/selected_ncct/017.jpg,sub-stroke0144,0
train/LVO/p105_sub-stroke0144/selected_ncct/018.jpg,sub-stroke0144,0
train/LVO/p105_sub-stroke0144/selected_ncct/019.jpg,sub-stroke0144,0
train/LVO/p105_sub-stroke0144/selected_ncct/020.jpg,sub-stroke0144,0
train/LVO/p105_sub-stroke0144/selected_ncct/021.jpg,sub-stroke0144,0
train/LVO/p105_sub-stroke0144/selected_ncct/022.jpg,sub-stroke0144,0
train/LVO/p105_sub-stroke0144/selected_ncct/023.jpg,sub-stroke0144,0
train/LVO/p105_sub-stroke0144/selected_ncct/024.jpg,sub-stroke0144,0
train/LVO/p105_sub-stroke0144/selected_ncct/025.jpg,sub-stroke0144,0
train/LVO/p105_sub-stroke0144/selected_ncct/026.jpg,sub-stroke0144,0
train/LVO/p105_sub-stroke0144/selected_ncct/027.jpg,sub-stroke0144,0
train/LVO/p105_sub-stroke0144/selected_ncct/028.jpg,sub-stroke0144,0
train/LVO/p110_sub-stroke0149/selected_ncct/034.jpg,sub-stroke0149,1
train/LVO/p110_sub-stroke0149/selected_ncct/035.jpg,sub-stroke0149,1
train/LVO/p110_sub-stroke0149/selected_ncct/036.jpg,sub-stroke0149,1
train/LVO/p110_sub-stroke0149/selected_ncct/037.jpg,sub-stroke0149,1
train/LVO/p110_sub-stroke0149/selected_ncct/038.jpg,sub-stroke0149,1
train/LVO/p110_sub-stroke0149/selected_ncct/039.jpg,sub-stroke0149,1
train/LVO/p110_sub-stroke0149/selected_ncct/040.jpg,sub-stroke0149,1
train/LVO/p110_sub-stroke0149/selected_ncct/041.jpg,sub-stroke0149,1
train/LVO/p110_sub-stroke0149/selected_ncct/042.jpg,sub-stroke0149,1
train/LVO/p110_sub-stroke0149/selected_ncct/044.jpg,sub-stroke0149,1
train/LVO/p110_sub-stroke0149/selected_ncct/045.jpg,sub-stroke0149,1
train/LVO/p110_sub-stroke0149/selected_ncct/046.jpg,sub-stroke0149,1
train/LVO/p110_sub-stroke0149/selected_ncct/047.jpg,sub-stroke0149,1
train/LVO/p110_sub-stroke0149/selected_ncct/048.jpg,sub-stroke0149,1
train/LVO/p110_sub-stroke0149/selected_ncct/049.jpg,sub-stroke0149,1
train/LVO/p110_sub-stroke0149/selected_ncct/050.jpg,sub-stroke0149,1
train/LVO/p110_sub-stroke0149/selected_ncct/051.jpg,sub-stroke0149,1
train/LVO/p110_sub-stroke0149/selected_ncct/056.jpg,sub-stroke0149,1
train/LVO/p110_sub-stroke0149/selected_ncct/057.jpg,sub-stroke0149,1
train/LVO/p110_sub-stroke0149/selected_ncct/060.jpg,sub-stroke0149,1
train/LVO/p110_sub-stroke0149/selected_ncct/062.jpg,sub-stroke0149,1
train/LVO/p110_sub-stroke0149/selected_ncct/063.jpg,sub-stroke0149,1
train/LVO/p110_sub-stroke0149/selected_ncct/064.jpg,sub-stroke0149,1
train/LVO/p110_sub-stroke0149/selected_ncct/065.jpg,sub-stroke0149,1
train/LVO/p110_sub-stroke0149/selected_ncct/066.jpg,sub-stroke0149,1
train/LVO/p110_sub-stroke0149/selected_ncct/067.jpg,sub-stroke0149,1
train/LVO/p110_sub-stroke0149/selected_ncct/068.jpg,sub-stroke0149,1
train/LVO/p110_sub-stroke0149/selected_ncct/069.jpg,sub-stroke0149,1
train/LVO/p110_sub-stroke0149/selected_ncct/070.jpg,sub-stroke0149,1
train/LVO/p110_sub-stroke0149/selected_ncct/071.jpg,sub-stroke0149,1
train/LVO/p110_sub-stroke0149/selected_ncct/072.jpg,sub-stroke0149,1
train/LVO/p110_sub-stroke0149/selected_ncct/073.jpg,sub-stroke0149,1
train/LVO/p111_sub-stroke0150/selected_ncct/031.jpg,sub-stroke0150,1
train/LVO/p111_sub-stroke0150/selected_ncct/032.jpg,sub-stroke0150,1
train/LVO/p111_sub-stroke0150/selected_ncct/033.jpg,sub-stroke0150,1
train/LVO/p111_sub-stroke0150/selected_ncct/034.jpg,sub-stroke0150,1
train/LVO/p111_sub-stroke0150/selected_ncct/035.jpg,sub-stroke0150,1
train/LVO/p111_sub-stroke0150/selected_ncct/036.jpg,sub-stroke0150,1
train/LVO/p111_sub-stroke0150/selected_ncct/039.jpg,sub-stroke0150,1
train/LVO/p111_sub-stroke0150/selected_ncct/040.jpg,sub-stroke0150,1
train/LVO/p111_sub-stroke0150/selected_ncct/041.jpg,sub-stroke0150,1
train/LVO/p111_sub-stroke0150/selected_ncct/042.jpg,sub-stroke0150,1
train/LVO/p111_sub-stroke0150/selected_ncct/043.jpg,sub-stroke0150,1
train/LVO/p111_sub-stroke0150/selected_ncct/044.jpg,sub-stroke0150,1
train/LVO/p111_sub-stroke0150/selected_ncct/045.jpg,sub-stroke0150,1
train/LVO/p111_sub-stroke0150/selected_ncct/046.jpg,sub-stroke0150,1
train/LVO/p111_sub-stroke0150/selected_ncct/047.jpg,sub-stroke0150,1
train/LVO/p111_sub-stroke0150/selected_ncct/048.jpg,sub-stroke0150,1
train/LVO/p111_sub-stroke0150/selected_ncct/049.jpg,sub-stroke0150,1
train/LVO/p111_sub-stroke0150/selected_ncct/050.jpg,sub-stroke0150,1
train/LVO/p111_sub-stroke0150/selected_ncct/051.jpg,sub-stroke0150,1
train/LVO/p111_sub-stroke0150/selected_ncct/052.jpg,sub-stroke0150,1
train/LVO/p111_sub-stroke0150/selected_ncct/053.jpg,sub-stroke0150,1
train/LVO/p111_sub-stroke0150/selected_ncct/054.jpg,sub-stroke0150,1
train/LVO/p111_sub-stroke0150/selected_ncct/055.jpg,sub-stroke0150,1
train/LVO/p111_sub-stroke0150/selected_ncct/058.jpg,sub-stroke0150,1
train/LVO/p111_sub-stroke0150/selected_ncct/059.jpg,sub-stroke0150,1
train/LVO/p111_sub-stroke0150/selected_ncct/060.jpg,sub-stroke0150,1
train/LVO/p112_sub-stroke0151/selected_ncct/023.jpg,sub-stroke0151,0
train/LVO/p112_sub-stroke0151/selected_ncct/024.jpg,sub-stroke0151,0
train/LVO/p112_sub-stroke0151/selected_ncct/025.jpg,sub-stroke0151,0
train/LVO/p112_sub-stroke0151/selected_ncct/026.jpg,sub-stroke0151,0
train/LVO/p112_sub-stroke0151/selected_ncct/027.jpg,sub-stroke0151,0
train/LVO/p112_sub-stroke0151/selected_ncct/028.jpg,sub-stroke0151,0
train/LVO/p112_sub-stroke0151/selected_ncct/029.jpg,sub-stroke0151,0
train/LVO/p113_sub-stroke0152/selected_ncct/029.jpg,sub-stroke0152,0
train/LVO/p113_sub-stroke0152/selected_ncct/030.jpg,sub-stroke0152,0
train/LVO/p113_sub-stroke0152/selected_ncct/031.jpg,sub-stroke0152,0
train/LVO/p113_sub-stroke0152/selected_ncct/032.jpg,sub-stroke0152,0
train/LVO/p113_sub-stroke0152/selected_ncct/033.jpg,sub-stroke0152,0
train/LVO/p113_sub-stroke0152/selected_ncct/034.jpg,sub-stroke0152,0
train/LVO/p113_sub-stroke0152/selected_ncct/035.jpg,sub-stroke0152,0
train/LVO/p113_sub-stroke0152/selected_ncct/036.jpg,sub-stroke0152,0
train/LVO/p113_sub-stroke0152/selected_ncct/037.jpg,sub-stroke0152,0
train/LVO/p113_sub-stroke0152/selected_ncct/038.jpg,sub-stroke0152,0
train/LVO/p113_sub-stroke0152/selected_ncct/039.jpg,sub-stroke0152,0
train/LVO/p113_sub-stroke0152/selected_ncct/040.jpg,sub-stroke0152,0
train/LVO/p113_sub-stroke0152/selected_ncct/041.jpg,sub-stroke0152,0
train/LVO/p113_sub-stroke0152/selected_ncct/042.jpg,sub-stroke0152,0
train/LVO/p113_sub-stroke0152/selected_ncct/043.jpg,sub-stroke0152,0
train/LVO/p113_sub-stroke0152/selected_ncct/044.jpg,sub-stroke0152,0
train/LVO/p113_sub-stroke0152/selected_ncct/045.jpg,sub-stroke0152,0
train/LVO/p113_sub-stroke0152/selected_ncct/046.jpg,sub-stroke0152,0
train/LVO/p113_sub-stroke0152/selected_ncct/047.jpg,sub-stroke0152,0
train/LVO/p113_sub-stroke0152/selected_ncct/048.jpg,sub-stroke0152,0
train/LVO/p113_sub-stroke0152/selected_ncct/049.jpg,sub-stroke0152,0
train/LVO/p113_sub-stroke0152/selected_ncct/050.jpg,sub-stroke0152,0
train/LVO/p113_sub-stroke0152/selected_ncct/051.jpg,sub-stroke0152,0
train/LVO/p113_sub-stroke0152/selected_ncct/052.jpg,sub-stroke0152,0
train/LVO/p113_sub-stroke0152/selected_ncct/053.jpg,sub-stroke0152,0
train/LVO/p113_sub-stroke0152/selected_ncct/054.jpg,sub-stroke0152,0
train/LVO/p113_sub-stroke0152/selected_ncct/055.jpg,sub-stroke0152,0
train/LVO/p113_sub-stroke0152/selected_ncct/056.jpg,sub-stroke0152,0
train/LVO/p113_sub-stroke0152/selected_ncct/057.jpg,sub-stroke0152,0
train/LVO/p115_sub-stroke0154/selected_ncct/012.jpg,sub-stroke0154,0
train/LVO/p115_sub-stroke0154/selected_ncct/013.jpg,sub-stroke0154,0
train/LVO/p115_sub-stroke0154/selected_ncct/014.jpg,sub-stroke0154,0
train/LVO/p115_sub-stroke0154/selected_ncct/015.jpg,sub-stroke0154,0
train/LVO/p115_sub-stroke0154/selected_ncct/016.jpg,sub-stroke0154,0
train/LVO/p115_sub-stroke0154/selected_ncct/017.jpg,sub-stroke0154,0
train/LVO/p115_sub-stroke0154/selected_ncct/020.jpg,sub-stroke0154,0
train/LVO/p115_sub-stroke0154/selected_ncct/021.jpg,sub-stroke0154,0
train/LVO/p115_sub-stroke0154/selected_ncct/022.jpg,sub-stroke0154,0
train/LVO/p115_sub-stroke0154/selected_ncct/023.jpg,sub-stroke0154,0
train/LVO/p115_sub-stroke0154/selected_ncct/024.jpg,sub-stroke0154,0
train/LVO/p115_sub-stroke0154/selected_ncct/025.jpg,sub-stroke0154,0
train/LVO/p115_sub-stroke0154/selected_ncct/026.jpg,sub-stroke0154,0
train/LVO/p115_sub-stroke0154/selected_ncct/027.jpg,sub-stroke0154,0
train/LVO/p115_sub-stroke0154/selected_ncct/028.jpg,sub-stroke0154,0
train/LVO/p115_sub-stroke0154/selected_ncct/029.jpg,sub-stroke0154,0
train/LVO/p115_sub-stroke0154/selected_ncct/030.jpg,sub-stroke0154,0
train/LVO/p115_sub-stroke0154/selected_ncct/031.jpg,sub-stroke0154,0
train/LVO/p115_sub-stroke0154/selected_ncct/032.jpg,sub-stroke0154,0
train/LVO/p115_sub-stroke0154/selected_ncct/033.jpg,sub-stroke0154,0
train/LVO/p115_sub-stroke0154/selected_ncct/035.jpg,sub-stroke0154,0
train/LVO/p115_sub-stroke0154/selected_ncct/036.jpg,sub-stroke0154,0
train/LVO/p115_sub-stroke0154/selected_ncct/037.jpg,sub-stroke0154,0
train/LVO/p115_sub-stroke0154/selected_ncct/038.jpg,sub-stroke0154,0
train/LVO/p115_sub-stroke0154/selected_ncct/039.jpg,sub-stroke0154,0
train/LVO/p115_sub-stroke0154/selected_ncct/040.jpg,sub-stroke0154,0
train/LVO/p115_sub-stroke0154/selected_ncct/041.jpg,sub-stroke0154,0
train/LVO/p115_sub-stroke0154/selected_ncct/042.jpg,sub-stroke0154,0
train/LVO/p115_sub-stroke0154/selected_ncct/043.jpg,sub-stroke0154,0
train/LVO/p115_sub-stroke0154/selected_ncct/044.jpg,sub-stroke0154,0
train/LVO/p115_sub-stroke0154/selected_ncct/045.jpg,sub-stroke0154,0
train/LVO/p115_sub-stroke0154/selected_ncct/046.jpg,sub-stroke0154,0
train/LVO/p115_sub-stroke0154/selected_ncct/047.jpg,sub-stroke0154,0
train/LVO/p115_sub-stroke0154/selected_ncct/048.jpg,sub-stroke0154,0
train/LVO/p115_sub-stroke0154/selected_ncct/049.jpg,sub-stroke0154,0
train/LVO/p115_sub-stroke0154/selected_ncct/050.jpg,sub-stroke0154,0
train/LVO/p115_sub-stroke0154/selected_ncct/051.jpg,sub-stroke0154,0
train/LVO/p115_sub-stroke0154/selected_ncct/052.jpg,sub-stroke0154,0
train/LVO/p115_sub-stroke0154/selected_ncct/053.jpg,sub-stroke0154,0
train/LVO/p115_sub-stroke0154/selected_ncct/054.jpg,sub-stroke0154,0
train/LVO/p115_sub-stroke0154/selected_ncct/055.jpg,sub-stroke0154,0
train/LVO/p115_sub-stroke0154/selected_ncct/056.jpg,sub-stroke0154,0
train/LVO/p115_sub-stroke0154/selected_ncct/057.jpg,sub-stroke0154,0
train/LVO/p115_sub-stroke0154/selected_ncct/061.jpg,sub-stroke0154,0
train/LVO/p115_sub-stroke0154/selected_ncct/062.jpg,sub-stroke0154,0
train/LVO/p115_sub-stroke0154/selected_ncct/063.jpg,sub-stroke0154,0
train/LVO/p115_sub-stroke0154/selected_ncct/064.jpg,sub-stroke0154,0
train/LVO/p115_sub-stroke0154/selected_ncct/065.jpg,sub-stroke0154,0
train/LVO/p115_sub-stroke0154/selected_ncct/066.jpg,sub-stroke0154,0
train/LVO/p115_sub-stroke0154/selected_ncct/067.jpg,sub-stroke0154,0
train/LVO/p116_sub-stroke0155/selected_ncct/009.jpg,sub-stroke0155,0
train/LVO/p116_sub-stroke0155/selected_ncct/010.jpg,sub-stroke0155,0
train/LVO/p116_sub-stroke0155/selected_ncct/011.jpg,sub-stroke0155,0
train/LVO/p116_sub-stroke0155/selected_ncct/012.jpg,sub-stroke0155,0
train/LVO/p116_sub-stroke0155/selected_ncct/013.jpg,sub-stroke0155,0
train/LVO/p116_sub-stroke0155/selected_ncct/014.jpg,sub-stroke0155,0
train/LVO/p116_sub-stroke0155/selected_ncct/015.jpg,sub-stroke0155,0
train/LVO/p116_sub-stroke0155/selected_ncct/016.jpg,sub-stroke0155,0
train/LVO/p116_sub-stroke0155/selected_ncct/017.jpg,sub-stroke0155,0
train/LVO/p116_sub-stroke0155/selected_ncct/018.jpg,sub-stroke0155,0
train/LVO/p116_sub-stroke0155/selected_ncct/019.jpg,sub-stroke0155,0
train/LVO/p116_sub-stroke0155/selected_ncct/020.jpg,sub-stroke0155,0
train/LVO/p116_sub-stroke0155/selected_ncct/021.jpg,sub-stroke0155,0
train/LVO/p116_sub-stroke0155/selected_ncct/022.jpg,sub-stroke0155,0
train/LVO/p116_sub-stroke0155/selected_ncct/023.jpg,sub-stroke0155,0
train/LVO/p116_sub-stroke0155/selected_ncct/024.jpg,sub-stroke0155,0
train/LVO/p116_sub-stroke0155/selected_ncct/025.jpg,sub-stroke0155,0
train/LVO/p117_sub-stroke0156/selected_ncct/014.jpg,sub-stroke0156,0
train/LVO/p117_sub-stroke0156/selected_ncct/015.jpg,sub-stroke0156,0
train/LVO/p117_sub-stroke0156/selected_ncct/017.jpg,sub-stroke0156,0
train/LVO/p117_sub-stroke0156/selected_ncct/018.jpg,sub-stroke0156,0
train/LVO/p117_sub-stroke0156/selected_ncct/019.jpg,sub-stroke0156,0
train/LVO/p117_sub-stroke0156/selected_ncct/020.jpg,sub-stroke0156,0
train/LVO/p117_sub-stroke0156/selected_ncct/021.jpg,sub-stroke0156,0
train/LVO/p117_sub-stroke0156/selected_ncct/022.jpg,sub-stroke0156,0
train/LVO/p117_sub-stroke0156/selected_ncct/023.jpg,sub-stroke0156,0
train/LVO/p117_sub-stroke0156/selected_ncct/024.jpg,sub-stroke0156,0
train/LVO/p117_sub-stroke0156/selected_ncct/025.jpg,sub-stroke0156,0
train/LVO/p117_sub-stroke0156/selected_ncct/026.jpg,sub-stroke0156,0
train/LVO/p117_sub-stroke0156/selected_ncct/027.jpg,sub-stroke0156,0
train/LVO/p117_sub-stroke0156/selected_ncct/028.jpg,sub-stroke0156,0
train/LVO/p117_sub-stroke0156/selected_ncct/029.jpg,sub-stroke0156,0
train/LVO/p117_sub-stroke0156/selected_ncct/031.jpg,sub-stroke0156,0
train/LVO/p118_sub-stroke0157/selected_ncct/004.jpg,sub-stroke0157,0
train/LVO/p118_sub-stroke0157/selected_ncct/005.jpg,sub-stroke0157,0
train/LVO/p118_sub-stroke0157/selected_ncct/006.jpg,sub-stroke0157,0
train/LVO/p118_sub-stroke0157/selected_ncct/007.jpg,sub-stroke0157,0
train/LVO/p118_sub-stroke0157/selected_ncct/008.jpg,sub-stroke0157,0
train/LVO/p118_sub-stroke0157/selected_ncct/009.jpg,sub-stroke0157,0
train/LVO/p118_sub-stroke0157/selected_ncct/010.jpg,sub-stroke0157,0
train/LVO/p118_sub-stroke0157/selected_ncct/011.jpg,sub-stroke0157,0
train/LVO/p118_sub-stroke0157/selected_ncct/013.jpg,sub-stroke0157,0
train/LVO/p118_sub-stroke0157/selected_ncct/014.jpg,sub-stroke0157,0
train/LVO/p118_sub-stroke0157/selected_ncct/015.jpg,sub-stroke0157,0
train/LVO/p118_sub-stroke0157/selected_ncct/016.jpg,sub-stroke0157,0
train/LVO/p118_sub-stroke0157/selected_ncct/017.jpg,sub-stroke0157,0
train/LVO/p118_sub-stroke0157/selected_ncct/018.jpg,sub-stroke0157,0
train/LVO/p118_sub-stroke0157/selected_ncct/019.jpg,sub-stroke0157,0
train/LVO/p118_sub-stroke0157/selected_ncct/022.jpg,sub-stroke0157,0
train/LVO/p118_sub-stroke0157/selected_ncct/023.jpg,sub-stroke0157,0
train/LVO/p118_sub-stroke0157/selected_ncct/024.jpg,sub-stroke0157,0
train/LVO/p118_sub-stroke0157/selected_ncct/027.jpg,sub-stroke0157,0
train/LVO/p118_sub-stroke0157/selected_ncct/028.jpg,sub-stroke0157,0
train/LVO/p119_sub-stroke0158/selected_ncct/040.jpg,sub-stroke0158,1
train/LVO/p119_sub-stroke0158/selected_ncct/041.jpg,sub-stroke0158,1
train/LVO/p119_sub-stroke0158/selected_ncct/042.jpg,sub-stroke0158,1
train/LVO/p119_sub-stroke0158/selected_ncct/043.jpg,sub-stroke0158,1
train/LVO/p119_sub-stroke0158/selected_ncct/044.jpg,sub-stroke0158,1
train/LVO/p119_sub-stroke0158/selected_ncct/045.jpg,sub-stroke0158,1
train/LVO/p119_sub-stroke0158/selected_ncct/046.jpg,sub-stroke0158,1
train/LVO/p119_sub-stroke0158/selected_ncct/047.jpg,sub-stroke0158,1
train/LVO/p119_sub-stroke0158/selected_ncct/048.jpg,sub-stroke0158,1
train/LVO/p119_sub-stroke0158/selected_ncct/049.jpg,sub-stroke0158,1
train/LVO/p119_sub-stroke0158/selected_ncct/050.jpg,sub-stroke0158,1
train/LVO/p119_sub-stroke0158/selected_ncct/052.jpg,sub-stroke0158,1
train/LVO/p119_sub-stroke0158/selected_ncct/053.jpg,sub-stroke0158,1
train/LVO/p119_sub-stroke0158/selected_ncct/054.jpg,sub-stroke0158,1
train/LVO/p119_sub-stroke0158/selected_ncct/055.jpg,sub-stroke0158,1
train/LVO/p119_sub-stroke0158/selected_ncct/056.jpg,sub-stroke0158,1
train/LVO/p119_sub-stroke0158/selected_ncct/057.jpg,sub-stroke0158,1
train/LVO/p119_sub-stroke0158/selected_ncct/058.jpg,sub-stroke0158,1
train/LVO/p119_sub-stroke0158/selected_ncct/059.jpg,sub-stroke0158,1
train/LVO/p119_sub-stroke0158/selected_ncct/060.jpg,sub-stroke0158,1
train/LVO/p119_sub-stroke0158/selected_ncct/061.jpg,sub-stroke0158,1
train/LVO/p119_sub-stroke0158/selected_ncct/062.jpg,sub-stroke0158,1
train/LVO/p119_sub-stroke0158/selected_ncct/063.jpg,sub-stroke0158,1
train/LVO/p119_sub-stroke0158/selected_ncct/064.jpg,sub-stroke0158,1
train/LVO/p119_sub-stroke0158/selected_ncct/065.jpg,sub-stroke0158,1
train/LVO/p119_sub-stroke0158/selected_ncct/066.jpg,sub-stroke0158,1
train/LVO/p119_sub-stroke0158/selected_ncct/067.jpg,sub-stroke0158,1
train/LVO/p119_sub-stroke0158/selected_ncct/068.jpg,sub-stroke0158,1
train/LVO/p119_sub-stroke0158/selected_ncct/069.jpg,sub-stroke0158,1
train/LVO/p119_sub-stroke0158/selected_ncct/070.jpg,sub-stroke0158,1
train/LVO/p119_sub-stroke0158/selected_ncct/071.jpg,sub-stroke0158,1
train/LVO/p119_sub-stroke0158/selected_ncct/072.jpg,sub-stroke0158,1
train/LVO/p119_sub-stroke0158/selected_ncct/073.jpg,sub-stroke0158,1
train/LVO/p119_sub-stroke0158/selected_ncct/074.jpg,sub-stroke0158,1
train/LVO/p119_sub-stroke0158/selected_ncct/075.jpg,sub-stroke0158,1
train/LVO/p119_sub-stroke0158/selected_ncct/076.jpg,sub-stroke0158,1
train/LVO/p119_sub-stroke0158/selected_ncct/077.jpg,sub-stroke0158,1
train/LVO/p119_sub-stroke0158/selected_ncct/078.jpg,sub-stroke0158,1
train/LVO/p119_sub-stroke0158/selected_ncct/079.jpg,sub-stroke0158,1
train/LVO/p119_sub-stroke0158/selected_ncct/080.jpg,sub-stroke0158,1
train/LVO/p119_sub-stroke0158/selected_ncct/081.jpg,sub-stroke0158,1
train/LVO/p119_sub-stroke0158/selected_ncct/082.jpg,sub-stroke0158,1
train/LVO/p119_sub-stroke0158/selected_ncct/083.jpg,sub-stroke0158,1
train/LVO/p119_sub-stroke0158/selected_ncct/084.jpg,sub-stroke0158,1
train/LVO/p11_sub-stroke0011/selected_ncct/007.jpg,sub-stroke0011,0
train/LVO/p11_sub-stroke0011/selected_ncct/008.jpg,sub-stroke0011,0
train/LVO/p11_sub-stroke0011/selected_ncct/009.jpg,sub-stroke0011,0
train/LVO/p11_sub-stroke0011/selected_ncct/010.jpg,sub-stroke0011,0
train/LVO/p11_sub-stroke0011/selected_ncct/011.jpg,sub-stroke0011,0
train/LVO/p11_sub-stroke0011/selected_ncct/013.jpg,sub-stroke0011,0
train/LVO/p11_sub-stroke0011/selected_ncct/014.jpg,sub-stroke0011,0
train/LVO/p11_sub-stroke0011/selected_ncct/015.jpg,sub-stroke0011,0
train/LVO/p11_sub-stroke0011/selected_ncct/016.jpg,sub-stroke0011,0
train/LVO/p11_sub-stroke0011/selected_ncct/017.jpg,sub-stroke0011,0
train/LVO/p11_sub-stroke0011/selected_ncct/018.jpg,sub-stroke0011,0
train/LVO/p11_sub-stroke0011/selected_ncct/019.jpg,sub-stroke0011,0
train/LVO/p11_sub-stroke0011/selected_ncct/020.jpg,sub-stroke0011,0
train/LVO/p11_sub-stroke0011/selected_ncct/021.jpg,sub-stroke0011,0
train/LVO/p11_sub-stroke0011/selected_ncct/022.jpg,sub-stroke0011,0
train/LVO/p11_sub-stroke0011/selected_ncct/023.jpg,sub-stroke0011,0
train/LVO/p11_sub-stroke0011/selected_ncct/024.jpg,sub-stroke0011,0
train/LVO/p11_sub-stroke0011/selected_ncct/025.jpg,sub-stroke0011,0
train/LVO/p11_sub-stroke0011/selected_ncct/026.jpg,sub-stroke0011,0
train/LVO/p11_sub-stroke0011/selected_ncct/027.jpg,sub-stroke0011,0
train/LVO/p11_sub-stroke0011/selected_ncct/028.jpg,sub-stroke0011,0
train/LVO/p11_sub-stroke0011/selected_ncct/029.jpg,sub-stroke0011,0
train/LVO/p11_sub-stroke0011/selected_ncct/030.jpg,sub-stroke0011,0
train/LVO/p11_sub-stroke0011/selected_ncct/031.jpg,sub-stroke0011,0
train/LVO/p11_sub-stroke0011/selected_ncct/032.jpg,sub-stroke0011,0
train/LVO/p11_sub-stroke0011/selected_ncct/033.jpg,sub-stroke0011,0
train/LVO/p11_sub-stroke0011/selected_ncct/034.jpg,sub-stroke0011,0
train/LVO/p11_sub-stroke0011/selected_ncct/035.jpg,sub-stroke0011,0
train/LVO/p11_sub-stroke0011/selected_ncct/036.jpg,sub-stroke0011,0
train/LVO/p11_sub-stroke0011/selected_ncct/037.jpg,sub-stroke0011,0
train/LVO/p11_sub-stroke0011/selected_ncct/038.jpg,sub-stroke0011,0
train/LVO/p11_sub-stroke0011/selected_ncct/039.jpg,sub-stroke0011,0
train/LVO/p11_sub-stroke0011/selected_ncct/040.jpg,sub-stroke0011,0
train/LVO/p11_sub-stroke0011/selected_ncct/041.jpg,sub-stroke0011,0
train/LVO/p11_sub-stroke0011/selected_ncct/042.jpg,sub-stroke0011,0
train/LVO/p11_sub-stroke0011/selected_ncct/043.jpg,sub-stroke0011,0
train/LVO/p11_sub-stroke0011/selected_ncct/044.jpg,sub-stroke0011,0
train/LVO/p11_sub-stroke0011/selected_ncct/045.jpg,sub-stroke0011,0
train/LVO/p11_sub-stroke0011/selected_ncct/046.jpg,sub-stroke0011,0
train/LVO/p11_sub-stroke0011/selected_ncct/047.jpg,sub-stroke0011,0
train/LVO/p11_sub-stroke0011/selected_ncct/048.jpg,sub-stroke0011,0
train/LVO/p11_sub-stroke0011/selected_ncct/049.jpg,sub-stroke0011,0
train/LVO/p11_sub-stroke0011/selected_ncct/050.jpg,sub-stroke0011,0
train/LVO/p11_sub-stroke0011/selected_ncct/053.jpg,sub-stroke0011,0
train/LVO/p11_sub-stroke0011/selected_ncct/054.jpg,sub-stroke0011,0
train/LVO/p11_sub-stroke0011/selected_ncct/055.jpg,sub-stroke0011,0
train/LVO/p120_sub-stroke0159/selected_ncct/011.jpg,sub-stroke0159,0
train/LVO/p120_sub-stroke0159/selected_ncct/012.jpg,sub-stroke0159,0
train/LVO/p120_sub-stroke0159/selected_ncct/013.jpg,sub-stroke0159,0
train/LVO/p121_sub-stroke0161/selected_ncct/011.jpg,sub-stroke0161,0
train/LVO/p121_sub-stroke0161/selected_ncct/012.jpg,sub-stroke0161,0
train/LVO/p121_sub-stroke0161/selected_ncct/013.jpg,sub-stroke0161,0
train/LVO/p121_sub-stroke0161/selected_ncct/014.jpg,sub-stroke0161,0
train/LVO/p121_sub-stroke0161/selected_ncct/015.jpg,sub-stroke0161,0
train/LVO/p121_sub-stroke0161/selected_ncct/016.jpg,sub-stroke0161,0
train/LVO/p121_sub-stroke0161/selected_ncct/017.jpg,sub-stroke0161,0
train/LVO/p121_sub-stroke0161/selected_ncct/018.jpg,sub-stroke0161,0
train/LVO/p121_sub-stroke0161/selected_ncct/019.jpg,sub-stroke0161,0
train/LVO/p121_sub-stroke0161/selected_ncct/020.jpg,sub-stroke0161,0
train/LVO/p121_sub-stroke0161/selected_ncct/021.jpg,sub-stroke0161,0
train/LVO/p121_sub-stroke0161/selected_ncct/022.jpg,sub-stroke0161,0
train/LVO/p121_sub-stroke0161/selected_ncct/023.jpg,sub-stroke0161,0
train/LVO/p121_sub-stroke0161/selected_ncct/024.jpg,sub-stroke0161,0
train/LVO/p121_sub-stroke0161/selected_ncct/025.jpg,sub-stroke0161,0
train/LVO/p121_sub-stroke0161/selected_ncct/026.jpg,sub-stroke0161,0
train/LVO/p121_sub-stroke0161/selected_ncct/027.jpg,sub-stroke0161,0
train/LVO/p121_sub-stroke0161/selected_ncct/029.jpg,sub-stroke0161,0
train/LVO/p121_sub-stroke0161/selected_ncct/030.jpg,sub-stroke0161,0
train/LVO/p121_sub-stroke0161/selected_ncct/031.jpg,sub-stroke0161,0
train/LVO/p121_sub-stroke0161/selected_ncct/033.jpg,sub-stroke0161,0
train/LVO/p126_sub-stroke0166/selected_ncct/012.jpg,sub-stroke0166,0
train/LVO/p126_sub-stroke0166/selected_ncct/013.jpg,sub-stroke0166,0
train/LVO/p126_sub-stroke0166/selected_ncct/014.jpg,sub-stroke0166,0
train/LVO/p126_sub-stroke0166/selected_ncct/015.jpg,sub-stroke0166,0
train/LVO/p126_sub-stroke0166/selected_ncct/016.jpg,sub-stroke0166,0
train/LVO/p126_sub-stroke0166/selected_ncct/017.jpg,sub-stroke0166,0
train/LVO/p126_sub-stroke0166/selected_ncct/018.jpg,sub-stroke0166,0
train/LVO/p126_sub-stroke0166/selected_ncct/019.jpg,sub-stroke0166,0
train/LVO/p126_sub-stroke0166/selected_ncct/020.jpg,sub-stroke0166,0
train/LVO/p126_sub-stroke0166/selected_ncct/021.jpg,sub-stroke0166,0
train/LVO/p126_sub-stroke0166/selected_ncct/022.jpg,sub-stroke0166,0
train/LVO/p126_sub-stroke0166/selected_ncct/023.jpg,sub-stroke0166,0
train/LVO/p126_sub-stroke0166/selected_ncct/024.jpg,sub-stroke0166,0
train/LVO/p126_sub-stroke0166/selected_ncct/025.jpg,sub-stroke0166,0
train/LVO/p129_sub-stroke0169/selected_ncct/012.jpg,sub-stroke0169,0
train/LVO/p129_sub-stroke0169/selected_ncct/013.jpg,sub-stroke0169,0
train/LVO/p129_sub-stroke0169/selected_ncct/014.jpg,sub-stroke0169,0
train/LVO/p129_sub-stroke0169/selected_ncct/015.jpg,sub-stroke0169,0
train/LVO/p129_sub-stroke0169/selected_ncct/016.jpg,sub-stroke0169,0
train/LVO/p129_sub-stroke0169/selected_ncct/017.jpg,sub-stroke0169,0
train/LVO/p129_sub-stroke0169/selected_ncct/018.jpg,sub-stroke0169,0
train/LVO/p129_sub-stroke0169/selected_ncct/019.jpg,sub-stroke0169,0
train/LVO/p129_sub-stroke0169/selected_ncct/020.jpg,sub-stroke0169,0
train/LVO/p129_sub-stroke0169/selected_ncct/021.jpg,sub-stroke0169,0
train/LVO/p129_sub-stroke0169/selected_ncct/022.jpg,sub-stroke0169,0
train/LVO/p129_sub-stroke0169/selected_ncct/023.jpg,sub-stroke0169,0
train/LVO/p129_sub-stroke0169/selected_ncct/024.jpg,sub-stroke0169,0
train/LVO/p129_sub-stroke0169/selected_ncct/025.jpg,sub-stroke0169,0
train/LVO/p129_sub-stroke0169/selected_ncct/026.jpg,sub-stroke0169,0
train/LVO/p129_sub-stroke0169/selected_ncct/027.jpg,sub-stroke0169,0
train/LVO/p129_sub-stroke0169/selected_ncct/028.jpg,sub-stroke0169,0
train/LVO/p130_sub-stroke0170/selected_ncct/023.jpg,sub-stroke0170,1
train/LVO/p130_sub-stroke0170/selected_ncct/024.jpg,sub-stroke0170,1
train/LVO/p130_sub-stroke0170/selected_ncct/025.jpg,sub-stroke0170,1
train/LVO/p130_sub-stroke0170/selected_ncct/026.jpg,sub-stroke0170,1
train/LVO/p130_sub-stroke0170/selected_ncct/027.jpg,sub-stroke0170,1
train/LVO/p130_sub-stroke0170/selected_ncct/029.jpg,sub-stroke0170,1
train/LVO/p130_sub-stroke0170/selected_ncct/036.jpg,sub-stroke0170,1
train/LVO/p130_sub-stroke0170/selected_ncct/037.jpg,sub-stroke0170,1
train/LVO/p130_sub-stroke0170/selected_ncct/038.jpg,sub-stroke0170,1
train/LVO/p130_sub-stroke0170/selected_ncct/039.jpg,sub-stroke0170,1
train/LVO/p130_sub-stroke0170/selected_ncct/040.jpg,sub-stroke0170,1
train/LVO/p130_sub-stroke0170/selected_ncct/041.jpg,sub-stroke0170,1
train/LVO/p130_sub-stroke0170/selected_ncct/042.jpg,sub-stroke0170,1
train/LVO/p130_sub-stroke0170/selected_ncct/043.jpg,sub-stroke0170,1
train/LVO/p130_sub-stroke0170/selected_ncct/044.jpg,sub-stroke0170,1
train/LVO/p130_sub-stroke0170/selected_ncct/045.jpg,sub-stroke0170,1
train/LVO/p130_sub-stroke0170/selected_ncct/046.jpg,sub-stroke0170,1
train/LVO/p130_sub-stroke0170/selected_ncct/047.jpg,sub-stroke0170,1
train/LVO/p130_sub-stroke0170/selected_ncct/048.jpg,sub-stroke0170,1
train/LVO/p130_sub-stroke0170/selected_ncct/049.jpg,sub-stroke0170,1
train/LVO/p130_sub-stroke0170/selected_ncct/050.jpg,sub-stroke0170,1
train/LVO/p130_sub-stroke0170/selected_ncct/051.jpg,sub-stroke0170,1
train/LVO/p130_sub-stroke0170/selected_ncct/052.jpg,sub-stroke0170,1
train/LVO/p130_sub-stroke0170/selected_ncct/053.jpg,sub-stroke0170,1
train/LVO/p130_sub-stroke0170/selected_ncct/054.jpg,sub-stroke0170,1
train/LVO/p130_sub-stroke0170/selected_ncct/055.jpg,sub-stroke0170,1
train/LVO/p130_sub-stroke0170/selected_ncct/056.jpg,sub-stroke0170,1
train/LVO/p130_sub-stroke0170/selected_ncct/057.jpg,sub-stroke0170,1
train/LVO/p130_sub-stroke0170/selected_ncct/058.jpg,sub-stroke0170,1
train/LVO/p130_sub-stroke0170/selected_ncct/059.jpg,sub-stroke0170,1
train/LVO/p130_sub-stroke0170/selected_ncct/060.jpg,sub-stroke0170,1
train/LVO/p130_sub-stroke0170/selected_ncct/061.jpg,sub-stroke0170,1
train/LVO/p130_sub-stroke0170/selected_ncct/062.jpg,sub-stroke0170,1
train/LVO/p130_sub-stroke0170/selected_ncct/063.jpg,sub-stroke0170,1
train/LVO/p131_sub-stroke0171/selected_ncct/037.jpg,sub-stroke0171,1
train/LVO/p131_sub-stroke0171/selected_ncct/040.jpg,sub-stroke0171,1
train/LVO/p132_sub-stroke0172/selected_ncct/007.jpg,sub-stroke0172,0
train/LVO/p132_sub-stroke0172/selected_ncct/008.jpg,sub-stroke0172,0
train/LVO/p132_sub-stroke0172/selected_ncct/009.jpg,sub-stroke0172,0
train/LVO/p132_sub-stroke0172/selected_ncct/010.jpg,sub-stroke0172,0
train/LVO/p132_sub-stroke0172/selected_ncct/011.jpg,sub-stroke0172,0
train/LVO/p132_sub-stroke0172/selected_ncct/017.jpg,sub-stroke0172,0
train/LVO/p132_sub-stroke0172/selected_ncct/018.jpg,sub-stroke0172,0
train/LVO/p132_sub-stroke0172/selected_ncct/019.jpg,sub-stroke0172,0
train/LVO/p132_sub-stroke0172/selected_ncct/020.jpg,sub-stroke0172,0
train/LVO/p132_sub-stroke0172/selected_ncct/021.jpg,sub-stroke0172,0
train/LVO/p133_sub-stroke0173/selected_ncct/013.jpg,sub-stroke0173,0
train/LVO/p133_sub-stroke0173/selected_ncct/015.jpg,sub-stroke0173,0
train/LVO/p133_sub-stroke0173/selected_ncct/016.jpg,sub-stroke0173,0
train/LVO/p133_sub-stroke0173/selected_ncct/017.jpg,sub-stroke0173,0
train/LVO/p133_sub-stroke0173/selected_ncct/018.jpg,sub-stroke0173,0
train/LVO/p133_sub-stroke0173/selected_ncct/019.jpg,sub-stroke0173,0
train/LVO/p133_sub-stroke0173/selected_ncct/020.jpg,sub-stroke0173,0
train/LVO/p133_sub-stroke0173/selected_ncct/023.jpg,sub-stroke0173,0
train/LVO/p133_sub-stroke0173/selected_ncct/028.jpg,sub-stroke0173,0
train/LVO/p133_sub-stroke0173/selected_ncct/029.jpg,sub-stroke0173,0
train/LVO/p136_sub-stroke0176/selected_ncct/013.jpg,sub-stroke0176,0
train/LVO/p136_sub-stroke0176/selected_ncct/015.jpg,sub-stroke0176,0
train/LVO/p136_sub-stroke0176/selected_ncct/016.jpg,sub-stroke0176,0
train/LVO/p136_sub-stroke0176/selected_ncct/017.jpg,sub-stroke0176,0
train/LVO/p136_sub-stroke0176/selected_ncct/018.jpg,sub-stroke0176,0
train/LVO/p136_sub-stroke0176/selected_ncct/019.jpg,sub-stroke0176,0
train/LVO/p136_sub-stroke0176/selected_ncct/020.jpg,sub-stroke0176,0
train/LVO/p136_sub-stroke0176/selected_ncct/021.jpg,sub-stroke0176,0
train/LVO/p136_sub-stroke0176/selected_ncct/022.jpg,sub-stroke0176,0
train/LVO/p136_sub-stroke0176/selected_ncct/023.jpg,sub-stroke0176,0
train/LVO/p136_sub-stroke0176/selected_ncct/024.jpg,sub-stroke0176,0
train/LVO/p136_sub-stroke0176/selected_ncct/025.jpg,sub-stroke0176,0
train/LVO/p136_sub-stroke0176/selected_ncct/027.jpg,sub-stroke0176,0
train/LVO/p137_sub-stroke0177/selected_ncct/012.jpg,sub-stroke0177,0
train/LVO/p137_sub-stroke0177/selected_ncct/013.jpg,sub-stroke0177,0
train/LVO/p137_sub-stroke0177/selected_ncct/015.jpg,sub-stroke0177,0
train/LVO/p137_sub-stroke0177/selected_ncct/016.jpg,sub-stroke0177,0
train/LVO/p137_sub-stroke0177/selected_ncct/017.jpg,sub-stroke0177,0
train/LVO/p137_sub-stroke0177/selected_ncct/018.jpg,sub-stroke0177,0
train/LVO/p137_sub-stroke0177/selected_ncct/019.jpg,sub-stroke0177,0
train/LVO/p137_sub-stroke0177/selected_ncct/020.jpg,sub-stroke0177,0
train/LVO/p137_sub-stroke0177/selected_ncct/021.jpg,sub-stroke0177,0
train/LVO/p137_sub-stroke0177/selected_ncct/022.jpg,sub-stroke0177,0
train/LVO/p137_sub-stroke0177/selected_ncct/023.jpg,sub-stroke0177,0
train/LVO/p137_sub-stroke0177/selected_ncct/024.jpg,sub-stroke0177,0
train/LVO/p137_sub-stroke0177/selected_ncct/025.jpg,sub-stroke0177,0
train/LVO/p137_sub-stroke0177/selected_ncct/026.jpg,sub-stroke0177,0
train/LVO/p137_sub-stroke0177/selected_ncct/027.jpg,sub-stroke0177,0
train/LVO/p137_sub-stroke0177/selected_ncct/028.jpg,sub-stroke0177,0
train/LVO/p137_sub-stroke0177/selected_ncct/029.jpg,sub-stroke0177,0
train/LVO/p137_sub-stroke0177/selected_ncct/030.jpg,sub-stroke0177,0
train/LVO/p137_sub-stroke0177/selected_ncct/031.jpg,sub-stroke0177,0
train/LVO/p137_sub-stroke0177/selected_ncct/032.jpg,sub-stroke0177,0
train/LVO/p137_sub-stroke0177/selected_ncct/033.jpg,sub-stroke0177,0
train/LVO/p137_sub-stroke0177/selected_ncct/034.jpg,sub-stroke0177,0
train/LVO/p137_sub-stroke0177/selected_ncct/035.jpg,sub-stroke0177,0
train/LVO/p137_sub-stroke0177/selected_ncct/037.jpg,sub-stroke0177,0
train/LVO/p13_sub-stroke0013/selected_ncct/020.jpg,sub-stroke0013,1
train/LVO/p13_sub-stroke0013/selected_ncct/025.jpg,sub-stroke0013,1
train/LVO/p13_sub-stroke0013/selected_ncct/027.jpg,sub-stroke0013,1
train/LVO/p13_sub-stroke0013/selected_ncct/028.jpg,sub-stroke0013,1
train/LVO/p13_sub-stroke0013/selected_ncct/029.jpg,sub-stroke0013,1
train/LVO/p13_sub-stroke0013/selected_ncct/030.jpg,sub-stroke0013,1
train/LVO/p13_sub-stroke0013/selected_ncct/031.jpg,sub-stroke0013,1
train/LVO/p13_sub-stroke0013/selected_ncct/032.jpg,sub-stroke0013,1
train/LVO/p13_sub-stroke0013/selected_ncct/035.jpg,sub-stroke0013,1
train/LVO/p13_sub-stroke0013/selected_ncct/038.jpg,sub-stroke0013,1
train/LVO/p13_sub-stroke0013/selected_ncct/040.jpg,sub-stroke0013,1
train/LVO/p13_sub-stroke0013/selected_ncct/041.jpg,sub-stroke0013,1
train/LVO/p13_sub-stroke0013/selected_ncct/042.jpg,sub-stroke0013,1
train/LVO/p141_sub-stroke0181/selected_ncct/008.jpg,sub-stroke0181,0
train/LVO/p141_sub-stroke0181/selected_ncct/009.jpg,sub-stroke0181,0
train/LVO/p141_sub-stroke0181/selected_ncct/010.jpg,sub-stroke0181,0
train/LVO/p141_sub-stroke0181/selected_ncct/011.jpg,sub-stroke0181,0
train/LVO/p141_sub-stroke0181/selected_ncct/012.jpg,sub-stroke0181,0
train/LVO/p141_sub-stroke0181/selected_ncct/013.jpg,sub-stroke0181,0
train/LVO/p141_sub-stroke0181/selected_ncct/014.jpg,sub-stroke0181,0
train/LVO/p141_sub-stroke0181/selected_ncct/015.jpg,sub-stroke0181,0
train/LVO/p141_sub-stroke0181/selected_ncct/016.jpg,sub-stroke0181,0
train/LVO/p141_sub-stroke0181/selected_ncct/017.jpg,sub-stroke0181,0
train/LVO/p141_sub-stroke0181/selected_ncct/018.jpg,sub-stroke0181,0
train/LVO/p141_sub-stroke0181/selected_ncct/019.jpg,sub-stroke0181,0
train/LVO/p141_sub-stroke0181/selected_ncct/020.jpg,sub-stroke0181,0
train/LVO/p141_sub-stroke0181/selected_ncct/021.jpg,sub-stroke0181,0
train/LVO/p141_sub-stroke0181/selected_ncct/023.jpg,sub-stroke0181,0
train/LVO/p141_sub-stroke0181/selected_ncct/024.jpg,sub-stroke0181,0
train/LVO/p141_sub-stroke0181/selected_ncct/025.jpg,sub-stroke0181,0
train/LVO/p141_sub-stroke0181/selected_ncct/026.jpg,sub-stroke0181,0
train/LVO/p141_sub-stroke0181/selected_ncct/027.jpg,sub-stroke0181,0
train/LVO/p141_sub-stroke0181/selected_ncct/028.jpg,sub-stroke0181,0
train/LVO/p141_sub-stroke0181/selected_ncct/029.jpg,sub-stroke0181,0
train/LVO/p141_sub-stroke0181/selected_ncct/030.jpg,sub-stroke0181,0
train/LVO/p141_sub-stroke0181/selected_ncct/031.jpg,sub-stroke0181,0
train/LVO/p142_sub-stroke0182/selected_ncct/015.jpg,sub-stroke0182,0
train/LVO/p142_sub-stroke0182/selected_ncct/017.jpg,sub-stroke0182,0
train/LVO/p142_sub-stroke0182/selected_ncct/018.jpg,sub-stroke0182,0
train/LVO/p142_sub-stroke0182/selected_ncct/019.jpg,sub-stroke0182,0
train/LVO/p142_sub-stroke0182/selected_ncct/020.jpg,sub-stroke0182,0
train/LVO/p142_sub-stroke0182/selected_ncct/021.jpg,sub-stroke0182,0
train/LVO/p142_sub-stroke0182/selected_ncct/022.jpg,sub-stroke0182,0
train/LVO/p142_sub-stroke0182/selected_ncct/023.jpg,sub-stroke0182,0
train/LVO/p142_sub-stroke0182/selected_ncct/024.jpg,sub-stroke0182,0
train/LVO/p142_sub-stroke0182/selected_ncct/025.jpg,sub-stroke0182,0
train/LVO/p142_sub-stroke0182/selected_ncct/026.jpg,sub-stroke0182,0
train/LVO/p142_sub-stroke0182/selected_ncct/029.jpg,sub-stroke0182,0
train/LVO/p142_sub-stroke0182/selected_ncct/030.jpg,sub-stroke0182,0
train/LVO/p142_sub-stroke0182/selected_ncct/031.jpg,sub-stroke0182,0
train/LVO/p143_sub-stroke0183/selected_ncct/031.jpg,sub-stroke0183,0
train/LVO/p143_sub-stroke0183/selected_ncct/032.jpg,sub-stroke0183,0
train/LVO/p143_sub-stroke0183/selected_ncct/033.jpg,sub-stroke0183,0
train/LVO/p143_sub-stroke0183/selected_ncct/034.jpg,sub-stroke0183,0
train/LVO/p143_sub-stroke0183/selected_ncct/035.jpg,sub-stroke0183,0
train/LVO/p143_sub-stroke0183/selected_ncct/036.jpg,sub-stroke0183,0
train/LVO/p143_sub-stroke0183/selected_ncct/037.jpg,sub-stroke0183,0
train/LVO/p143_sub-stroke0183/selected_ncct/038.jpg,sub-stroke0183,0
train/LVO/p143_sub-stroke0183/selected_ncct/039.jpg,sub-stroke0183,0
train/LVO/p143_sub-stroke0183/selected_ncct/040.jpg,sub-stroke0183,0
train/LVO/p143_sub-stroke0183/selected_ncct/041.jpg,sub-stroke0183,0
train/LVO/p143_sub-stroke0183/selected_ncct/042.jpg,sub-stroke0183,0
train/LVO/p143_sub-stroke0183/selected_ncct/043.jpg,sub-stroke0183,0
train/LVO/p143_sub-stroke0183/selected_ncct/044.jpg,sub-stroke0183,0
train/LVO/p143_sub-stroke0183/selected_ncct/045.jpg,sub-stroke0183,0
train/LVO/p143_sub-stroke0183/selected_ncct/046.jpg,sub-stroke0183,0
train/LVO/p143_sub-stroke0183/selected_ncct/047.jpg,sub-stroke0183,0
train/LVO/p143_sub-stroke0183/selected_ncct/048.jpg,sub-stroke0183,0
train/LVO/p143_sub-stroke0183/selected_ncct/049.jpg,sub-stroke0183,0
train/LVO/p143_sub-stroke0183/selected_ncct/050.jpg,sub-stroke0183,0
train/LVO/p143_sub-stroke0183/selected_ncct/051.jpg,sub-stroke0183,0
train/LVO/p143_sub-stroke0183/selected_ncct/052.jpg,sub-stroke0183,0
train/LVO/p143_sub-stroke0183/selected_ncct/053.jpg,sub-stroke0183,0
train/LVO/p143_sub-stroke0183/selected_ncct/054.jpg,sub-stroke0183,0
train/LVO/p143_sub-stroke0183/selected_ncct/055.jpg,sub-stroke0183,0
train/LVO/p143_sub-stroke0183/selected_ncct/056.jpg,sub-stroke0183,0
train/LVO/p143_sub-stroke0183/selected_ncct/057.jpg,sub-stroke0183,0
train/LVO/p143_sub-stroke0183/selected_ncct/058.jpg,sub-stroke0183,0
train/LVO/p143_sub-stroke0183/selected_ncct/059.jpg,sub-stroke0183,0
train/LVO/p143_sub-stroke0183/selected_ncct/060.jpg,sub-stroke0183,0
train/LVO/p143_sub-stroke0183/selected_ncct/061.jpg,sub-stroke0183,0
train/LVO/p143_sub-stroke0183/selected_ncct/062.jpg,sub-stroke0183,0
train/LVO/p144_sub-stroke0184/selected_ncct/034.jpg,sub-stroke0184,0
train/LVO/p144_sub-stroke0184/selected_ncct/035.jpg,sub-stroke0184,0
train/LVO/p144_sub-stroke0184/selected_ncct/036.jpg,sub-stroke0184,0
train/LVO/p144_sub-stroke0184/selected_ncct/037.jpg,sub-stroke0184,0
train/LVO/p144_sub-stroke0184/selected_ncct/038.jpg,sub-stroke0184,0
train/LVO/p144_sub-stroke0184/selected_ncct/039.jpg,sub-stroke0184,0
train/LVO/p144_sub-stroke0184/selected_ncct/040.jpg,sub-stroke0184,0
train/LVO/p144_sub-stroke0184/selected_ncct/041.jpg,sub-stroke0184,0
train/LVO/p144_sub-stroke0184/selected_ncct/042.jpg,sub-stroke0184,0
train/LVO/p144_sub-stroke0184/selected_ncct/043.jpg,sub-stroke0184,0
train/LVO/p144_sub-stroke0184/selected_ncct/044.jpg,sub-stroke0184,0
train/LVO/p144_sub-stroke0184/selected_ncct/045.jpg,sub-stroke0184,0
train/LVO/p144_sub-stroke0184/selected_ncct/048.jpg,sub-stroke0184,0
train/LVO/p144_sub-stroke0184/selected_ncct/049.jpg,sub-stroke0184,0
train/LVO/p144_sub-stroke0184/selected_ncct/051.jpg,sub-stroke0184,0
train/LVO/p144_sub-stroke0184/selected_ncct/052.jpg,sub-stroke0184,0
train/LVO/p144_sub-stroke0184/selected_ncct/053.jpg,sub-stroke0184,0
train/LVO/p144_sub-stroke0184/selected_ncct/054.jpg,sub-stroke0184,0
train/LVO/p144_sub-stroke0184/selected_ncct/055.jpg,sub-stroke0184,0
train/LVO/p144_sub-stroke0184/selected_ncct/056.jpg,sub-stroke0184,0
train/LVO/p144_sub-stroke0184/selected_ncct/057.jpg,sub-stroke0184,0
train/LVO/p144_sub-stroke0184/selected_ncct/058.jpg,sub-stroke0184,0
train/LVO/p148_sub-stroke0188/selected_ncct/024.jpg,sub-stroke0188,1
train/LVO/p148_sub-stroke0188/selected_ncct/025.jpg,sub-stroke0188,1
train/LVO/p148_sub-stroke0188/selected_ncct/026.jpg,sub-stroke0188,1
train/LVO/p148_sub-stroke0188/selected_ncct/027.jpg,sub-stroke0188,1
train/LVO/p148_sub-stroke0188/selected_ncct/029.jpg,sub-stroke0188,1
train/LVO/p148_sub-stroke0188/selected_ncct/030.jpg,sub-stroke0188,1
train/LVO/p148_sub-stroke0188/selected_ncct/031.jpg,sub-stroke0188,1
train/LVO/p148_sub-stroke0188/selected_ncct/032.jpg,sub-stroke0188,1
train/LVO/p148_sub-stroke0188/selected_ncct/033.jpg,sub-stroke0188,1
train/LVO/p148_sub-stroke0188/selected_ncct/034.jpg,sub-stroke0188,1
train/LVO/p148_sub-stroke0188/selected_ncct/035.jpg,sub-stroke0188,1
train/LVO/p148_sub-stroke0188/selected_ncct/036.jpg,sub-stroke0188,1
train/LVO/p148_sub-stroke0188/selected_ncct/037.jpg,sub-stroke0188,1
train/LVO/p148_sub-stroke0188/selected_ncct/038.jpg,sub-stroke0188,1
train/LVO/p148_sub-stroke0188/selected_ncct/039.jpg,sub-stroke0188,1
train/LVO/p148_sub-stroke0188/selected_ncct/040.jpg,sub-stroke0188,1
train/LVO/p148_sub-stroke0188/selected_ncct/041.jpg,sub-stroke0188,1
train/LVO/p148_sub-stroke0188/selected_ncct/042.jpg,sub-stroke0188,1
train/LVO/p148_sub-stroke0188/selected_ncct/043.jpg,sub-stroke0188,1
train/LVO/p148_sub-stroke0188/selected_ncct/044.jpg,sub-stroke0188,1
train/LVO/p148_sub-stroke0188/selected_ncct/045.jpg,sub-stroke0188,1
train/LVO/p148_sub-stroke0188/selected_ncct/046.jpg,sub-stroke0188,1
train/LVO/p148_sub-stroke0188/selected_ncct/047.jpg,sub-stroke0188,1
train/LVO/p148_sub-stroke0188/selected_ncct/048.jpg,sub-stroke0188,1
train/LVO/p148_sub-stroke0188/selected_ncct/049.jpg,sub-stroke0188,1
train/LVO/p148_sub-stroke0188/selected_ncct/050.jpg,sub-stroke0188,1
train/LVO/p148_sub-stroke0188/selected_ncct/051.jpg,sub-stroke0188,1
train/LVO/p148_sub-stroke0188/selected_ncct/052.jpg,sub-stroke0188,1
train/LVO/p148_sub-stroke0188/selected_ncct/053.jpg,sub-stroke0188,1
train/LVO/p148_sub-stroke0188/selected_ncct/055.jpg,sub-stroke0188,1
train/LVO/p148_sub-stroke0188/selected_ncct/056.jpg,sub-stroke0188,1
train/LVO/p148_sub-stroke0188/selected_ncct/057.jpg,sub-stroke0188,1
train/LVO/p148_sub-stroke0188/selected_ncct/058.jpg,sub-stroke0188,1
train/LVO/p148_sub-stroke0188/selected_ncct/059.jpg,sub-stroke0188,1
train/LVO/p149_sub-stroke0189/selected_ncct/018.jpg,sub-stroke0189,0
train/LVO/p149_sub-stroke0189/selected_ncct/020.jpg,sub-stroke0189,0
train/LVO/p149_sub-stroke0189/selected_ncct/021.jpg,sub-stroke0189,0
train/LVO/p149_sub-stroke0189/selected_ncct/022.jpg,sub-stroke0189,0
train/LVO/p149_sub-stroke0189/selected_ncct/023.jpg,sub-stroke0189,0
train/LVO/p149_sub-stroke0189/selected_ncct/024.jpg,sub-stroke0189,0
train/LVO/p149_sub-stroke0189/selected_ncct/025.jpg,sub-stroke0189,0
train/LVO/p149_sub-stroke0189/selected_ncct/026.jpg,sub-stroke0189,0
train/LVO/p149_sub-stroke0189/selected_ncct/027.jpg,sub-stroke0189,0
train/LVO/p149_sub-stroke0189/selected_ncct/028.jpg,sub-stroke0189,0
train/LVO/p149_sub-stroke0189/selected_ncct/029.jpg,sub-stroke0189,0
train/LVO/p149_sub-stroke0189/selected_ncct/030.jpg,sub-stroke0189,0
train/LVO/p149_sub-stroke0189/selected_ncct/031.jpg,sub-stroke0189,0
train/LVO/p149_sub-stroke0189/selected_ncct/032.jpg,sub-stroke0189,0
train/LVO/p149_sub-stroke0189/selected_ncct/033.jpg,sub-stroke0189,0
train/LVO/p149_sub-stroke0189/selected_ncct/034.jpg,sub-stroke0189,0
train/LVO/p149_sub-stroke0189/selected_ncct/035.jpg,sub-stroke0189,0
train/LVO/p149_sub-stroke0189/selected_ncct/036.jpg,sub-stroke0189,0
train/LVO/p149_sub-stroke0189/selected_ncct/037.jpg,sub-stroke0189,0
train/LVO/p149_sub-stroke0189/selected_ncct/038.jpg,sub-stroke0189,0
train/LVO/p149_sub-stroke0189/selected_ncct/039.jpg,sub-stroke0189,0
train/LVO/p149_sub-stroke0189/selected_ncct/040.jpg,sub-stroke0189,0
train/LVO/p149_sub-stroke0189/selected_ncct/041.jpg,sub-stroke0189,0
train/LVO/p149_sub-stroke0189/selected_ncct/042.jpg,sub-stroke0189,0
train/LVO/p149_sub-stroke0189/selected_ncct/043.jpg,sub-stroke0189,0
train/LVO/p149_sub-stroke0189/selected_ncct/044.jpg,sub-stroke0189,0
train/LVO/p149_sub-stroke0189/selected_ncct/045.jpg,sub-stroke0189,0
train/LVO/p149_sub-stroke0189/selected_ncct/046.jpg,sub-stroke0189,0
train/LVO/p149_sub-stroke0189/selected_ncct/047.jpg,sub-stroke0189,0
train/LVO/p149_sub-stroke0189/selected_ncct/048.jpg,sub-stroke0189,0
train/LVO/p149_sub-stroke0189/selected_ncct/049.jpg,sub-stroke0189,0
train/LVO/p149_sub-stroke0189/selected_ncct/050.jpg,sub-stroke0189,0
train/LVO/p149_sub-stroke0189/selected_ncct/051.jpg,sub-stroke0189,0
train/LVO/p149_sub-stroke0189/selected_ncct/052.jpg,sub-stroke0189,0
train/LVO/p149_sub-stroke0189/selected_ncct/053.jpg,sub-stroke0189,0
train/LVO/p149_sub-stroke0189/selected_ncct/054.jpg,sub-stroke0189,0
train/LVO/p149_sub-stroke0189/selected_ncct/055.jpg,sub-stroke0189,0
train/LVO/p149_sub-stroke0189/selected_ncct/061.jpg,sub-stroke0189,0
train/LVO/p149_sub-stroke0189/selected_ncct/062.jpg,sub-stroke0189,0
train/LVO/p149_sub-stroke0189/selected_ncct/063.jpg,sub-stroke0189,0
train/LVO/p14_sub-stroke0014/selected_ncct/018.jpg,sub-stroke0014,0
train/LVO/p14_sub-stroke0014/selected_ncct/019.jpg,sub-stroke0014,0
train/LVO/p14_sub-stroke0014/selected_ncct/020.jpg,sub-stroke0014,0
train/LVO/p14_sub-stroke0014/selected_ncct/021.jpg,sub-stroke0014,0
train/LVO/p14_sub-stroke0014/selected_ncct/022.jpg,sub-stroke0014,0
train/LVO/p14_sub-stroke0014/selected_ncct/023.jpg,sub-stroke0014,0
train/LVO/p14_sub-stroke0014/selected_ncct/025.jpg,sub-stroke0014,0
train/LVO/p14_sub-stroke0014/selected_ncct/026.jpg,sub-stroke0014,0
train/LVO/p14_sub-stroke0014/selected_ncct/027.jpg,sub-stroke0014,0
train/LVO/p14_sub-stroke0014/selected_ncct/028.jpg,sub-stroke0014,0
train/LVO/p14_sub-stroke0014/selected_ncct/029.jpg,sub-stroke0014,0
train/LVO/p14_sub-stroke0014/selected_ncct/030.jpg,sub-stroke0014,0
train/LVO/p14_sub-stroke0014/selected_ncct/031.jpg,sub-stroke0014,0
train/LVO/p14_sub-stroke0014/selected_ncct/032.jpg,sub-stroke0014,0
train/LVO/p14_sub-stroke0014/selected_ncct/033.jpg,sub-stroke0014,0
train/LVO/p14_sub-stroke0014/selected_ncct/034.jpg,sub-stroke0014,0
train/LVO/p14_sub-stroke0014/selected_ncct/035.jpg,sub-stroke0014,0
train/LVO/p14_sub-stroke0014/selected_ncct/036.jpg,sub-stroke0014,0
train/LVO/p14_sub-stroke0014/selected_ncct/037.jpg,sub-stroke0014,0
train/LVO/p14_sub-stroke0014/selected_ncct/038.jpg,sub-stroke0014,0
train/LVO/p14_sub-stroke0014/selected_ncct/039.jpg,sub-stroke0014,0
train/LVO/p14_sub-stroke0014/selected_ncct/040.jpg,sub-stroke0014,0
train/LVO/p14_sub-stroke0014/selected_ncct/041.jpg,sub-stroke0014,0
train/LVO/p14_sub-stroke0014/selected_ncct/042.jpg,sub-stroke0014,0
train/LVO/p14_sub-stroke0014/selected_ncct/043.jpg,sub-stroke0014,0
train/LVO/p14_sub-stroke0014/selected_ncct/044.jpg,sub-stroke0014,0
train/LVO/p14_sub-stroke0014/selected_ncct/045.jpg,sub-stroke0014,0
train/LVO/p14_sub-stroke0014/selected_ncct/046.jpg,sub-stroke0014,0
train/LVO/p14_sub-stroke0014/selected_ncct/047.jpg,sub-stroke0014,0
train/LVO/p14_sub-stroke0014/selected_ncct/048.jpg,sub-stroke0014,0
train/LVO/p14_sub-stroke0014/selected_ncct/049.jpg,sub-stroke0014,0
train/LVO/p14_sub-stroke0014/selected_ncct/050.jpg,sub-stroke0014,0
train/LVO/p14_sub-stroke0014/selected_ncct/051.jpg,sub-stroke0014,0
train/LVO/p14_sub-stroke0014/selected_ncct/052.jpg,sub-stroke0014,0
train/LVO/p14_sub-stroke0014/selected_ncct/053.jpg,sub-stroke0014,0
train/LVO/p14_sub-stroke0014/selected_ncct/054.jpg,sub-stroke0014,0
train/LVO/p14_sub-stroke0014/selected_ncct/055.jpg,sub-stroke0014,0
train/LVO/p14_sub-stroke0014/selected_ncct/056.jpg,sub-stroke0014,0
train/LVO/p14_sub-stroke0014/selected_ncct/057.jpg,sub-stroke0014,0
train/LVO/p14_sub-stroke0014/selected_ncct/058.jpg,sub-stroke0014,0
train/LVO/p14_sub-stroke0014/selected_ncct/059.jpg,sub-stroke0014,0
train/LVO/p14_sub-stroke0014/selected_ncct/060.jpg,sub-stroke0014,0
train/LVO/p14_sub-stroke0014/selected_ncct/061.jpg,sub-stroke0014,0
train/LVO/p14_sub-stroke0014/selected_ncct/062.jpg,sub-stroke0014,0
train/LVO/p14_sub-stroke0014/selected_ncct/063.jpg,sub-stroke0014,0
train/LVO/p15_sub-stroke0015/selected_ncct/029.jpg,sub-stroke0015,1
train/LVO/p15_sub-stroke0015/selected_ncct/030.jpg,sub-stroke0015,1
train/LVO/p15_sub-stroke0015/selected_ncct/031.jpg,sub-stroke0015,1
train/LVO/p15_sub-stroke0015/selected_ncct/032.jpg,sub-stroke0015,1
train/LVO/p15_sub-stroke0015/selected_ncct/033.jpg,sub-stroke0015,1
train/LVO/p15_sub-stroke0015/selected_ncct/034.jpg,sub-stroke0015,1
train/LVO/p15_sub-stroke0015/selected_ncct/035.jpg,sub-stroke0015,1
train/LVO/p15_sub-stroke0015/selected_ncct/036.jpg,sub-stroke0015,1
train/LVO/p15_sub-stroke0015/selected_ncct/037.jpg,sub-stroke0015,1
train/LVO/p15_sub-stroke0015/selected_ncct/038.jpg,sub-stroke0015,1
train/LVO/p15_sub-stroke0015/selected_ncct/039.jpg,sub-stroke0015,1
train/LVO/p15_sub-stroke0015/selected_ncct/040.jpg,sub-stroke0015,1
train/LVO/p16_sub-stroke0016/selected_ncct/038.jpg,sub-stroke0016,1
train/LVO/p16_sub-stroke0016/selected_ncct/039.jpg,sub-stroke0016,1
train/LVO/p16_sub-stroke0016/selected_ncct/040.jpg,sub-stroke0016,1
train/LVO/p16_sub-stroke0016/selected_ncct/041.jpg,sub-stroke0016,1
train/LVO/p16_sub-stroke0016/selected_ncct/042.jpg,sub-stroke0016,1
train/LVO/p16_sub-stroke0016/selected_ncct/043.jpg,sub-stroke0016,1
train/LVO/p16_sub-stroke0016/selected_ncct/044.jpg,sub-stroke0016,1
train/LVO/p16_sub-stroke0016/selected_ncct/045.jpg,sub-stroke0016,1
train/LVO/p16_sub-stroke0016/selected_ncct/046.jpg,sub-stroke0016,1
train/LVO/p16_sub-stroke0016/selected_ncct/047.jpg,sub-stroke0016,1
train/LVO/p16_sub-stroke0016/selected_ncct/048.jpg,sub-stroke0016,1
train/LVO/p16_sub-stroke0016/selected_ncct/049.jpg,sub-stroke0016,1
train/LVO/p16_sub-stroke0016/selected_ncct/050.jpg,sub-stroke0016,1
train/LVO/p16_sub-stroke0016/selected_ncct/051.jpg,sub-stroke0016,1
train/LVO/p16_sub-stroke0016/selected_ncct/052.jpg,sub-stroke0016,1
train/LVO/p16_sub-stroke0016/selected_ncct/053.jpg,sub-stroke0016,1
train/LVO/p16_sub-stroke0016/selected_ncct/054.jpg,sub-stroke0016,1
train/LVO/p16_sub-stroke0016/selected_ncct/055.jpg,sub-stroke0016,1
train/LVO/p16_sub-stroke0016/selected_ncct/056.jpg,sub-stroke0016,1
train/LVO/p16_sub-stroke0016/selected_ncct/057.jpg,sub-stroke0016,1
train/LVO/p16_sub-stroke0016/selected_ncct/058.jpg,sub-stroke0016,1
train/LVO/p16_sub-stroke0016/selected_ncct/059.jpg,sub-stroke0016,1
train/LVO/p16_sub-stroke0016/selected_ncct/060.jpg,sub-stroke0016,1
train/LVO/p16_sub-stroke0016/selected_ncct/061.jpg,sub-stroke0016,1
train/LVO/p16_sub-stroke0016/selected_ncct/062.jpg,sub-stroke0016,1
train/LVO/p16_sub-stroke0016/selected_ncct/063.jpg,sub-stroke0016,1
train/LVO/p16_sub-stroke0016/selected_ncct/064.jpg,sub-stroke0016,1
train/LVO/p16_sub-stroke0016/selected_ncct/065.jpg,sub-stroke0016,1
train/LVO/p17_sub-stroke0017/selected_ncct/017.jpg,sub-stroke0017,0
train/LVO/p17_sub-stroke0017/selected_ncct/018.jpg,sub-stroke0017,0
train/LVO/p17_sub-stroke0017/selected_ncct/019.jpg,sub-stroke0017,0
train/LVO/p17_sub-stroke0017/selected_ncct/020.jpg,sub-stroke0017,0
train/LVO/p17_sub-stroke0017/selected_ncct/021.jpg,sub-stroke0017,0
train/LVO/p17_sub-stroke0017/selected_ncct/022.jpg,sub-stroke0017,0
train/LVO/p17_sub-stroke0017/selected_ncct/023.jpg,sub-stroke0017,0
train/LVO/p17_sub-stroke0017/selected_ncct/024.jpg,sub-stroke0017,0
train/LVO/p17_sub-stroke0017/selected_ncct/025.jpg,sub-stroke0017,0
train/LVO/p17_sub-stroke0017/selected_ncct/026.jpg,sub-stroke0017,0
train/LVO/p17_sub-stroke0017/selected_ncct/027.jpg,sub-stroke0017,0
train/LVO/p17_sub-stroke0017/selected_ncct/028.jpg,sub-stroke0017,0
train/LVO/p17_sub-stroke0017/selected_ncct/029.jpg,sub-stroke0017,0
train/LVO/p17_sub-stroke0017/selected_ncct/030.jpg,sub-stroke0017,0
train/LVO/p17_sub-stroke0017/selected_ncct/031.jpg,sub-stroke0017,0
train/LVO/p17_sub-stroke0017/selected_ncct/032.jpg,sub-stroke0017,0
train/LVO/p17_sub-stroke0017/selected_ncct/033.jpg,sub-stroke0017,0
train/LVO/p17_sub-stroke0017/selected_ncct/034.jpg,sub-stroke0017,0
train/LVO/p17_sub-stroke0017/selected_ncct/035.jpg,sub-stroke0017,0
train/LVO/p17_sub-stroke0017/selected_ncct/036.jpg,sub-stroke0017,0
train/LVO/p17_sub-stroke0017/selected_ncct/037.jpg,sub-stroke0017,0
train/LVO/p17_sub-stroke0017/selected_ncct/038.jpg,sub-stroke0017,0
train/LVO/p17_sub-stroke0017/selected_ncct/039.jpg,sub-stroke0017,0
train/LVO/p17_sub-stroke0017/selected_ncct/040.jpg,sub-stroke0017,0
train/LVO/p17_sub-stroke0017/selected_ncct/041.jpg,sub-stroke0017,0
train/LVO/p17_sub-stroke0017/selected_ncct/042.jpg,sub-stroke0017,0
train/LVO/p17_sub-stroke0017/selected_ncct/043.jpg,sub-stroke0017,0
train/LVO/p17_sub-stroke0017/selected_ncct/044.jpg,sub-stroke0017,0
train/LVO/p17_sub-stroke0017/selected_ncct/045.jpg,sub-stroke0017,0
train/LVO/p17_sub-stroke0017/selected_ncct/046.jpg,sub-stroke0017,0
train/LVO/p17_sub-stroke0017/selected_ncct/047.jpg,sub-stroke0017,0
train/LVO/p17_sub-stroke0017/selected_ncct/048.jpg,sub-stroke0017,0
train/LVO/p17_sub-stroke0017/selected_ncct/049.jpg,sub-stroke0017,0
train/LVO/p17_sub-stroke0017/selected_ncct/050.jpg,sub-stroke0017,0
train/LVO/p17_sub-stroke0017/selected_ncct/051.jpg,sub-stroke0017,0
train/LVO/p17_sub-stroke0017/selected_ncct/052.jpg,sub-stroke0017,0
train/LVO/p17_sub-stroke0017/selected_ncct/053.jpg,sub-stroke0017,0
train/LVO/p17_sub-stroke0017/selected_ncct/054.jpg,sub-stroke0017,0
train/LVO/p17_sub-stroke0017/selected_ncct/055.jpg,sub-stroke0017,0
train/LVO/p17_sub-stroke0017/selected_ncct/056.jpg,sub-stroke0017,0
train/LVO/p17_sub-stroke0017/selected_ncct/057.jpg,sub-stroke0017,0
train/LVO/p17_sub-stroke0017/selected_ncct/058.jpg,sub-stroke0017,0
train/LVO/p18_sub-stroke0019/selected_ncct/026.jpg,sub-stroke0019,0
train/LVO/p18_sub-stroke0019/selected_ncct/027.jpg,sub-stroke0019,0
train/LVO/p18_sub-stroke0019/selected_ncct/028.jpg,sub-stroke0019,0
train/LVO/p18_sub-stroke0019/selected_ncct/029.jpg,sub-stroke0019,0
train/LVO/p18_sub-stroke0019/selected_ncct/030.jpg,sub-stroke0019,0
train/LVO/p18_sub-stroke0019/selected_ncct/031.jpg,sub-stroke0019,0
train/LVO/p18_sub-stroke0019/selected_ncct/032.jpg,sub-stroke0019,0
train/LVO/p18_sub-stroke0019/selected_ncct/033.jpg,sub-stroke0019,0
train/LVO/p18_sub-stroke0019/selected_ncct/034.jpg,sub-stroke0019,0
train/LVO/p18_sub-stroke0019/selected_ncct/035.jpg,sub-stroke0019,0
train/LVO/p18_sub-stroke0019/selected_ncct/036.jpg,sub-stroke0019,0
train/LVO/p18_sub-stroke0019/selected_ncct/037.jpg,sub-stroke0019,0
train/LVO/p18_sub-stroke0019/selected_ncct/038.jpg,sub-stroke0019,0
train/LVO/p18_sub-stroke0019/selected_ncct/039.jpg,sub-stroke0019,0
train/LVO/p18_sub-stroke0019/selected_ncct/040.jpg,sub-stroke0019,0
train/LVO/p18_sub-stroke0019/selected_ncct/041.jpg,sub-stroke0019,0
train/LVO/p18_sub-stroke0019/selected_ncct/042.jpg,sub-stroke0019,0
train/LVO/p18_sub-stroke0019/selected_ncct/043.jpg,sub-stroke0019,0
train/LVO/p18_sub-stroke0019/selected_ncct/044.jpg,sub-stroke0019,0
train/LVO/p18_sub-stroke0019/selected_ncct/045.jpg,sub-stroke0019,0
train/LVO/p18_sub-stroke0019/selected_ncct/046.jpg,sub-stroke0019,0
train/LVO/p18_sub-stroke0019/selected_ncct/047.jpg,sub-stroke0019,0
train/LVO/p18_sub-stroke0019/selected_ncct/048.jpg,sub-stroke0019,0
train/LVO/p18_sub-stroke0019/selected_ncct/049.jpg,sub-stroke0019,0
train/LVO/p18_sub-stroke0019/selected_ncct/050.jpg,sub-stroke0019,0
train/LVO/p18_sub-stroke0019/selected_ncct/051.jpg,sub-stroke0019,0
train/LVO/p18_sub-stroke0019/selected_ncct/052.jpg,sub-stroke0019,0
train/LVO/p18_sub-stroke0019/selected_ncct/054.jpg,sub-stroke0019,0
train/LVO/p18_sub-stroke0019/selected_ncct/055.jpg,sub-stroke0019,0
train/LVO/p18_sub-stroke0019/selected_ncct/056.jpg,sub-stroke0019,0
train/LVO/p18_sub-stroke0019/selected_ncct/057.jpg,sub-stroke0019,0
train/LVO/p18_sub-stroke0019/selected_ncct/060.jpg,sub-stroke0019,0
train/LVO/p18_sub-stroke0019/selected_ncct/061.jpg,sub-stroke0019,0
train/LVO/p18_sub-stroke0019/selected_ncct/062.jpg,sub-stroke0019,0
train/LVO/p19_sub-stroke0020/selected_ncct/032.jpg,sub-stroke0020,0
train/LVO/p19_sub-stroke0020/selected_ncct/033.jpg,sub-stroke0020,0
train/LVO/p19_sub-stroke0020/selected_ncct/034.jpg,sub-stroke0020,0
train/LVO/p19_sub-stroke0020/selected_ncct/035.jpg,sub-stroke0020,0
train/LVO/p19_sub-stroke0020/selected_ncct/036.jpg,sub-stroke0020,0
train/LVO/p19_sub-stroke0020/selected_ncct/037.jpg,sub-stroke0020,0
train/LVO/p19_sub-stroke0020/selected_ncct/038.jpg,sub-stroke0020,0
train/LVO/p19_sub-stroke0020/selected_ncct/039.jpg,sub-stroke0020,0
train/LVO/p19_sub-stroke0020/selected_ncct/040.jpg,sub-stroke0020,0
train/LVO/p19_sub-stroke0020/selected_ncct/041.jpg,sub-stroke0020,0
train/LVO/p19_sub-stroke0020/selected_ncct/042.jpg,sub-stroke0020,0
train/LVO/p19_sub-stroke0020/selected_ncct/044.jpg,sub-stroke0020,0
train/LVO/p19_sub-stroke0020/selected_ncct/045.jpg,sub-stroke0020,0
train/LVO/p19_sub-stroke0020/selected_ncct/046.jpg,sub-stroke0020,0
train/LVO/p19_sub-stroke0020/selected_ncct/047.jpg,sub-stroke0020,0
train/LVO/p19_sub-stroke0020/selected_ncct/048.jpg,sub-stroke0020,0
train/LVO/p19_sub-stroke0020/selected_ncct/049.jpg,sub-stroke0020,0
train/LVO/p19_sub-stroke0020/selected_ncct/050.jpg,sub-stroke0020,0
train/LVO/p19_sub-stroke0020/selected_ncct/051.jpg,sub-stroke0020,0
train/LVO/p19_sub-stroke0020/selected_ncct/054.jpg,sub-stroke0020,0
train/LVO/p19_sub-stroke0020/selected_ncct/055.jpg,sub-stroke0020,0
train/LVO/p19_sub-stroke0020/selected_ncct/062.jpg,sub-stroke0020,0
train/LVO/p19_sub-stroke0020/selected_ncct/063.jpg,sub-stroke0020,0
train/LVO/p19_sub-stroke0020/selected_ncct/064.jpg,sub-stroke0020,0
train/LVO/p19_sub-stroke0020/selected_ncct/065.jpg,sub-stroke0020,0
train/LVO/p1_sub-stroke0001/selected_ncct/012.jpg,sub-stroke0001,1
train/LVO/p1_sub-stroke0001/selected_ncct/013.jpg,sub-stroke0001,1
train/LVO/p1_sub-stroke0001/selected_ncct/014.jpg,sub-stroke0001,1
train/LVO/p1_sub-stroke0001/selected_ncct/015.jpg,sub-stroke0001,1
train/LVO/p1_sub-stroke0001/selected_ncct/016.jpg,sub-stroke0001,1
train/LVO/p1_sub-stroke0001/selected_ncct/017.jpg,sub-stroke0001,1
train/LVO/p1_sub-stroke0001/selected_ncct/018.jpg,sub-stroke0001,1
train/LVO/p1_sub-stroke0001/selected_ncct/019.jpg,sub-stroke0001,1
train/LVO/p1_sub-stroke0001/selected_ncct/020.jpg,sub-stroke0001,1
train/LVO/p1_sub-stroke0001/selected_ncct/022.jpg,sub-stroke0001,1
train/LVO/p1_sub-stroke0001/selected_ncct/023.jpg,sub-stroke0001,1
train/LVO/p1_sub-stroke0001/selected_ncct/024.jpg,sub-stroke0001,1
train/LVO/p1_sub-stroke0001/selected_ncct/025.jpg,sub-stroke0001,1
train/LVO/p1_sub-stroke0001/selected_ncct/026.jpg,sub-stroke0001,1
train/LVO/p1_sub-stroke0001/selected_ncct/030.jpg,sub-stroke0001,1
train/LVO/p1_sub-stroke0001/selected_ncct/031.jpg,sub-stroke0001,1
train/LVO/p1_sub-stroke0001/selected_ncct/032.jpg,sub-stroke0001,1
train/LVO/p1_sub-stroke0001/selected_ncct/033.jpg,sub-stroke0001,1
train/LVO/p1_sub-stroke0001/selected_ncct/034.jpg,sub-stroke0001,1
train/LVO/p1_sub-stroke0001/selected_ncct/035.jpg,sub-stroke0001,1
train/LVO/p1_sub-stroke0001/selected_ncct/036.jpg,sub-stroke0001,1
train/LVO/p1_sub-stroke0001/selected_ncct/037.jpg,sub-stroke0001,1
train/LVO/p1_sub-stroke0001/selected_ncct/038.jpg,sub-stroke0001,1
train/LVO/p1_sub-stroke0001/selected_ncct/041.jpg,sub-stroke0001,1
train/LVO/p1_sub-stroke0001/selected_ncct/042.jpg,sub-stroke0001,1
train/LVO/p1_sub-stroke0001/selected_ncct/043.jpg,sub-stroke0001,1
train/LVO/p1_sub-stroke0001/selected_ncct/044.jpg,sub-stroke0001,1
train/LVO/p1_sub-stroke0001/selected_ncct/045.jpg,sub-stroke0001,1
train/LVO/p1_sub-stroke0001/selected_ncct/046.jpg,sub-stroke0001,1
train/LVO/p1_sub-stroke0001/selected_ncct/047.jpg,sub-stroke0001,1
train/LVO/p1_sub-stroke0001/selected_ncct/048.jpg,sub-stroke0001,1
train/LVO/p1_sub-stroke0001/selected_ncct/049.jpg,sub-stroke0001,1
train/LVO/p1_sub-stroke0001/selected_ncct/050.jpg,sub-stroke0001,1
train/LVO/p1_sub-stroke0001/selected_ncct/051.jpg,sub-stroke0001,1
train/LVO/p1_sub-stroke0001/selected_ncct/052.jpg,sub-stroke0001,1
train/LVO/p1_sub-stroke0001/selected_ncct/053.jpg,sub-stroke0001,1
train/LVO/p21_sub-stroke0022/selected_ncct/025.jpg,sub-stroke0022,0
train/LVO/p21_sub-stroke0022/selected_ncct/027.jpg,sub-stroke0022,0
train/LVO/p21_sub-stroke0022/selected_ncct/028.jpg,sub-stroke0022,0
train/LVO/p21_sub-stroke0022/selected_ncct/029.jpg,sub-stroke0022,0
train/LVO/p21_sub-stroke0022/selected_ncct/030.jpg,sub-stroke0022,0
train/LVO/p21_sub-stroke0022/selected_ncct/031.jpg,sub-stroke0022,0
train/LVO/p21_sub-stroke0022/selected_ncct/032.jpg,sub-stroke0022,0
train/LVO/p21_sub-stroke0022/selected_ncct/033.jpg,sub-stroke0022,0
train/LVO/p21_sub-stroke0022/selected_ncct/034.jpg,sub-stroke0022,0
train/LVO/p21_sub-stroke0022/selected_ncct/035.jpg,sub-stroke0022,0
train/LVO/p21_sub-stroke0022/selected_ncct/036.jpg,sub-stroke0022,0
train/LVO/p21_sub-stroke0022/selected_ncct/037.jpg,sub-stroke0022,0
train/LVO/p21_sub-stroke0022/selected_ncct/038.jpg,sub-stroke0022,0
train/LVO/p21_sub-stroke0022/selected_ncct/039.jpg,sub-stroke0022,0
train/LVO/p21_sub-stroke0022/selected_ncct/040.jpg,sub-stroke0022,0
train/LVO/p21_sub-stroke0022/selected_ncct/041.jpg,sub-stroke0022,0
train/LVO/p21_sub-stroke0022/selected_ncct/042.jpg,sub-stroke0022,0
train/LVO/p21_sub-stroke0022/selected_ncct/043.jpg,sub-stroke0022,0
train/LVO/p21_sub-stroke0022/selected_ncct/044.jpg,sub-stroke0022,0
train/LVO/p21_sub-stroke0022/selected_ncct/045.jpg,sub-stroke0022,0
train/LVO/p21_sub-stroke0022/selected_ncct/046.jpg,sub-stroke0022,0
train/LVO/p21_sub-stroke0022/selected_ncct/047.jpg,sub-stroke0022,0
train/LVO/p21_sub-stroke0022/selected_ncct/048.jpg,sub-stroke0022,0
train/LVO/p21_sub-stroke0022/selected_ncct/053.jpg,sub-stroke0022,0
train/LVO/p22_sub-stroke0025/selected_ncct/015.jpg,sub-stroke0025,0
train/LVO/p22_sub-stroke0025/selected_ncct/017.jpg,sub-stroke0025,0
train/LVO/p22_sub-stroke0025/selected_ncct/018.jpg,sub-stroke0025,0
train/LVO/p22_sub-stroke0025/selected_ncct/019.jpg,sub-stroke0025,0
train/LVO/p22_sub-stroke0025/selected_ncct/020.jpg,sub-stroke0025,0
train/LVO/p22_sub-stroke0025/selected_ncct/021.jpg,sub-stroke0025,0
train/LVO/p22_sub-stroke0025/selected_ncct/022.jpg,sub-stroke0025,0
train/LVO/p22_sub-stroke0025/selected_ncct/023.jpg,sub-stroke0025,0
train/LVO/p22_sub-stroke0025/selected_ncct/024.jpg,sub-stroke0025,0
train/LVO/p22_sub-stroke0025/selected_ncct/025.jpg,sub-stroke0025,0
train/LVO/p22_sub-stroke0025/selected_ncct/026.jpg,sub-stroke0025,0
train/LVO/p22_sub-stroke0025/selected_ncct/027.jpg,sub-stroke0025,0
train/LVO/p22_sub-stroke0025/selected_ncct/028.jpg,sub-stroke0025,0
train/LVO/p22_sub-stroke0025/selected_ncct/029.jpg,sub-stroke0025,0
train/LVO/p22_sub-stroke0025/selected_ncct/030.jpg,sub-stroke0025,0
train/LVO/p22_sub-stroke0025/selected_ncct/031.jpg,sub-stroke0025,0
train/LVO/p22_sub-stroke0025/selected_ncct/032.jpg,sub-stroke0025,0
train/LVO/p22_sub-stroke0025/selected_ncct/033.jpg,sub-stroke0025,0
train/LVO/p22_sub-stroke0025/selected_ncct/034.jpg,sub-stroke0025,0
train/LVO/p22_sub-stroke0025/selected_ncct/035.jpg,sub-stroke0025,0
train/LVO/p22_sub-stroke0025/selected_ncct/036.jpg,sub-stroke0025,0
train/LVO/p22_sub-stroke0025/selected_ncct/037.jpg,sub-stroke0025,0
train/LVO/p22_sub-stroke0025/selected_ncct/038.jpg,sub-stroke0025,0
train/LVO/p22_sub-stroke0025/selected_ncct/039.jpg,sub-stroke0025,0
train/LVO/p22_sub-stroke0025/selected_ncct/040.jpg,sub-stroke0025,0
train/LVO/p22_sub-stroke0025/selected_ncct/041.jpg,sub-stroke0025,0
train/LVO/p22_sub-stroke0025/selected_ncct/042.jpg,sub-stroke0025,0
train/LVO/p22_sub-stroke0025/selected_ncct/043.jpg,sub-stroke0025,0
train/LVO/p22_sub-stroke0025/selected_ncct/044.jpg,sub-stroke0025,0
train/LVO/p22_sub-stroke0025/selected_ncct/045.jpg,sub-stroke0025,0
train/LVO/p22_sub-stroke0025/selected_ncct/046.jpg,sub-stroke0025,0
train/LVO/p22_sub-stroke0025/selected_ncct/047.jpg,sub-stroke0025,0
train/LVO/p22_sub-stroke0025/selected_ncct/048.jpg,sub-stroke0025,0
train/LVO/p22_sub-stroke0025/selected_ncct/049.jpg,sub-stroke0025,0
train/LVO/p22_sub-stroke0025/selected_ncct/050.jpg,sub-stroke0025,0
train/LVO/p22_sub-stroke0025/selected_ncct/051.jpg,sub-stroke0025,0
train/LVO/p22_sub-stroke0025/selected_ncct/052.jpg,sub-stroke0025,0
train/LVO/p22_sub-stroke0025/selected_ncct/053.jpg,sub-stroke0025,0
train/LVO/p23_sub-stroke0026/selected_ncct/023.jpg,sub-stroke0026,1
train/LVO/p23_sub-stroke0026/selected_ncct/024.jpg,sub-stroke0026,1
train/LVO/p23_sub-stroke0026/selected_ncct/025.jpg,sub-stroke0026,1
train/LVO/p23_sub-stroke0026/selected_ncct/026.jpg,sub-stroke0026,1
train/LVO/p23_sub-stroke0026/selected_ncct/027.jpg,sub-stroke0026,1
train/LVO/p23_sub-stroke0026/selected_ncct/028.jpg,sub-stroke0026,1
train/LVO/p23_sub-stroke0026/selected_ncct/029.jpg,sub-stroke0026,1
train/LVO/p23_sub-stroke0026/selected_ncct/030.jpg,sub-stroke0026,1
train/LVO/p23_sub-stroke0026/selected_ncct/031.jpg,sub-stroke0026,1
train/LVO/p23_sub-stroke0026/selected_ncct/032.jpg,sub-stroke0026,1
train/LVO/p23_sub-stroke0026/selected_ncct/033.jpg,sub-stroke0026,1
train/LVO/p23_sub-stroke0026/selected_ncct/034.jpg,sub-stroke0026,1
train/LVO/p23_sub-stroke0026/selected_ncct/035.jpg,sub-stroke0026,1
train/LVO/p23_sub-stroke0026/selected_ncct/036.jpg,sub-stroke0026,1
train/LVO/p23_sub-stroke0026/selected_ncct/037.jpg,sub-stroke0026,1
train/LVO/p23_sub-stroke0026/selected_ncct/038.jpg,sub-stroke0026,1
train/LVO/p23_sub-stroke0026/selected_ncct/039.jpg,sub-stroke0026,1
train/LVO/p23_sub-stroke0026/selected_ncct/040.jpg,sub-stroke0026,1
train/LVO/p23_sub-stroke0026/selected_ncct/041.jpg,sub-stroke0026,1
train/LVO/p23_sub-stroke0026/selected_ncct/042.jpg,sub-stroke0026,1
train/LVO/p23_sub-stroke0026/selected_ncct/043.jpg,sub-stroke0026,1
train/LVO/p23_sub-stroke0026/selected_ncct/044.jpg,sub-stroke0026,1
train/LVO/p23_sub-stroke0026/selected_ncct/045.jpg,sub-stroke0026,1
train/LVO/p23_sub-stroke0026/selected_ncct/046.jpg,sub-stroke0026,1
train/LVO/p23_sub-stroke0026/selected_ncct/047.jpg,sub-stroke0026,1
train/LVO/p23_sub-stroke0026/selected_ncct/048.jpg,sub-stroke0026,1
train/LVO/p23_sub-stroke0026/selected_ncct/049.jpg,sub-stroke0026,1
train/LVO/p23_sub-stroke0026/selected_ncct/050.jpg,sub-stroke0026,1
train/LVO/p23_sub-stroke0026/selected_ncct/051.jpg,sub-stroke0026,1
train/LVO/p23_sub-stroke0026/selected_ncct/052.jpg,sub-stroke0026,1
train/LVO/p23_sub-stroke0026/selected_ncct/053.jpg,sub-stroke0026,1
train/LVO/p23_sub-stroke0026/selected_ncct/054.jpg,sub-stroke0026,1
train/LVO/p23_sub-stroke0026/selected_ncct/055.jpg,sub-stroke0026,1
train/LVO/p23_sub-stroke0026/selected_ncct/056.jpg,sub-stroke0026,1
train/LVO/p23_sub-stroke0026/selected_ncct/057.jpg,sub-stroke0026,1
train/LVO/p23_sub-stroke0026/selected_ncct/058.jpg,sub-stroke0026,1
train/LVO/p23_sub-stroke0026/selected_ncct/059.jpg,sub-stroke0026,1
train/LVO/p23_sub-stroke0026/selected_ncct/060.jpg,sub-stroke0026,1
train/LVO/p26_sub-stroke0030/selected_ncct/019.jpg,sub-stroke0030,1
train/LVO/p26_sub-stroke0030/selected_ncct/020.jpg,sub-stroke0030,1
train/LVO/p26_sub-stroke0030/selected_ncct/021.jpg,sub-stroke0030,1
train/LVO/p26_sub-stroke0030/selected_ncct/022.jpg,sub-stroke0030,1
train/LVO/p26_sub-stroke0030/selected_ncct/023.jpg,sub-stroke0030,1
train/LVO/p26_sub-stroke0030/selected_ncct/024.jpg,sub-stroke0030,1
train/LVO/p26_sub-stroke0030/selected_ncct/025.jpg,sub-stroke0030,1
train/LVO/p26_sub-stroke0030/selected_ncct/026.jpg,sub-stroke0030,1
train/LVO/p26_sub-stroke0030/selected_ncct/027.jpg,sub-stroke0030,1
train/LVO/p26_sub-stroke0030/selected_ncct/028.jpg,sub-stroke0030,1
train/LVO/p26_sub-stroke0030/selected_ncct/029.jpg,sub-stroke0030,1
train/LVO/p26_sub-stroke0030/selected_ncct/030.jpg,sub-stroke0030,1
train/LVO/p26_sub-stroke0030/selected_ncct/031.jpg,sub-stroke0030,1
train/LVO/p26_sub-stroke0030/selected_ncct/032.jpg,sub-stroke0030,1
train/LVO/p26_sub-stroke0030/selected_ncct/033.jpg,sub-stroke0030,1
train/LVO/p26_sub-stroke0030/selected_ncct/034.jpg,sub-stroke0030,1
train/LVO/p26_sub-stroke0030/selected_ncct/035.jpg,sub-stroke0030,1
train/LVO/p26_sub-stroke0030/selected_ncct/036.jpg,sub-stroke0030,1
train/LVO/p26_sub-stroke0030/selected_ncct/037.jpg,sub-stroke0030,1
train/LVO/p26_sub-stroke0030/selected_ncct/038.jpg,sub-stroke0030,1
train/LVO/p26_sub-stroke0030/selected_ncct/039.jpg,sub-stroke0030,1
train/LVO/p27_sub-stroke0033/selected_ncct/018.jpg,sub-stroke0033,1
train/LVO/p27_sub-stroke0033/selected_ncct/019.jpg,sub-stroke0033,1
train/LVO/p27_sub-stroke0033/selected_ncct/020.jpg,sub-stroke0033,1
train/LVO/p27_sub-stroke0033/selected_ncct/021.jpg,sub-stroke0033,1
train/LVO/p27_sub-stroke0033/selected_ncct/022.jpg,sub-stroke0033,1
train/LVO/p27_sub-stroke0033/selected_ncct/025.jpg,sub-stroke0033,1
train/LVO/p27_sub-stroke0033/selected_ncct/026.jpg,sub-stroke0033,1
train/LVO/p27_sub-stroke0033/selected_ncct/027.jpg,sub-stroke0033,1
train/LVO/p27_sub-stroke0033/selected_ncct/028.jpg,sub-stroke0033,1
train/LVO/p27_sub-stroke0033/selected_ncct/029.jpg,sub-stroke0033,1
train/LVO/p27_sub-stroke0033/selected_ncct/030.jpg,sub-stroke0033,1
train/LVO/p27_sub-stroke0033/selected_ncct/031.jpg,sub-stroke0033,1
train/LVO/p27_sub-stroke0033/selected_ncct/032.jpg,sub-stroke0033,1
train/LVO/p27_sub-stroke0033/selected_ncct/033.jpg,sub-stroke0033,1
train/LVO/p27_sub-stroke0033/selected_ncct/034.jpg,sub-stroke0033,1
train/LVO/p27_sub-stroke0033/selected_ncct/036.jpg,sub-stroke0033,1
train/LVO/p27_sub-stroke0033/selected_ncct/037.jpg,sub-stroke0033,1
train/LVO/p27_sub-stroke0033/selected_ncct/038.jpg,sub-stroke0033,1
train/LVO/p27_sub-stroke0033/selected_ncct/039.jpg,sub-stroke0033,1
train/LVO/p27_sub-stroke0033/selected_ncct/041.jpg,sub-stroke0033,1
train/LVO/p27_sub-stroke0033/selected_ncct/042.jpg,sub-stroke0033,1
train/LVO/p27_sub-stroke0033/selected_ncct/043.jpg,sub-stroke0033,1
train/LVO/p27_sub-stroke0033/selected_ncct/044.jpg,sub-stroke0033,1
train/LVO/p27_sub-stroke0033/selected_ncct/045.jpg,sub-stroke0033,1
train/LVO/p27_sub-stroke0033/selected_ncct/046.jpg,sub-stroke0033,1
train/LVO/p27_sub-stroke0033/selected_ncct/047.jpg,sub-stroke0033,1
train/LVO/p27_sub-stroke0033/selected_ncct/048.jpg,sub-stroke0033,1
train/LVO/p27_sub-stroke0033/selected_ncct/049.jpg,sub-stroke0033,1
train/LVO/p27_sub-stroke0033/selected_ncct/050.jpg,sub-stroke0033,1
train/LVO/p27_sub-stroke0033/selected_ncct/051.jpg,sub-stroke0033,1
train/LVO/p27_sub-stroke0033/selected_ncct/052.jpg,sub-stroke0033,1
train/LVO/p27_sub-stroke0033/selected_ncct/053.jpg,sub-stroke0033,1
train/LVO/p27_sub-stroke0033/selected_ncct/054.jpg,sub-stroke0033,1
train/LVO/p27_sub-stroke0033/selected_ncct/055.jpg,sub-stroke0033,1
train/LVO/p27_sub-stroke0033/selected_ncct/060.jpg,sub-stroke0033,1
train/LVO/p27_sub-stroke0033/selected_ncct/061.jpg,sub-stroke0033,1
train/LVO/p28_sub-stroke0036/selected_ncct/012.jpg,sub-stroke0036,0
train/LVO/p28_sub-stroke0036/selected_ncct/013.jpg,sub-stroke0036,0
train/LVO/p28_sub-stroke0036/selected_ncct/015.jpg,sub-stroke0036,0
train/LVO/p28_sub-stroke0036/selected_ncct/016.jpg,sub-stroke0036,0
train/LVO/p28_sub-stroke0036/selected_ncct/017.jpg,sub-stroke0036,0
train/LVO/p28_sub-stroke0036/selected_ncct/018.jpg,sub-stroke0036,0
train/LVO/p28_sub-stroke0036/selected_ncct/019.jpg,sub-stroke0036,0
train/LVO/p28_sub-stroke0036/selected_ncct/020.jpg,sub-stroke0036,0
train/LVO/p28_sub-stroke0036/selected_ncct/021.jpg,sub-stroke0036,0
train/LVO/p28_sub-stroke0036/selected_ncct/022.jpg,sub-stroke0036,0
train/LVO/p28_sub-stroke0036/selected_ncct/023.jpg,sub-stroke0036,0
train/LVO/p28_sub-stroke0036/selected_ncct/024.jpg,sub-stroke0036,0
train/LVO/p28_sub-stroke0036/selected_ncct/025.jpg,sub-stroke0036,0
train/LVO/p28_sub-stroke0036/selected_ncct/026.jpg,sub-stroke0036,0
train/LVO/p28_sub-stroke0036/selected_ncct/027.jpg,sub-stroke0036,0
train/LVO/p28_sub-stroke0036/selected_ncct/028.jpg,sub-stroke0036,0
train/LVO/p28_sub-stroke0036/selected_ncct/029.jpg,sub-stroke0036,0
train/LVO/p28_sub-stroke0036/selected_ncct/030.jpg,sub-stroke0036,0
train/LVO/p28_sub-stroke0036/selected_ncct/031.jpg,sub-stroke0036,0
train/LVO/p28_sub-stroke0036/selected_ncct/032.jpg,sub-stroke0036,0
train/LVO/p28_sub-stroke0036/selected_ncct/033.jpg,sub-stroke0036,0
train/LVO/p28_sub-stroke0036/selected_ncct/034.jpg,sub-stroke0036,0
train/LVO/p28_sub-stroke0036/selected_ncct/035.jpg,sub-stroke0036,0
train/LVO/p28_sub-stroke0036/selected_ncct/036.jpg,sub-stroke0036,0
train/LVO/p28_sub-stroke0036/selected_ncct/037.jpg,sub-stroke0036,0
train/LVO/p28_sub-stroke0036/selected_ncct/038.jpg,sub-stroke0036,0
train/LVO/p28_sub-stroke0036/selected_ncct/039.jpg,sub-stroke0036,0
train/LVO/p28_sub-stroke0036/selected_ncct/040.jpg,sub-stroke0036,0
train/LVO/p28_sub-stroke0036/selected_ncct/041.jpg,sub-stroke0036,0
train/LVO/p28_sub-stroke0036/selected_ncct/042.jpg,sub-stroke0036,0
train/LVO/p28_sub-stroke0036/selected_ncct/043.jpg,sub-stroke0036,0
train/LVO/p28_sub-stroke0036/selected_ncct/044.jpg,sub-stroke0036,0
train/LVO/p28_sub-stroke0036/selected_ncct/046.jpg,sub-stroke0036,0
train/LVO/p28_sub-stroke0036/selected_ncct/047.jpg,sub-stroke0036,0
train/LVO/p28_sub-stroke0036/selected_ncct/048.jpg,sub-stroke0036,0
train/LVO/p28_sub-stroke0036/selected_ncct/049.jpg,sub-stroke0036,0
train/LVO/p28_sub-stroke0036/selected_ncct/051.jpg,sub-stroke0036,0
train/LVO/p28_sub-stroke0036/selected_ncct/052.jpg,sub-stroke0036,0
train/LVO/p28_sub-stroke0036/selected_ncct/055.jpg,sub-stroke0036,0
train/LVO/p28_sub-stroke0036/selected_ncct/056.jpg,sub-stroke0036,0
train/LVO/p28_sub-stroke0036/selected_ncct/057.jpg,sub-stroke0036,0
train/LVO/p28_sub-stroke0036/selected_ncct/058.jpg,sub-stroke0036,0
train/LVO/p28_sub-stroke0036/selected_ncct/059.jpg,sub-stroke0036,0
train/LVO/p28_sub-stroke0036/selected_ncct/060.jpg,sub-stroke0036,0
train/LVO/p28_sub-stroke0036/selected_ncct/061.jpg,sub-stroke0036,0
train/LVO/p29_sub-stroke0037/selected_ncct/015.jpg,sub-stroke0037,1
train/LVO/p29_sub-stroke0037/selected_ncct/016.jpg,sub-stroke0037,1
train/LVO/p29_sub-stroke0037/selected_ncct/017.jpg,sub-stroke0037,1
train/LVO/p29_sub-stroke0037/selected_ncct/018.jpg,sub-stroke0037,1
train/LVO/p29_sub-stroke0037/selected_ncct/019.jpg,sub-stroke0037,1
train/LVO/p29_sub-stroke0037/selected_ncct/020.jpg,sub-stroke0037,1
train/LVO/p29_sub-stroke0037/selected_ncct/021.jpg,sub-stroke0037,1
train/LVO/p29_sub-stroke0037/selected_ncct/022.jpg,sub-stroke0037,1
train/LVO/p29_sub-stroke0037/selected_ncct/023.jpg,sub-stroke0037,1
train/LVO/p29_sub-stroke0037/selected_ncct/024.jpg,sub-stroke0037,1
train/LVO/p29_sub-stroke0037/selected_ncct/025.jpg,sub-stroke0037,1
train/LVO/p29_sub-stroke0037/selected_ncct/026.jpg,sub-stroke0037,1
train/LVO/p29_sub-stroke0037/selected_ncct/027.jpg,sub-stroke0037,1
train/LVO/p29_sub-stroke0037/selected_ncct/028.jpg,sub-stroke0037,1
train/LVO/p29_sub-stroke0037/selected_ncct/029.jpg,sub-stroke0037,1
train/LVO/p29_sub-stroke0037/selected_ncct/030.jpg,sub-stroke0037,1
train/LVO/p2_sub-stroke0002/selected_ncct/003.jpg,sub-stroke0002,0
train/LVO/p2_sub-stroke0002/selected_ncct/004.jpg,sub-stroke0002,0
train/LVO/p2_sub-stroke0002/selected_ncct/005.jpg,sub-stroke0002,0
train/LVO/p2_sub-stroke0002/selected_ncct/006.jpg,sub-stroke0002,0
train/LVO/p2_sub-stroke0002/selected_ncct/007.jpg,sub-stroke0002,0
train/LVO/p2_sub-stroke0002/selected_ncct/008.jpg,sub-stroke0002,0
train/LVO/p2_sub-stroke0002/selected_ncct/009.jpg,sub-stroke0002,0
train/LVO/p2_sub-stroke0002/selected_ncct/010.jpg,sub-stroke0002,0
train/LVO/p2_sub-stroke0002/selected_ncct/011.jpg,sub-stroke0002,0
train/LVO/p2_sub-stroke0002/selected_ncct/012.jpg,sub-stroke0002,0
train/LVO/p2_sub-stroke0002/selected_ncct/013.jpg,sub-stroke0002,0
train/LVO/p2_sub-stroke0002/selected_ncct/014.jpg,sub-stroke0002,0
train/LVO/p2_sub-stroke0002/selected_ncct/015.jpg,sub-stroke0002,0
train/LVO/p2_sub-stroke0002/selected_ncct/016.jpg,sub-stroke0002,0
train/LVO/p2_sub-stroke0002/selected_ncct/017.jpg,sub-stroke0002,0
train/LVO/p2_sub-stroke0002/selected_ncct/018.jpg,sub-stroke0002,0
train/LVO/p2_sub-stroke0002/selected_ncct/019.jpg,sub-stroke0002,0
train/LVO/p2_sub-stroke0002/selected_ncct/022.jpg,sub-stroke0002,0
train/LVO/p2_sub-stroke0002/selected_ncct/023.jpg,sub-stroke0002,0
train/LVO/p2_sub-stroke0002/selected_ncct/024.jpg,sub-stroke0002,0
train/LVO/p2_sub-stroke0002/selected_ncct/026.jpg,sub-stroke0002,0
train/LVO/p2_sub-stroke0002/selected_ncct/027.jpg,sub-stroke0002,0
train/LVO/p2_sub-stroke0002/selected_ncct/028.jpg,sub-stroke0002,0
train/LVO/p2_sub-stroke0002/selected_ncct/029.jpg,sub-stroke0002,0
train/LVO/p2_sub-stroke0002/selected_ncct/030.jpg,sub-stroke0002,0
train/LVO/p2_sub-stroke0002/selected_ncct/031.jpg,sub-stroke0002,0
train/LVO/p2_sub-stroke0002/selected_ncct/032.jpg,sub-stroke0002,0
train/LVO/p2_sub-stroke0002/selected_ncct/033.jpg,sub-stroke0002,0
train/LVO/p2_sub-stroke0002/selected_ncct/034.jpg,sub-stroke0002,0
train/LVO/p2_sub-stroke0002/selected_ncct/035.jpg,sub-stroke0002,0
train/LVO/p2_sub-stroke0002/selected_ncct/036.jpg,sub-stroke0002,0
train/LVO/p2_sub-stroke0002/selected_ncct/037.jpg,sub-stroke0002,0
train/LVO/p2_sub-stroke0002/selected_ncct/038.jpg,sub-stroke0002,0
train/LVO/p2_sub-stroke0002/selected_ncct/039.jpg,sub-stroke0002,0
train/LVO/p2_sub-stroke0002/selected_ncct/040.jpg,sub-stroke0002,0
train/LVO/p2_sub-stroke0002/selected_ncct/041.jpg,sub-stroke0002,0
train/LVO/p2_sub-stroke0002/selected_ncct/042.jpg,sub-stroke0002,0
train/LVO/p2_sub-stroke0002/selected_ncct/043.jpg,sub-stroke0002,0
train/LVO/p2_sub-stroke0002/selected_ncct/044.jpg,sub-stroke0002,0
train/LVO/p2_sub-stroke0002/selected_ncct/045.jpg,sub-stroke0002,0
train/LVO/p2_sub-stroke0002/selected_ncct/046.jpg,sub-stroke0002,0
train/LVO/p2_sub-stroke0002/selected_ncct/047.jpg,sub-stroke0002,0
train/LVO/p2_sub-stroke0002/selected_ncct/048.jpg,sub-stroke0002,0
train/LVO/p2_sub-stroke0002/selected_ncct/049.jpg,sub-stroke0002,0
train/LVO/p2_sub-stroke0002/selected_ncct/050.jpg,sub-stroke0002,0
train/LVO/p2_sub-stroke0002/selected_ncct/051.jpg,sub-stroke0002,0
train/LVO/p2_sub-stroke0002/selected_ncct/052.jpg,sub-stroke0002,0
train/LVO/p2_sub-stroke0002/selected_ncct/053.jpg,sub-stroke0002,0
train/LVO/p2_sub-stroke0002/selected_ncct/054.jpg,sub-stroke0002,0
train/LVO/p2_sub-stroke0002/selected_ncct/055.jpg,sub-stroke0002,0
train/LVO/p2_sub-stroke0002/selected_ncct/056.jpg,sub-stroke0002,0
train/LVO/p2_sub-stroke0002/selected_ncct/057.jpg,sub-stroke0002,0
train/LVO/p2_sub-stroke0002/selected_ncct/058.jpg,sub-stroke0002,0
train/LVO/p2_sub-stroke0002/selected_ncct/059.jpg,sub-stroke0002,0
train/LVO/p31_sub-stroke0040/selected_ncct/059.jpg,sub-stroke0040,0
train/LVO/p31_sub-stroke0040/selected_ncct/060.jpg,sub-stroke0040,0
train/LVO/p31_sub-stroke0040/selected_ncct/061.jpg,sub-stroke0040,0
train/LVO/p31_sub-stroke0040/selected_ncct/062.jpg,sub-stroke0040,0
train/LVO/p31_sub-stroke0040/selected_ncct/063.jpg,sub-stroke0040,0
train/LVO/p31_sub-stroke0040/selected_ncct/064.jpg,sub-stroke0040,0
train/LVO/p31_sub-stroke0040/selected_ncct/065.jpg,sub-stroke0040,0
train/LVO/p31_sub-stroke0040/selected_ncct/066.jpg,sub-stroke0040,0
train/LVO/p31_sub-stroke0040/selected_ncct/067.jpg,sub-stroke0040,0
train/LVO/p31_sub-stroke0040/selected_ncct/068.jpg,sub-stroke0040,0
train/LVO/p31_sub-stroke0040/selected_ncct/069.jpg,sub-stroke0040,0
train/LVO/p31_sub-stroke0040/selected_ncct/070.jpg,sub-stroke0040,0
train/LVO/p31_sub-stroke0040/selected_ncct/071.jpg,sub-stroke0040,0
train/LVO/p31_sub-stroke0040/selected_ncct/072.jpg,sub-stroke0040,0
train/LVO/p31_sub-stroke0040/selected_ncct/073.jpg,sub-stroke0040,0
train/LVO/p31_sub-stroke0040/selected_ncct/074.jpg,sub-stroke0040,0
train/LVO/p31_sub-stroke0040/selected_ncct/075.jpg,sub-stroke0040,0
train/LVO/p31_sub-stroke0040/selected_ncct/076.jpg,sub-stroke0040,0
train/LVO/p31_sub-stroke0040/selected_ncct/077.jpg,sub-stroke0040,0
train/LVO/p31_sub-stroke0040/selected_ncct/078.jpg,sub-stroke0040,0
train/LVO/p31_sub-stroke0040/selected_ncct/079.jpg,sub-stroke0040,0
train/LVO/p31_sub-stroke0040/selected_ncct/080.jpg,sub-stroke0040,0
train/LVO/p31_sub-stroke0040/selected_ncct/081.jpg,sub-stroke0040,0
train/LVO/p31_sub-stroke0040/selected_ncct/082.jpg,sub-stroke0040,0
train/LVO/p31_sub-stroke0040/selected_ncct/083.jpg,sub-stroke0040,0
train/LVO/p31_sub-stroke0040/selected_ncct/084.jpg,sub-stroke0040,0
train/LVO/p31_sub-stroke0040/selected_ncct/085.jpg,sub-stroke0040,0
train/LVO/p31_sub-stroke0040/selected_ncct/086.jpg,sub-stroke0040,0
train/LVO/p31_sub-stroke0040/selected_ncct/087.jpg,sub-stroke0040,0
train/LVO/p31_sub-stroke0040/selected_ncct/088.jpg,sub-stroke0040,0
train/LVO/p31_sub-stroke0040/selected_ncct/089.jpg,sub-stroke0040,0
train/LVO/p31_sub-stroke0040/selected_ncct/090.jpg,sub-stroke0040,0
train/LVO/p31_sub-stroke0040/selected_ncct/091.jpg,sub-stroke0040,0
train/LVO/p31_sub-stroke0040/selected_ncct/092.jpg,sub-stroke0040,0
train/LVO/p31_sub-stroke0040/selected_ncct/093.jpg,sub-stroke0040,0
train/LVO/p31_sub-stroke0040/selected_ncct/094.jpg,sub-stroke0040,0
train/LVO/p31_sub-stroke0040/selected_ncct/095.jpg,sub-stroke0040,0
train/LVO/p31_sub-stroke0040/selected_ncct/096.jpg,sub-stroke0040,0
train/LVO/p31_sub-stroke0040/selected_ncct/097.jpg,sub-stroke0040,0
train/LVO/p31_sub-stroke0040/selected_ncct/098.jpg,sub-stroke0040,0
train/LVO/p31_sub-stroke0040/selected_ncct/099.jpg,sub-stroke0040,0
train/LVO/p31_sub-stroke0040/selected_ncct/100.jpg,sub-stroke0040,0
train/LVO/p31_sub-stroke0040/selected_ncct/101.jpg,sub-stroke0040,0
train/LVO/p31_sub-stroke0040/selected_ncct/102.jpg,sub-stroke0040,0
train/LVO/p31_sub-stroke0040/selected_ncct/103.jpg,sub-stroke0040,0
train/LVO/p31_sub-stroke0040/selected_ncct/104.jpg,sub-stroke0040,0
train/LVO/p31_sub-stroke0040/selected_ncct/105.jpg,sub-stroke0040,0
train/LVO/p31_sub-stroke0040/selected_ncct/106.jpg,sub-stroke0040,0
train/LVO/p31_sub-stroke0040/selected_ncct/115.jpg,sub-stroke0040,0
train/LVO/p31_sub-stroke0040/selected_ncct/116.jpg,sub-stroke0040,0
train/LVO/p31_sub-stroke0040/selected_ncct/117.jpg,sub-stroke0040,0
train/LVO/p31_sub-stroke0040/selected_ncct/118.jpg,sub-stroke0040,0
train/LVO/p31_sub-stroke0040/selected_ncct/119.jpg,sub-stroke0040,0
train/LVO/p31_sub-stroke0040/selected_ncct/120.jpg,sub-stroke0040,0
train/LVO/p31_sub-stroke0040/selected_ncct/121.jpg,sub-stroke0040,0
train/LVO/p31_sub-stroke0040/selected_ncct/122.jpg,sub-stroke0040,0
train/LVO/p32_sub-stroke0043/selected_ncct/019.jpg,sub-stroke0043,0
train/LVO/p32_sub-stroke0043/selected_ncct/020.jpg,sub-stroke0043,0
train/LVO/p32_sub-stroke0043/selected_ncct/021.jpg,sub-stroke0043,0
train/LVO/p32_sub-stroke0043/selected_ncct/022.jpg,sub-stroke0043,0
train/LVO/p32_sub-stroke0043/selected_ncct/023.jpg,sub-stroke0043,0
train/LVO/p32_sub-stroke0043/selected_ncct/024.jpg,sub-stroke0043,0
train/LVO/p32_sub-stroke0043/selected_ncct/025.jpg,sub-stroke0043,0
train/LVO/p32_sub-stroke0043/selected_ncct/026.jpg,sub-stroke0043,0
train/LVO/p32_sub-stroke0043/selected_ncct/027.jpg,sub-stroke0043,0
train/LVO/p32_sub-stroke0043/selected_ncct/028.jpg,sub-stroke0043,0
train/LVO/p32_sub-stroke0043/selected_ncct/030.jpg,sub-stroke0043,0
train/LVO/p32_sub-stroke0043/selected_ncct/031.jpg,sub-stroke0043,0
train/LVO/p32_sub-stroke0043/selected_ncct/032.jpg,sub-stroke0043,0
train/LVO/p32_sub-stroke0043/selected_ncct/033.jpg,sub-stroke0043,0
train/LVO/p32_sub-stroke0043/selected_ncct/034.jpg,sub-stroke0043,0
train/LVO/p32_sub-stroke0043/selected_ncct/035.jpg,sub-stroke0043,0
train/LVO/p32_sub-stroke0043/selected_ncct/036.jpg,sub-stroke0043,0
train/LVO/p32_sub-stroke0043/selected_ncct/041.jpg,sub-stroke0043,0
train/LVO/p33_sub-stroke0045/selected_ncct/030.jpg,sub-stroke0045,1
train/LVO/p33_sub-stroke0045/selected_ncct/031.jpg,sub-stroke0045,1
train/LVO/p33_sub-stroke0045/selected_ncct/032.jpg,sub-stroke0045,1
train/LVO/p33_sub-stroke0045/selected_ncct/033.jpg,sub-stroke0045,1
train/LVO/p33_sub-stroke0045/selected_ncct/034.jpg,sub-stroke0045,1
train/LVO/p33_sub-stroke0045/selected_ncct/035.jpg,sub-stroke0045,1
train/LVO/p33_sub-stroke0045/selected_ncct/036.jpg,sub-stroke0045,1
train/LVO/p33_sub-stroke0045/selected_ncct/037.jpg,sub-stroke0045,1
train/LVO/p33_sub-stroke0045/selected_ncct/038.jpg,sub-stroke0045,1
train/LVO/p33_sub-stroke0045/selected_ncct/039.jpg,sub-stroke0045,1
train/LVO/p33_sub-stroke0045/selected_ncct/040.jpg,sub-stroke0045,1
train/LVO/p33_sub-stroke0045/selected_ncct/041.jpg,sub-stroke0045,1
train/LVO/p33_sub-stroke0045/selected_ncct/042.jpg,sub-stroke0045,1
train/LVO/p33_sub-stroke0045/selected_ncct/043.jpg,sub-stroke0045,1
train/LVO/p33_sub-stroke0045/selected_ncct/044.jpg,sub-stroke0045,1
train/LVO/p33_sub-stroke0045/selected_ncct/045.jpg,sub-stroke0045,1
train/LVO/p33_sub-stroke0045/selected_ncct/046.jpg,sub-stroke0045,1
train/LVO/p33_sub-stroke0045/selected_ncct/047.jpg,sub-stroke0045,1
train/LVO/p33_sub-stroke0045/selected_ncct/056.jpg,sub-stroke0045,1
train/LVO/p33_sub-stroke0045/selected_ncct/057.jpg,sub-stroke0045,1
train/LVO/p33_sub-stroke0045/selected_ncct/058.jpg,sub-stroke0045,1
train/LVO/p33_sub-stroke0045/selected_ncct/059.jpg,sub-stroke0045,1
train/LVO/p33_sub-stroke0045/selected_ncct/060.jpg,sub-stroke0045,1
train/LVO/p33_sub-stroke0045/selected_ncct/061.jpg,sub-stroke0045,1
train/LVO/p34_sub-stroke0047/selected_ncct/023.jpg,sub-stroke0047,1
train/LVO/p34_sub-stroke0047/selected_ncct/024.jpg,sub-stroke0047,1
train/LVO/p34_sub-stroke0047/selected_ncct/025.jpg,sub-stroke0047,1
train/LVO/p34_sub-stroke0047/selected_ncct/026.jpg,sub-stroke0047,1
train/LVO/p34_sub-stroke0047/selected_ncct/027.jpg,sub-stroke0047,1
train/LVO/p34_sub-stroke0047/selected_ncct/028.jpg,sub-stroke0047,1
train/LVO/p34_sub-stroke0047/selected_ncct/029.jpg,sub-stroke0047,1
train/LVO/p34_sub-stroke0047/selected_ncct/030.jpg,sub-stroke0047,1
train/LVO/p34_sub-stroke0047/selected_ncct/031.jpg,sub-stroke0047,1
train/LVO/p34_sub-stroke0047/selected_ncct/032.jpg,sub-stroke0047,1
train/LVO/p34_sub-stroke0047/selected_ncct/033.jpg,sub-stroke0047,1
train/LVO/p34_sub-stroke0047/selected_ncct/034.jpg,sub-stroke0047,1
train/LVO/p34_sub-stroke0047/selected_ncct/035.jpg,sub-stroke0047,1
train/LVO/p34_sub-stroke0047/selected_ncct/036.jpg,sub-stroke0047,1
train/LVO/p34_sub-stroke0047/selected_ncct/037.jpg,sub-stroke0047,1
train/LVO/p34_sub-stroke0047/selected_ncct/044.jpg,sub-stroke0047,1
train/LVO/p34_sub-stroke0047/selected_ncct/049.jpg,sub-stroke0047,1
train/LVO/p34_sub-stroke0047/selected_ncct/050.jpg,sub-stroke0047,1
train/LVO/p34_sub-stroke0047/selected_ncct/051.jpg,sub-stroke0047,1
train/LVO/p34_sub-stroke0047/selected_ncct/052.jpg,sub-stroke0047,1
train/LVO/p34_sub-stroke0047/selected_ncct/053.jpg,sub-stroke0047,1
train/LVO/p35_sub-stroke0048/selected_ncct/016.jpg,sub-stroke0048,0
train/LVO/p35_sub-stroke0048/selected_ncct/018.jpg,sub-stroke0048,0
train/LVO/p35_sub-stroke0048/selected_ncct/019.jpg,sub-stroke0048,0
train/LVO/p35_sub-stroke0048/selected_ncct/020.jpg,sub-stroke0048,0
train/LVO/p35_sub-stroke0048/selected_ncct/021.jpg,sub-stroke0048,0
train/LVO/p35_sub-stroke0048/selected_ncct/022.jpg,sub-stroke0048,0
train/LVO/p35_sub-stroke0048/selected_ncct/023.jpg,sub-stroke0048,0
train/LVO/p35_sub-stroke0048/selected_ncct/024.jpg,sub-stroke0048,0
train/LVO/p35_sub-stroke0048/selected_ncct/025.jpg,sub-stroke0048,0
train/LVO/p35_sub-stroke0048/selected_ncct/026.jpg,sub-stroke0048,0
train/LVO/p35_sub-stroke0048/selected_ncct/027.jpg,sub-stroke0048,0
train/LVO/p35_sub-stroke0048/selected_ncct/028.jpg,sub-stroke0048,0
train/LVO/p35_sub-stroke0048/selected_ncct/030.jpg,sub-stroke0048,0
train/LVO/p35_sub-stroke0048/selected_ncct/035.jpg,sub-stroke0048,0
train/LVO/p35_sub-stroke0048/selected_ncct/036.jpg,sub-stroke0048,0
train/LVO/p35_sub-stroke0048/selected_ncct/037.jpg,sub-stroke0048,0
train/LVO/p35_sub-stroke0048/selected_ncct/038.jpg,sub-stroke0048,0
train/LVO/p35_sub-stroke0048/selected_ncct/039.jpg,sub-stroke0048,0
train/LVO/p35_sub-stroke0048/selected_ncct/040.jpg,sub-stroke0048,0
train/LVO/p35_sub-stroke0048/selected_ncct/042.jpg,sub-stroke0048,0
train/LVO/p35_sub-stroke0048/selected_ncct/043.jpg,sub-stroke0048,0
train/LVO/p35_sub-stroke0048/selected_ncct/049.jpg,sub-stroke0048,0
train/LVO/p35_sub-stroke0048/selected_ncct/050.jpg,sub-stroke0048,0
train/LVO/p35_sub-stroke0048/selected_ncct/051.jpg,sub-stroke0048,0
train/LVO/p35_sub-stroke0048/selected_ncct/052.jpg,sub-stroke0048,0
train/LVO/p35_sub-stroke0048/selected_ncct/053.jpg,sub-stroke0048,0
train/LVO/p35_sub-stroke0048/selected_ncct/056.jpg,sub-stroke0048,0
train/LVO/p35_sub-stroke0048/selected_ncct/057.jpg,sub-stroke0048,0
train/LVO/p35_sub-stroke0048/selected_ncct/058.jpg,sub-stroke0048,0
train/LVO/p36_sub-stroke0049/selected_ncct/021.jpg,sub-stroke0049,0
train/LVO/p36_sub-stroke0049/selected_ncct/022.jpg,sub-stroke0049,0
train/LVO/p36_sub-stroke0049/selected_ncct/023.jpg,sub-stroke0049,0
train/LVO/p36_sub-stroke0049/selected_ncct/024.jpg,sub-stroke0049,0
train/LVO/p36_sub-stroke0049/selected_ncct/025.jpg,sub-stroke0049,0
train/LVO/p36_sub-stroke0049/selected_ncct/026.jpg,sub-stroke0049,0
train/LVO/p36_sub-stroke0049/selected_ncct/027.jpg,sub-stroke0049,0
train/LVO/p36_sub-stroke0049/selected_ncct/028.jpg,sub-stroke0049,0
train/LVO/p36_sub-stroke0049/selected_ncct/029.jpg,sub-stroke0049,0
train/LVO/p36_sub-stroke0049/selected_ncct/030.jpg,sub-stroke0049,0
train/LVO/p36_sub-stroke0049/selected_ncct/031.jpg,sub-stroke0049,0
train/LVO/p36_sub-stroke0049/selected_ncct/032.jpg,sub-stroke0049,0
train/LVO/p36_sub-stroke0049/selected_ncct/033.jpg,sub-stroke0049,0
train/LVO/p36_sub-stroke0049/selected_ncct/034.jpg,sub-stroke0049,0
train/LVO/p36_sub-stroke0049/selected_ncct/035.jpg,sub-stroke0049,0
train/LVO/p36_sub-stroke0049/selected_ncct/036.jpg,sub-stroke0049,0
train/LVO/p36_sub-stroke0049/selected_ncct/039.jpg,sub-stroke0049,0
train/LVO/p36_sub-stroke0049/selected_ncct/040.jpg,sub-stroke0049,0
train/LVO/p36_sub-stroke0049/selected_ncct/041.jpg,sub-stroke0049,0
train/LVO/p36_sub-stroke0049/selected_ncct/042.jpg,sub-stroke0049,0
train/LVO/p36_sub-stroke0049/selected_ncct/043.jpg,sub-stroke0049,0
train/LVO/p36_sub-stroke0049/selected_ncct/044.jpg,sub-stroke0049,0
train/LVO/p36_sub-stroke0049/selected_ncct/045.jpg,sub-stroke0049,0
train/LVO/p36_sub-stroke0049/selected_ncct/046.jpg,sub-stroke0049,0
train/LVO/p36_sub-stroke0049/selected_ncct/047.jpg,sub-stroke0049,0
train/LVO/p36_sub-stroke0049/selected_ncct/048.jpg,sub-stroke0049,0
train/LVO/p36_sub-stroke0049/selected_ncct/049.jpg,sub-stroke0049,0
train/LVO/p36_sub-stroke0049/selected_ncct/050.jpg,sub-stroke0049,0
train/LVO/p36_sub-stroke0049/selected_ncct/051.jpg,sub-stroke0049,0
train/LVO/p36_sub-stroke0049/selected_ncct/052.jpg,sub-stroke0049,0
train/LVO/p36_sub-stroke0049/selected_ncct/053.jpg,sub-stroke0049,0
train/LVO/p36_sub-stroke0049/selected_ncct/054.jpg,sub-stroke0049,0
train/LVO/p36_sub-stroke0049/selected_ncct/055.jpg,sub-stroke0049,0
train/LVO/p36_sub-stroke0049/selected_ncct/056.jpg,sub-stroke0049,0
train/LVO/p37_sub-stroke0052/selected_ncct/012.jpg,sub-stroke0052,1
train/LVO/p37_sub-stroke0052/selected_ncct/013.jpg,sub-stroke0052,1
train/LVO/p37_sub-stroke0052/selected_ncct/014.jpg,sub-stroke0052,1
train/LVO/p37_sub-stroke0052/selected_ncct/015.jpg,sub-stroke0052,1
train/LVO/p37_sub-stroke0052/selected_ncct/017.jpg,sub-stroke0052,1
train/LVO/p37_sub-stroke0052/selected_ncct/018.jpg,sub-stroke0052,1
train/LVO/p37_sub-stroke0052/selected_ncct/019.jpg,sub-stroke0052,1
train/LVO/p37_sub-stroke0052/selected_ncct/020.jpg,sub-stroke0052,1
train/LVO/p37_sub-stroke0052/selected_ncct/021.jpg,sub-stroke0052,1
train/LVO/p37_sub-stroke0052/selected_ncct/022.jpg,sub-stroke0052,1
train/LVO/p37_sub-stroke0052/selected_ncct/023.jpg,sub-stroke0052,1
train/LVO/p37_sub-stroke0052/selected_ncct/024.jpg,sub-stroke0052,1
train/LVO/p37_sub-stroke0052/selected_ncct/025.jpg,sub-stroke0052,1
train/LVO/p37_sub-stroke0052/selected_ncct/026.jpg,sub-stroke0052,1
train/LVO/p37_sub-stroke0052/selected_ncct/027.jpg,sub-stroke0052,1
train/LVO/p37_sub-stroke0052/selected_ncct/028.jpg,sub-stroke0052,1
train/LVO/p37_sub-stroke0052/selected_ncct/029.jpg,sub-stroke0052,1
train/LVO/p37_sub-stroke0052/selected_ncct/030.jpg,sub-stroke0052,1
train/LVO/p37_sub-stroke0052/selected_ncct/031.jpg,sub-stroke0052,1
train/LVO/p37_sub-stroke0052/selected_ncct/032.jpg,sub-stroke0052,1
train/LVO/p37_sub-stroke0052/selected_ncct/033.jpg,sub-stroke0052,1
train/LVO/p37_sub-stroke0052/selected_ncct/034.jpg,sub-stroke0052,1
train/LVO/p37_sub-stroke0052/selected_ncct/035.jpg,sub-stroke0052,1
train/LVO/p37_sub-stroke0052/selected_ncct/036.jpg,sub-stroke0052,1
train/LVO/p37_sub-stroke0052/selected_ncct/037.jpg,sub-stroke0052,1
train/LVO/p37_sub-stroke0052/selected_ncct/038.jpg,sub-stroke0052,1
train/LVO/p37_sub-stroke0052/selected_ncct/039.jpg,sub-stroke0052,1
train/LVO/p37_sub-stroke0052/selected_ncct/040.jpg,sub-stroke0052,1
train/LVO/p37_sub-stroke0052/selected_ncct/041.jpg,sub-stroke0052,1
train/LVO/p37_sub-stroke0052/selected_ncct/042.jpg,sub-stroke0052,1
train/LVO/p37_sub-stroke0052/selected_ncct/043.jpg,sub-stroke0052,1
train/LVO/p37_sub-stroke0052/selected_ncct/044.jpg,sub-stroke0052,1
train/LVO/p37_sub-stroke0052/selected_ncct/045.jpg,sub-stroke0052,1
train/LVO/p37_sub-stroke0052/selected_ncct/046.jpg,sub-stroke0052,1
train/LVO/p37_sub-stroke0052/selected_ncct/047.jpg,sub-stroke0052,1
train/LVO/p37_sub-stroke0052/selected_ncct/048.jpg,sub-stroke0052,1
train/LVO/p37_sub-stroke0052/selected_ncct/049.jpg,sub-stroke0052,1
train/LVO/p37_sub-stroke0052/selected_ncct/050.jpg,sub-stroke0052,1
train/LVO/p37_sub-stroke0052/selected_ncct/051.jpg,sub-stroke0052,1
train/LVO/p37_sub-stroke0052/selected_ncct/052.jpg,sub-stroke0052,1
train/LVO/p37_sub-stroke0052/selected_ncct/053.jpg,sub-stroke0052,1
train/LVO/p37_sub-stroke0052/selected_ncct/056.jpg,sub-stroke0052,1
train/LVO/p37_sub-stroke0052/selected_ncct/057.jpg,sub-stroke0052,1
train/LVO/p37_sub-stroke0052/selected_ncct/058.jpg,sub-stroke0052,1
train/LVO/p37_sub-stroke0052/selected_ncct/059.jpg,sub-stroke0052,1
train/LVO/p37_sub-stroke0052/selected_ncct/060.jpg,sub-stroke0052,1
train/LVO/p37_sub-stroke0052/selected_ncct/061.jpg,sub-stroke0052,1
train/LVO/p37_sub-stroke0052/selected_ncct/062.jpg,sub-stroke0052,1
train/LVO/p37_sub-stroke0052/selected_ncct/063.jpg,sub-stroke0052,1
train/LVO/p37_sub-stroke0052/selected_ncct/064.jpg,sub-stroke0052,1
train/LVO/p37_sub-stroke0052/selected_ncct/065.jpg,sub-stroke0052,1
train/LVO/p38_sub-stroke0053/selected_ncct/020.jpg,sub-stroke0053,1
train/LVO/p38_sub-stroke0053/selected_ncct/021.jpg,sub-stroke0053,1
train/LVO/p38_sub-stroke0053/selected_ncct/022.jpg,sub-stroke0053,1
train/LVO/p38_sub-stroke0053/selected_ncct/023.jpg,sub-stroke0053,1
train/LVO/p38_sub-stroke0053/selected_ncct/024.jpg,sub-stroke0053,1
train/LVO/p38_sub-stroke0053/selected_ncct/025.jpg,sub-stroke0053,1
train/LVO/p38_sub-stroke0053/selected_ncct/026.jpg,sub-stroke0053,1
train/LVO/p38_sub-stroke0053/selected_ncct/027.jpg,sub-stroke0053,1
train/LVO/p38_sub-stroke0053/selected_ncct/028.jpg,sub-stroke0053,1
train/LVO/p38_sub-stroke0053/selected_ncct/029.jpg,sub-stroke0053,1
train/LVO/p38_sub-stroke0053/selected_ncct/030.jpg,sub-stroke0053,1
train/LVO/p38_sub-stroke0053/selected_ncct/031.jpg,sub-stroke0053,1
train/LVO/p38_sub-stroke0053/selected_ncct/032.jpg,sub-stroke0053,1
train/LVO/p38_sub-stroke0053/selected_ncct/033.jpg,sub-stroke0053,1
train/LVO/p38_sub-stroke0053/selected_ncct/034.jpg,sub-stroke0053,1
train/LVO/p38_sub-stroke0053/selected_ncct/035.jpg,sub-stroke0053,1
train/LVO/p38_sub-stroke0053/selected_ncct/036.jpg,sub-stroke0053,1
train/LVO/p39_sub-stroke0054/selected_ncct/021.jpg,sub-stroke0054,0
train/LVO/p39_sub-stroke0054/selected_ncct/022.jpg,sub-stroke0054,0
train/LVO/p39_sub-stroke0054/selected_ncct/023.jpg,sub-stroke0054,0
train/LVO/p39_sub-stroke0054/selected_ncct/024.jpg,sub-stroke0054,0
train/LVO/p39_sub-stroke0054/selected_ncct/025.jpg,sub-stroke0054,0
train/LVO/p39_sub-stroke0054/selected_ncct/026.jpg,sub-stroke0054,0
train/LVO/p39_sub-stroke0054/selected_ncct/027.jpg,sub-stroke0054,0
train/LVO/p39_sub-stroke0054/selected_ncct/028.jpg,sub-stroke0054,0
train/LVO/p39_sub-stroke0054/selected_ncct/029.jpg,sub-stroke0054,0
train/LVO/p39_sub-stroke0054/selected_ncct/030.jpg,sub-stroke0054,0
train/LVO/p39_sub-stroke0054/selected_ncct/031.jpg,sub-stroke0054,0
train/LVO/p39_sub-stroke0054/selected_ncct/032.jpg,sub-stroke0054,0
train/LVO/p39_sub-stroke0054/selected_ncct/033.jpg,sub-stroke0054,0
train/LVO/p39_sub-stroke0054/selected_ncct/034.jpg,sub-stroke0054,0
train/LVO/p39_sub-stroke0054/selected_ncct/035.jpg,sub-stroke0054,0
train/LVO/p39_sub-stroke0054/selected_ncct/036.jpg,sub-stroke0054,0
train/LVO/p39_sub-stroke0054/selected_ncct/037.jpg,sub-stroke0054,0
train/LVO/p39_sub-stroke0054/selected_ncct/038.jpg,sub-stroke0054,0
train/LVO/p39_sub-stroke0054/selected_ncct/039.jpg,sub-stroke0054,0
train/LVO/p39_sub-stroke0054/selected_ncct/040.jpg,sub-stroke0054,0
train/LVO/p39_sub-stroke0054/selected_ncct/041.jpg,sub-stroke0054,0
train/LVO/p39_sub-stroke0054/selected_ncct/042.jpg,sub-stroke0054,0
train/LVO/p41_sub-stroke0057/selected_ncct/023.jpg,sub-stroke0057,1
train/LVO/p41_sub-stroke0057/selected_ncct/024.jpg,sub-stroke0057,1
train/LVO/p41_sub-stroke0057/selected_ncct/025.jpg,sub-stroke0057,1
train/LVO/p41_sub-stroke0057/selected_ncct/026.jpg,sub-stroke0057,1
train/LVO/p41_sub-stroke0057/selected_ncct/027.jpg,sub-stroke0057,1
train/LVO/p41_sub-stroke0057/selected_ncct/028.jpg,sub-stroke0057,1
train/LVO/p41_sub-stroke0057/selected_ncct/029.jpg,sub-stroke0057,1
train/LVO/p41_sub-stroke0057/selected_ncct/030.jpg,sub-stroke0057,1
train/LVO/p41_sub-stroke0057/selected_ncct/031.jpg,sub-stroke0057,1
train/LVO/p41_sub-stroke0057/selected_ncct/032.jpg,sub-stroke0057,1
train/LVO/p41_sub-stroke0057/selected_ncct/033.jpg,sub-stroke0057,1
train/LVO/p41_sub-stroke0057/selected_ncct/034.jpg,sub-stroke0057,1
train/LVO/p41_sub-stroke0057/selected_ncct/035.jpg,sub-stroke0057,1
train/LVO/p41_sub-stroke0057/selected_ncct/036.jpg,sub-stroke0057,1
train/LVO/p41_sub-stroke0057/selected_ncct/038.jpg,sub-stroke0057,1
train/LVO/p41_sub-stroke0057/selected_ncct/046.jpg,sub-stroke0057,1
train/LVO/p41_sub-stroke0057/selected_ncct/047.jpg,sub-stroke0057,1
train/LVO/p41_sub-stroke0057/selected_ncct/048.jpg,sub-stroke0057,1
train/LVO/p41_sub-stroke0057/selected_ncct/049.jpg,sub-stroke0057,1
train/LVO/p41_sub-stroke0057/selected_ncct/051.jpg,sub-stroke0057,1
train/LVO/p42_sub-stroke0062/selected_ncct/019.jpg,sub-stroke0062,0
train/LVO/p42_sub-stroke0062/selected_ncct/020.jpg,sub-stroke0062,0
train/LVO/p42_sub-stroke0062/selected_ncct/021.jpg,sub-stroke0062,0
train/LVO/p42_sub-stroke0062/selected_ncct/022.jpg,sub-stroke0062,0
train/LVO/p42_sub-stroke0062/selected_ncct/023.jpg,sub-stroke0062,0
train/LVO/p42_sub-stroke0062/selected_ncct/024.jpg,sub-stroke0062,0
train/LVO/p42_sub-stroke0062/selected_ncct/025.jpg,sub-stroke0062,0
train/LVO/p42_sub-stroke0062/selected_ncct/026.jpg,sub-stroke0062,0
train/LVO/p42_sub-stroke0062/selected_ncct/027.jpg,sub-stroke0062,0
train/LVO/p42_sub-stroke0062/selected_ncct/028.jpg,sub-stroke0062,0
train/LVO/p42_sub-stroke0062/selected_ncct/029.jpg,sub-stroke0062,0
train/LVO/p42_sub-stroke0062/selected_ncct/030.jpg,sub-stroke0062,0
train/LVO/p42_sub-stroke0062/selected_ncct/031.jpg,sub-stroke0062,0
train/LVO/p42_sub-stroke0062/selected_ncct/032.jpg,sub-stroke0062,0
train/LVO/p42_sub-stroke0062/selected_ncct/033.jpg,sub-stroke0062,0
train/LVO/p42_sub-stroke0062/selected_ncct/034.jpg,sub-stroke0062,0
train/LVO/p42_sub-stroke0062/selected_ncct/035.jpg,sub-stroke0062,0
train/LVO/p42_sub-stroke0062/selected_ncct/036.jpg,sub-stroke0062,0
train/LVO/p42_sub-stroke0062/selected_ncct/037.jpg,sub-stroke0062,0
train/LVO/p42_sub-stroke0062/selected_ncct/038.jpg,sub-stroke0062,0
train/LVO/p42_sub-stroke0062/selected_ncct/039.jpg,sub-stroke0062,0
train/LVO/p42_sub-stroke0062/selected_ncct/040.jpg,sub-stroke0062,0
train/LVO/p42_sub-stroke0062/selected_ncct/043.jpg,sub-stroke0062,0
train/LVO/p42_sub-stroke0062/selected_ncct/044.jpg,sub-stroke0062,0
train/LVO/p42_sub-stroke0062/selected_ncct/045.jpg,sub-stroke0062,0
train/LVO/p42_sub-stroke0062/selected_ncct/046.jpg,sub-stroke0062,0
train/LVO/p42_sub-stroke0062/selected_ncct/048.jpg,sub-stroke0062,0
train/LVO/p42_sub-stroke0062/selected_ncct/049.jpg,sub-stroke0062,0
train/LVO/p42_sub-stroke0062/selected_ncct/050.jpg,sub-stroke0062,0
train/LVO/p42_sub-stroke0062/selected_ncct/051.jpg,sub-stroke0062,0
train/LVO/p42_sub-stroke0062/selected_ncct/052.jpg,sub-stroke0062,0
train/LVO/p43_sub-stroke0066/selected_ncct/019.jpg,sub-stroke0066,0
train/LVO/p43_sub-stroke0066/selected_ncct/021.jpg,sub-stroke0066,0
train/LVO/p43_sub-stroke0066/selected_ncct/022.jpg,sub-stroke0066,0
train/LVO/p43_sub-stroke0066/selected_ncct/023.jpg,sub-stroke0066,0
train/LVO/p43_sub-stroke0066/selected_ncct/024.jpg,sub-stroke0066,0
train/LVO/p43_sub-stroke0066/selected_ncct/025.jpg,sub-stroke0066,0
train/LVO/p43_sub-stroke0066/selected_ncct/026.jpg,sub-stroke0066,0
train/LVO/p43_sub-stroke0066/selected_ncct/027.jpg,sub-stroke0066,0
train/LVO/p43_sub-stroke0066/selected_ncct/028.jpg,sub-stroke0066,0
train/LVO/p43_sub-stroke0066/selected_ncct/029.jpg,sub-stroke0066,0
train/LVO/p43_sub-stroke0066/selected_ncct/030.jpg,sub-stroke0066,0
train/LVO/p43_sub-stroke0066/selected_ncct/031.jpg,sub-stroke0066,0
train/LVO/p43_sub-stroke0066/selected_ncct/032.jpg,sub-stroke0066,0
train/LVO/p43_sub-stroke0066/selected_ncct/033.jpg,sub-stroke0066,0
train/LVO/p43_sub-stroke0066/selected_ncct/034.jpg,sub-stroke0066,0
train/LVO/p43_sub-stroke0066/selected_ncct/035.jpg,sub-stroke0066,0
train/LVO/p43_sub-stroke0066/selected_ncct/036.jpg,sub-stroke0066,0
train/LVO/p43_sub-stroke0066/selected_ncct/037.jpg,sub-stroke0066,0
train/LVO/p43_sub-stroke0066/selected_ncct/038.jpg,sub-stroke0066,0
train/LVO/p43_sub-stroke0066/selected_ncct/039.jpg,sub-stroke0066,0
train/LVO/p43_sub-stroke0066/selected_ncct/040.jpg,sub-stroke0066,0
train/LVO/p43_sub-stroke0066/selected_ncct/041.jpg,sub-stroke0066,0
train/LVO/p43_sub-stroke0066/selected_ncct/042.jpg,sub-stroke0066,0
train/LVO/p43_sub-stroke0066/selected_ncct/043.jpg,sub-stroke0066,0
train/LVO/p43_sub-stroke0066/selected_ncct/044.jpg,sub-stroke0066,0
train/LVO/p43_sub-stroke0066/selected_ncct/045.jpg,sub-stroke0066,0
train/LVO/p43_sub-stroke0066/selected_ncct/046.jpg,sub-stroke0066,0
train/LVO/p43_sub-stroke0066/selected_ncct/047.jpg,sub-stroke0066,0
train/LVO/p43_sub-stroke0066/selected_ncct/048.jpg,sub-stroke0066,0
train/LVO/p43_sub-stroke0066/selected_ncct/049.jpg,sub-stroke0066,0
train/LVO/p43_sub-stroke0066/selected_ncct/050.jpg,sub-stroke0066,0
train/LVO/p43_sub-stroke0066/selected_ncct/051.jpg,sub-stroke0066,0
train/LVO/p43_sub-stroke0066/selected_ncct/052.jpg,sub-stroke0066,0
train/LVO/p43_sub-stroke0066/selected_ncct/053.jpg,sub-stroke0066,0
train/LVO/p43_sub-stroke0066/selected_ncct/054.jpg,sub-stroke0066,0
train/LVO/p43_sub-stroke0066/selected_ncct/055.jpg,sub-stroke0066,0
train/LVO/p43_sub-stroke0066/selected_ncct/056.jpg,sub-stroke0066,0
train/LVO/p43_sub-stroke0066/selected_ncct/057.jpg,sub-stroke0066,0
train/LVO/p43_sub-stroke0066/selected_ncct/058.jpg,sub-stroke0066,0
train/LVO/p43_sub-stroke0066/selected_ncct/059.jpg,sub-stroke0066,0
train/LVO/p44_sub-stroke0068/selected_ncct/013.jpg,sub-stroke0068,0
train/LVO/p44_sub-stroke0068/selected_ncct/015.jpg,sub-stroke0068,0
train/LVO/p44_sub-stroke0068/selected_ncct/016.jpg,sub-stroke0068,0
train/LVO/p44_sub-stroke0068/selected_ncct/017.jpg,sub-stroke0068,0
train/LVO/p44_sub-stroke0068/selected_ncct/018.jpg,sub-stroke0068,0
train/LVO/p44_sub-stroke0068/selected_ncct/019.jpg,sub-stroke0068,0
train/LVO/p44_sub-stroke0068/selected_ncct/020.jpg,sub-stroke0068,0
train/LVO/p44_sub-stroke0068/selected_ncct/021.jpg,sub-stroke0068,0
train/LVO/p44_sub-stroke0068/selected_ncct/022.jpg,sub-stroke0068,0
train/LVO/p44_sub-stroke0068/selected_ncct/023.jpg,sub-stroke0068,0
train/LVO/p44_sub-stroke0068/selected_ncct/024.jpg,sub-stroke0068,0
train/LVO/p44_sub-stroke0068/selected_ncct/025.jpg,sub-stroke0068,0
train/LVO/p44_sub-stroke0068/selected_ncct/026.jpg,sub-stroke0068,0
train/LVO/p44_sub-stroke0068/selected_ncct/027.jpg,sub-stroke0068,0
train/LVO/p44_sub-stroke0068/selected_ncct/028.jpg,sub-stroke0068,0
train/LVO/p44_sub-stroke0068/selected_ncct/029.jpg,sub-stroke0068,0
train/LVO/p44_sub-stroke0068/selected_ncct/030.jpg,sub-stroke0068,0
train/LVO/p44_sub-stroke0068/selected_ncct/031.jpg,sub-stroke0068,0
train/LVO/p44_sub-stroke0068/selected_ncct/032.jpg,sub-stroke0068,0
train/LVO/p44_sub-stroke0068/selected_ncct/033.jpg,sub-stroke0068,0
train/LVO/p44_sub-stroke0068/selected_ncct/034.jpg,sub-stroke0068,0
train/LVO/p44_sub-stroke0068/selected_ncct/035.jpg,sub-stroke0068,0
train/LVO/p44_sub-stroke0068/selected_ncct/036.jpg,sub-stroke0068,0
train/LVO/p44_sub-stroke0068/selected_ncct/037.jpg,sub-stroke0068,0
train/LVO/p44_sub-stroke0068/selected_ncct/038.jpg,sub-stroke0068,0
train/LVO/p44_sub-stroke0068/selected_ncct/039.jpg,sub-stroke0068,0
train/LVO/p44_sub-stroke0068/selected_ncct/040.jpg,sub-stroke0068,0
train/LVO/p44_sub-stroke0068/selected_ncct/041.jpg,sub-stroke0068,0
train/LVO/p44_sub-stroke0068/selected_ncct/042.jpg,sub-stroke0068,0
train/LVO/p44_sub-stroke0068/selected_ncct/043.jpg,sub-stroke0068,0
train/LVO/p44_sub-stroke0068/selected_ncct/044.jpg,sub-stroke0068,0
train/LVO/p44_sub-stroke0068/selected_ncct/045.jpg,sub-stroke0068,0
train/LVO/p44_sub-stroke0068/selected_ncct/046.jpg,sub-stroke0068,0
train/LVO/p44_sub-stroke0068/selected_ncct/047.jpg,sub-stroke0068,0
train/LVO/p47_sub-stroke0073/selected_ncct/010.jpg,sub-stroke0073,0
train/LVO/p47_sub-stroke0073/selected_ncct/011.jpg,sub-stroke0073,0
train/LVO/p47_sub-stroke0073/selected_ncct/012.jpg,sub-stroke0073,0
train/LVO/p47_sub-stroke0073/selected_ncct/013.jpg,sub-stroke0073,0
train/LVO/p47_sub-stroke0073/selected_ncct/014.jpg,sub-stroke0073,0
train/LVO/p47_sub-stroke0073/selected_ncct/015.jpg,sub-stroke0073,0
train/LVO/p47_sub-stroke0073/selected_ncct/016.jpg,sub-stroke0073,0
train/LVO/p47_sub-stroke0073/selected_ncct/017.jpg,sub-stroke0073,0
train/LVO/p47_sub-stroke0073/selected_ncct/019.jpg,sub-stroke0073,0
train/LVO/p47_sub-stroke0073/selected_ncct/020.jpg,sub-stroke0073,0
train/LVO/p47_sub-stroke0073/selected_ncct/021.jpg,sub-stroke0073,0
train/LVO/p47_sub-stroke0073/selected_ncct/022.jpg,sub-stroke0073,0
train/LVO/p47_sub-stroke0073/selected_ncct/023.jpg,sub-stroke0073,0
train/LVO/p47_sub-stroke0073/selected_ncct/024.jpg,sub-stroke0073,0
train/LVO/p47_sub-stroke0073/selected_ncct/025.jpg,sub-stroke0073,0
train/LVO/p47_sub-stroke0073/selected_ncct/026.jpg,sub-stroke0073,0
train/LVO/p47_sub-stroke0073/selected_ncct/027.jpg,sub-stroke0073,0
train/LVO/p47_sub-stroke0073/selected_ncct/028.jpg,sub-stroke0073,0
train/LVO/p47_sub-stroke0073/selected_ncct/029.jpg,sub-stroke0073,0
train/LVO/p47_sub-stroke0073/selected_ncct/030.jpg,sub-stroke0073,0
train/LVO/p47_sub-stroke0073/selected_ncct/031.jpg,sub-stroke0073,0
train/LVO/p47_sub-stroke0073/selected_ncct/032.jpg,sub-stroke0073,0
train/LVO/p47_sub-stroke0073/selected_ncct/033.jpg,sub-stroke0073,0
train/LVO/p47_sub-stroke0073/selected_ncct/035.jpg,sub-stroke0073,0
train/LVO/p47_sub-stroke0073/selected_ncct/036.jpg,sub-stroke0073,0
train/LVO/p47_sub-stroke0073/selected_ncct/037.jpg,sub-stroke0073,0
train/LVO/p47_sub-stroke0073/selected_ncct/038.jpg,sub-stroke0073,0
train/LVO/p47_sub-stroke0073/selected_ncct/044.jpg,sub-stroke0073,0
train/LVO/p47_sub-stroke0073/selected_ncct/045.jpg,sub-stroke0073,0
train/LVO/p47_sub-stroke0073/selected_ncct/046.jpg,sub-stroke0073,0
train/LVO/p47_sub-stroke0073/selected_ncct/047.jpg,sub-stroke0073,0
train/LVO/p47_sub-stroke0073/selected_ncct/048.jpg,sub-stroke0073,0
train/LVO/p47_sub-stroke0073/selected_ncct/049.jpg,sub-stroke0073,0
train/LVO/p48_sub-stroke0074/selected_ncct/028.jpg,sub-stroke0074,1
train/LVO/p48_sub-stroke0074/selected_ncct/029.jpg,sub-stroke0074,1
train/LVO/p48_sub-stroke0074/selected_ncct/030.jpg,sub-stroke0074,1
train/LVO/p48_sub-stroke0074/selected_ncct/031.jpg,sub-stroke0074,1
train/LVO/p48_sub-stroke0074/selected_ncct/032.jpg,sub-stroke0074,1
train/LVO/p48_sub-stroke0074/selected_ncct/033.jpg,sub-stroke0074,1
train/LVO/p48_sub-stroke0074/selected_ncct/034.jpg,sub-stroke0074,1
train/LVO/p48_sub-stroke0074/selected_ncct/035.jpg,sub-stroke0074,1
train/LVO/p48_sub-stroke0074/selected_ncct/036.jpg,sub-stroke0074,1
train/LVO/p48_sub-stroke0074/selected_ncct/037.jpg,sub-stroke0074,1
train/LVO/p48_sub-stroke0074/selected_ncct/038.jpg,sub-stroke0074,1
train/LVO/p48_sub-stroke0074/selected_ncct/039.jpg,sub-stroke0074,1
train/LVO/p48_sub-stroke0074/selected_ncct/040.jpg,sub-stroke0074,1
train/LVO/p48_sub-stroke0074/selected_ncct/041.jpg,sub-stroke0074,1
train/LVO/p48_sub-stroke0074/selected_ncct/042.jpg,sub-stroke0074,1
train/LVO/p48_sub-stroke0074/selected_ncct/043.jpg,sub-stroke0074,1
train/LVO/p48_sub-stroke0074/selected_ncct/044.jpg,sub-stroke0074,1
train/LVO/p48_sub-stroke0074/selected_ncct/045.jpg,sub-stroke0074,1
train/LVO/p48_sub-stroke0074/selected_ncct/046.jpg,sub-stroke0074,1
train/LVO/p48_sub-stroke0074/selected_ncct/047.jpg,sub-stroke0074,1
train/LVO/p48_sub-stroke0074/selected_ncct/048.jpg,sub-stroke0074,1
train/LVO/p48_sub-stroke0074/selected_ncct/049.jpg,sub-stroke0074,1
train/LVO/p48_sub-stroke0074/selected_ncct/050.jpg,sub-stroke0074,1
train/LVO/p48_sub-stroke0074/selected_ncct/051.jpg,sub-stroke0074,1
train/LVO/p48_sub-stroke0074/selected_ncct/052.jpg,sub-stroke0074,1
train/LVO/p48_sub-stroke0074/selected_ncct/053.jpg,sub-stroke0074,1
train/LVO/p48_sub-stroke0074/selected_ncct/054.jpg,sub-stroke0074,1
train/LVO/p49_sub-stroke0075/selected_ncct/021.jpg,sub-stroke0075,1
train/LVO/p49_sub-stroke0075/selected_ncct/022.jpg,sub-stroke0075,1
train/LVO/p49_sub-stroke0075/selected_ncct/023.jpg,sub-stroke0075,1
train/LVO/p49_sub-stroke0075/selected_ncct/024.jpg,sub-stroke0075,1
train/LVO/p49_sub-stroke0075/selected_ncct/025.jpg,sub-stroke0075,1
train/LVO/p49_sub-stroke0075/selected_ncct/026.jpg,sub-stroke0075,1
train/LVO/p49_sub-stroke0075/selected_ncct/027.jpg,sub-stroke0075,1
train/LVO/p49_sub-stroke0075/selected_ncct/028.jpg,sub-stroke0075,1
train/LVO/p49_sub-stroke0075/selected_ncct/029.jpg,sub-stroke0075,1
train/LVO/p49_sub-stroke0075/selected_ncct/030.jpg,sub-stroke0075,1
train/LVO/p49_sub-stroke0075/selected_ncct/031.jpg,sub-stroke0075,1
train/LVO/p49_sub-stroke0075/selected_ncct/032.jpg,sub-stroke0075,1
train/LVO/p49_sub-stroke0075/selected_ncct/033.jpg,sub-stroke0075,1
train/LVO/p49_sub-stroke0075/selected_ncct/034.jpg,sub-stroke0075,1
train/LVO/p49_sub-stroke0075/selected_ncct/035.jpg,sub-stroke0075,1
train/LVO/p49_sub-stroke0075/selected_ncct/036.jpg,sub-stroke0075,1
train/LVO/p49_sub-stroke0075/selected_ncct/037.jpg,sub-stroke0075,1
train/LVO/p49_sub-stroke0075/selected_ncct/043.jpg,sub-stroke0075,1
train/LVO/p49_sub-stroke0075/selected_ncct/044.jpg,sub-stroke0075,1
train/LVO/p49_sub-stroke0075/selected_ncct/045.jpg,sub-stroke0075,1
train/LVO/p49_sub-stroke0075/selected_ncct/046.jpg,sub-stroke0075,1
train/LVO/p49_sub-stroke0075/selected_ncct/052.jpg,sub-stroke0075,1
train/LVO/p49_sub-stroke0075/selected_ncct/053.jpg,sub-stroke0075,1
train/LVO/p49_sub-stroke0075/selected_ncct/054.jpg,sub-stroke0075,1
train/LVO/p49_sub-stroke0075/selected_ncct/055.jpg,sub-stroke0075,1
train/LVO/p49_sub-stroke0075/selected_ncct/056.jpg,sub-stroke0075,1
train/LVO/p49_sub-stroke0075/selected_ncct/057.jpg,sub-stroke0075,1
train/LVO/p50_sub-stroke0076/selected_ncct/031.jpg,sub-stroke0076,0
train/LVO/p50_sub-stroke0076/selected_ncct/032.jpg,sub-stroke0076,0
train/LVO/p50_sub-stroke0076/selected_ncct/033.jpg,sub-stroke0076,0
train/LVO/p50_sub-stroke0076/selected_ncct/034.jpg,sub-stroke0076,0
train/LVO/p50_sub-stroke0076/selected_ncct/035.jpg,sub-stroke0076,0
train/LVO/p50_sub-stroke0076/selected_ncct/036.jpg,sub-stroke0076,0
train/LVO/p50_sub-stroke0076/selected_ncct/037.jpg,sub-stroke0076,0
train/LVO/p50_sub-stroke0076/selected_ncct/038.jpg,sub-stroke0076,0
train/LVO/p50_sub-stroke0076/selected_ncct/039.jpg,sub-stroke0076,0
train/LVO/p50_sub-stroke0076/selected_ncct/040.jpg,sub-stroke0076,0
train/LVO/p50_sub-stroke0076/selected_ncct/041.jpg,sub-stroke0076,0
train/LVO/p50_sub-stroke0076/selected_ncct/042.jpg,sub-stroke0076,0
train/LVO/p50_sub-stroke0076/selected_ncct/043.jpg,sub-stroke0076,0
train/LVO/p50_sub-stroke0076/selected_ncct/044.jpg,sub-stroke0076,0
train/LVO/p50_sub-stroke0076/selected_ncct/045.jpg,sub-stroke0076,0
train/LVO/p50_sub-stroke0076/selected_ncct/046.jpg,sub-stroke0076,0
train/LVO/p50_sub-stroke0076/selected_ncct/054.jpg,sub-stroke0076,0
train/LVO/p50_sub-stroke0076/selected_ncct/055.jpg,sub-stroke0076,0
train/LVO/p50_sub-stroke0076/selected_ncct/056.jpg,sub-stroke0076,0
train/LVO/p50_sub-stroke0076/selected_ncct/057.jpg,sub-stroke0076,0
train/LVO/p50_sub-stroke0076/selected_ncct/058.jpg,sub-stroke0076,0
train/LVO/p51_sub-stroke0077/selected_ncct/013.jpg,sub-stroke0077,0
train/LVO/p51_sub-stroke0077/selected_ncct/014.jpg,sub-stroke0077,0
train/LVO/p51_sub-stroke0077/selected_ncct/015.jpg,sub-stroke0077,0
train/LVO/p51_sub-stroke0077/selected_ncct/016.jpg,sub-stroke0077,0
train/LVO/p51_sub-stroke0077/selected_ncct/026.jpg,sub-stroke0077,0
train/LVO/p51_sub-stroke0077/selected_ncct/027.jpg,sub-stroke0077,0
train/LVO/p51_sub-stroke0077/selected_ncct/028.jpg,sub-stroke0077,0
train/LVO/p51_sub-stroke0077/selected_ncct/029.jpg,sub-stroke0077,0
train/LVO/p51_sub-stroke0077/selected_ncct/032.jpg,sub-stroke0077,0
train/LVO/p51_sub-stroke0077/selected_ncct/033.jpg,sub-stroke0077,0
train/LVO/p51_sub-stroke0077/selected_ncct/034.jpg,sub-stroke0077,0
train/LVO/p51_sub-stroke0077/selected_ncct/035.jpg,sub-stroke0077,0
train/LVO/p51_sub-stroke0077/selected_ncct/036.jpg,sub-stroke0077,0
train/LVO/p51_sub-stroke0077/selected_ncct/037.jpg,sub-stroke0077,0
train/LVO/p51_sub-stroke0077/selected_ncct/038.jpg,sub-stroke0077,0
train/LVO/p51_sub-stroke0077/selected_ncct/039.jpg,sub-stroke0077,0
train/LVO/p51_sub-stroke0077/selected_ncct/040.jpg,sub-stroke0077,0
train/LVO/p51_sub-stroke0077/selected_ncct/041.jpg,sub-stroke0077,0
train/LVO/p51_sub-stroke0077/selected_ncct/042.jpg,sub-stroke0077,0
train/LVO/p51_sub-stroke0077/selected_ncct/043.jpg,sub-stroke0077,0
train/LVO/p51_sub-stroke0077/selected_ncct/044.jpg,sub-stroke0077,0
train/LVO/p51_sub-stroke0077/selected_ncct/045.jpg,sub-stroke0077,0
train/LVO/p51_sub-stroke0077/selected_ncct/046.jpg,sub-stroke0077,0
train/LVO/p51_sub-stroke0077/selected_ncct/047.jpg,sub-stroke0077,0
train/LVO/p51_sub-stroke0077/selected_ncct/048.jpg,sub-stroke0077,0
train/LVO/p51_sub-stroke0077/selected_ncct/049.jpg,sub-stroke0077,0
train/LVO/p51_sub-stroke0077/selected_ncct/050.jpg,sub-stroke0077,0
train/LVO/p51_sub-stroke0077/selected_ncct/051.jpg,sub-stroke0077,0
train/LVO/p51_sub-stroke0077/selected_ncct/052.jpg,sub-stroke0077,0
train/LVO/p51_sub-stroke0077/selected_ncct/053.jpg,sub-stroke0077,0
train/LVO/p51_sub-stroke0077/selected_ncct/054.jpg,sub-stroke0077,0
train/LVO/p51_sub-stroke0077/selected_ncct/055.jpg,sub-stroke0077,0
train/LVO/p51_sub-stroke0077/selected_ncct/056.jpg,sub-stroke0077,0
train/LVO/p51_sub-stroke0077/selected_ncct/057.jpg,sub-stroke0077,0
train/LVO/p51_sub-stroke0077/selected_ncct/058.jpg,sub-stroke0077,0
train/LVO/p51_sub-stroke0077/selected_ncct/059.jpg,sub-stroke0077,0
train/LVO/p51_sub-stroke0077/selected_ncct/060.jpg,sub-stroke0077,0
train/LVO/p52_sub-stroke0078/selected_ncct/015.jpg,sub-stroke0078,0
train/LVO/p52_sub-stroke0078/selected_ncct/016.jpg,sub-stroke0078,0
train/LVO/p52_sub-stroke0078/selected_ncct/017.jpg,sub-stroke0078,0
train/LVO/p52_sub-stroke0078/selected_ncct/018.jpg,sub-stroke0078,0
train/LVO/p52_sub-stroke0078/selected_ncct/019.jpg,sub-stroke0078,0
train/LVO/p52_sub-stroke0078/selected_ncct/020.jpg,sub-stroke0078,0
train/LVO/p52_sub-stroke0078/selected_ncct/021.jpg,sub-stroke0078,0
train/LVO/p52_sub-stroke0078/selected_ncct/024.jpg,sub-stroke0078,0
train/LVO/p52_sub-stroke0078/selected_ncct/025.jpg,sub-stroke0078,0
train/LVO/p52_sub-stroke0078/selected_ncct/026.jpg,sub-stroke0078,0
train/LVO/p52_sub-stroke0078/selected_ncct/027.jpg,sub-stroke0078,0
train/LVO/p52_sub-stroke0078/selected_ncct/028.jpg,sub-stroke0078,0
train/LVO/p52_sub-stroke0078/selected_ncct/029.jpg,sub-stroke0078,0
train/LVO/p52_sub-stroke0078/selected_ncct/030.jpg,sub-stroke0078,0
train/LVO/p52_sub-stroke0078/selected_ncct/031.jpg,sub-stroke0078,0
train/LVO/p52_sub-stroke0078/selected_ncct/032.jpg,sub-stroke0078,0
train/LVO/p52_sub-stroke0078/selected_ncct/033.jpg,sub-stroke0078,0
train/LVO/p52_sub-stroke0078/selected_ncct/034.jpg,sub-stroke0078,0
train/LVO/p52_sub-stroke0078/selected_ncct/035.jpg,sub-stroke0078,0
train/LVO/p52_sub-stroke0078/selected_ncct/036.jpg,sub-stroke0078,0
train/LVO/p52_sub-stroke0078/selected_ncct/037.jpg,sub-stroke0078,0
train/LVO/p52_sub-stroke0078/selected_ncct/038.jpg,sub-stroke0078,0
train/LVO/p52_sub-stroke0078/selected_ncct/039.jpg,sub-stroke0078,0
train/LVO/p52_sub-stroke0078/selected_ncct/040.jpg,sub-stroke0078,0
train/LVO/p52_sub-stroke0078/selected_ncct/041.jpg,sub-stroke0078,0
train/LVO/p52_sub-stroke0078/selected_ncct/042.jpg,sub-stroke0078,0
train/LVO/p52_sub-stroke0078/selected_ncct/043.jpg,sub-stroke0078,0
train/LVO/p52_sub-stroke0078/selected_ncct/044.jpg,sub-stroke0078,0
train/LVO/p52_sub-stroke0078/selected_ncct/045.jpg,sub-stroke0078,0
train/LVO/p52_sub-stroke0078/selected_ncct/046.jpg,sub-stroke0078,0
train/LVO/p52_sub-stroke0078/selected_ncct/047.jpg,sub-stroke0078,0
train/LVO/p52_sub-stroke0078/selected_ncct/048.jpg,sub-stroke0078,0
train/LVO/p52_sub-stroke0078/selected_ncct/049.jpg,sub-stroke0078,0
train/LVO/p52_sub-stroke0078/selected_ncct/050.jpg,sub-stroke0078,0
train/LVO/p52_sub-stroke0078/selected_ncct/051.jpg,sub-stroke0078,0
train/LVO/p52_sub-stroke0078/selected_ncct/052.jpg,sub-stroke0078,0
train/LVO/p53_sub-stroke0079/selected_ncct/031.jpg,sub-stroke0079,0
train/LVO/p53_sub-stroke0079/selected_ncct/032.jpg,sub-stroke0079,0
train/LVO/p53_sub-stroke0079/selected_ncct/033.jpg,sub-stroke0079,0
train/LVO/p53_sub-stroke0079/selected_ncct/034.jpg,sub-stroke0079,0
train/LVO/p53_sub-stroke0079/selected_ncct/035.jpg,sub-stroke0079,0
train/LVO/p53_sub-stroke0079/selected_ncct/036.jpg,sub-stroke0079,0
train/LVO/p53_sub-stroke0079/selected_ncct/037.jpg,sub-stroke0079,0
train/LVO/p53_sub-stroke0079/selected_ncct/038.jpg,sub-stroke0079,0
train/LVO/p53_sub-stroke0079/selected_ncct/039.jpg,sub-stroke0079,0
train/LVO/p53_sub-stroke0079/selected_ncct/040.jpg,sub-stroke0079,0
train/LVO/p53_sub-stroke0079/selected_ncct/041.jpg,sub-stroke0079,0
train/LVO/p53_sub-stroke0079/selected_ncct/042.jpg,sub-stroke0079,0
train/LVO/p53_sub-stroke0079/selected_ncct/043.jpg,sub-stroke0079,0
train/LVO/p53_sub-stroke0079/selected_ncct/044.jpg,sub-stroke0079,0
train/LVO/p53_sub-stroke0079/selected_ncct/045.jpg,sub-stroke0079,0
train/LVO/p53_sub-stroke0079/selected_ncct/046.jpg,sub-stroke0079,0
train/LVO/p53_sub-stroke0079/selected_ncct/049.jpg,sub-stroke0079,0
train/LVO/p53_sub-stroke0079/selected_ncct/053.jpg,sub-stroke0079,0
train/LVO/p53_sub-stroke0079/selected_ncct/059.jpg,sub-stroke0079,0
train/LVO/p54_sub-stroke0080/selected_ncct/015.jpg,sub-stroke0080,1
train/LVO/p54_sub-stroke0080/selected_ncct/016.jpg,sub-stroke0080,1
train/LVO/p54_sub-stroke0080/selected_ncct/017.jpg,sub-stroke0080,1
train/LVO/p54_sub-stroke0080/selected_ncct/018.jpg,sub-stroke0080,1
train/LVO/p54_sub-stroke0080/selected_ncct/019.jpg,sub-stroke0080,1
train/LVO/p54_sub-stroke0080/selected_ncct/020.jpg,sub-stroke0080,1
train/LVO/p54_sub-stroke0080/selected_ncct/021.jpg,sub-stroke0080,1
train/LVO/p54_sub-stroke0080/selected_ncct/023.jpg,sub-stroke0080,1
train/LVO/p54_sub-stroke0080/selected_ncct/024.jpg,sub-stroke0080,1
train/LVO/p54_sub-stroke0080/selected_ncct/025.jpg,sub-stroke0080,1
train/LVO/p54_sub-stroke0080/selected_ncct/026.jpg,sub-stroke0080,1
train/LVO/p54_sub-stroke0080/selected_ncct/027.jpg,sub-stroke0080,1
train/LVO/p54_sub-stroke0080/selected_ncct/028.jpg,sub-stroke0080,1
train/LVO/p54_sub-stroke0080/selected_ncct/029.jpg,sub-stroke0080,1
train/LVO/p54_sub-stroke0080/selected_ncct/030.jpg,sub-stroke0080,1
train/LVO/p54_sub-stroke0080/selected_ncct/031.jpg,sub-stroke0080,1
train/LVO/p54_sub-stroke0080/selected_ncct/032.jpg,sub-stroke0080,1
train/LVO/p54_sub-stroke0080/selected_ncct/033.jpg,sub-stroke0080,1
train/LVO/p54_sub-stroke0080/selected_ncct/034.jpg,sub-stroke0080,1
train/LVO/p54_sub-stroke0080/selected_ncct/035.jpg,sub-stroke0080,1
train/LVO/p54_sub-stroke0080/selected_ncct/036.jpg,sub-stroke0080,1
train/LVO/p54_sub-stroke0080/selected_ncct/037.jpg,sub-stroke0080,1
train/LVO/p54_sub-stroke0080/selected_ncct/038.jpg,sub-stroke0080,1
train/LVO/p54_sub-stroke0080/selected_ncct/039.jpg,sub-stroke0080,1
train/LVO/p54_sub-stroke0080/selected_ncct/040.jpg,sub-stroke0080,1
train/LVO/p54_sub-stroke0080/selected_ncct/041.jpg,sub-stroke0080,1
train/LVO/p54_sub-stroke0080/selected_ncct/042.jpg,sub-stroke0080,1
train/LVO/p54_sub-stroke0080/selected_ncct/043.jpg,sub-stroke0080,1
train/LVO/p54_sub-stroke0080/selected_ncct/044.jpg,sub-stroke0080,1
train/LVO/p54_sub-stroke0080/selected_ncct/045.jpg,sub-stroke0080,1
train/LVO/p54_sub-stroke0080/selected_ncct/046.jpg,sub-stroke0080,1
train/LVO/p54_sub-stroke0080/selected_ncct/047.jpg,sub-stroke0080,1
train/LVO/p54_sub-stroke0080/selected_ncct/048.jpg,sub-stroke0080,1
train/LVO/p54_sub-stroke0080/selected_ncct/049.jpg,sub-stroke0080,1
train/LVO/p54_sub-stroke0080/selected_ncct/050.jpg,sub-stroke0080,1
train/LVO/p54_sub-stroke0080/selected_ncct/051.jpg,sub-stroke0080,1
train/LVO/p54_sub-stroke0080/selected_ncct/052.jpg,sub-stroke0080,1
train/LVO/p54_sub-stroke0080/selected_ncct/053.jpg,sub-stroke0080,1
train/LVO/p54_sub-stroke0080/selected_ncct/054.jpg,sub-stroke0080,1
train/LVO/p54_sub-stroke0080/selected_ncct/055.jpg,sub-stroke0080,1
train/LVO/p54_sub-stroke0080/selected_ncct/056.jpg,sub-stroke0080,1
train/LVO/p54_sub-stroke0080/selected_ncct/057.jpg,sub-stroke0080,1
train/LVO/p54_sub-stroke0080/selected_ncct/058.jpg,sub-stroke0080,1
train/LVO/p54_sub-stroke0080/selected_ncct/059.jpg,sub-stroke0080,1
train/LVO/p54_sub-stroke0080/selected_ncct/060.jpg,sub-stroke0080,1
train/LVO/p54_sub-stroke0080/selected_ncct/061.jpg,sub-stroke0080,1
train/LVO/p54_sub-stroke0080/selected_ncct/062.jpg,sub-stroke0080,1
train/LVO/p54_sub-stroke0080/selected_ncct/063.jpg,sub-stroke0080,1
train/LVO/p56_sub-stroke0082/selected_ncct/008.jpg,sub-stroke0082,0
train/LVO/p56_sub-stroke0082/selected_ncct/009.jpg,sub-stroke0082,0
train/LVO/p56_sub-stroke0082/selected_ncct/010.jpg,sub-stroke0082,0
train/LVO/p56_sub-stroke0082/selected_ncct/011.jpg,sub-stroke0082,0
train/LVO/p56_sub-stroke0082/selected_ncct/012.jpg,sub-stroke0082,0
train/LVO/p56_sub-stroke0082/selected_ncct/013.jpg,sub-stroke0082,0
train/LVO/p56_sub-stroke0082/selected_ncct/014.jpg,sub-stroke0082,0
train/LVO/p56_sub-stroke0082/selected_ncct/015.jpg,sub-stroke0082,0
train/LVO/p56_sub-stroke0082/selected_ncct/016.jpg,sub-stroke0082,0
train/LVO/p56_sub-stroke0082/selected_ncct/017.jpg,sub-stroke0082,0
train/LVO/p56_sub-stroke0082/selected_ncct/018.jpg,sub-stroke0082,0
train/LVO/p56_sub-stroke0082/selected_ncct/020.jpg,sub-stroke0082,0
train/LVO/p56_sub-stroke0082/selected_ncct/021.jpg,sub-stroke0082,0
train/LVO/p56_sub-stroke0082/selected_ncct/022.jpg,sub-stroke0082,0
train/LVO/p56_sub-stroke0082/selected_ncct/023.jpg,sub-stroke0082,0
train/LVO/p56_sub-stroke0082/selected_ncct/024.jpg,sub-stroke0082,0
train/LVO/p56_sub-stroke0082/selected_ncct/025.jpg,sub-stroke0082,0
train/LVO/p56_sub-stroke0082/selected_ncct/026.jpg,sub-stroke0082,0
train/LVO/p56_sub-stroke0082/selected_ncct/027.jpg,sub-stroke0082,0
train/LVO/p56_sub-stroke0082/selected_ncct/028.jpg,sub-stroke0082,0
train/LVO/p56_sub-stroke0082/selected_ncct/029.jpg,sub-stroke0082,0
train/LVO/p56_sub-stroke0082/selected_ncct/030.jpg,sub-stroke0082,0
train/LVO/p56_sub-stroke0082/selected_ncct/031.jpg,sub-stroke0082,0
train/LVO/p56_sub-stroke0082/selected_ncct/032.jpg,sub-stroke0082,0
train/LVO/p56_sub-stroke0082/selected_ncct/033.jpg,sub-stroke0082,0
train/LVO/p56_sub-stroke0082/selected_ncct/034.jpg,sub-stroke0082,0
train/LVO/p56_sub-stroke0082/selected_ncct/035.jpg,sub-stroke0082,0
train/LVO/p56_sub-stroke0082/selected_ncct/036.jpg,sub-stroke0082,0
train/LVO/p56_sub-stroke0082/selected_ncct/037.jpg,sub-stroke0082,0
train/LVO/p56_sub-stroke0082/selected_ncct/038.jpg,sub-stroke0082,0
train/LVO/p56_sub-stroke0082/selected_ncct/039.jpg,sub-stroke0082,0
train/LVO/p56_sub-stroke0082/selected_ncct/040.jpg,sub-stroke0082,0
train/LVO/p56_sub-stroke0082/selected_ncct/041.jpg,sub-stroke0082,0
train/LVO/p56_sub-stroke0082/selected_ncct/042.jpg,sub-stroke0082,0
train/LVO/p56_sub-stroke0082/selected_ncct/043.jpg,sub-stroke0082,0
train/LVO/p56_sub-stroke0082/selected_ncct/044.jpg,sub-stroke0082,0
train/LVO/p56_sub-stroke0082/selected_ncct/045.jpg,sub-stroke0082,0
train/LVO/p56_sub-stroke0082/selected_ncct/046.jpg,sub-stroke0082,0
train/LVO/p56_sub-stroke0082/selected_ncct/047.jpg,sub-stroke0082,0
train/LVO/p56_sub-stroke0082/selected_ncct/048.jpg,sub-stroke0082,0
train/LVO/p56_sub-stroke0082/selected_ncct/049.jpg,sub-stroke0082,0
train/LVO/p56_sub-stroke0082/selected_ncct/050.jpg,sub-stroke0082,0
train/LVO/p56_sub-stroke0082/selected_ncct/051.jpg,sub-stroke0082,0
train/LVO/p56_sub-stroke0082/selected_ncct/052.jpg,sub-stroke0082,0
train/LVO/p56_sub-stroke0082/selected_ncct/053.jpg,sub-stroke0082,0
train/LVO/p56_sub-stroke0082/selected_ncct/054.jpg,sub-stroke0082,0
train/LVO/p58_sub-stroke0084/selected_ncct/023.jpg,sub-stroke0084,0
train/LVO/p58_sub-stroke0084/selected_ncct/024.jpg,sub-stroke0084,0
train/LVO/p58_sub-stroke0084/selected_ncct/037.jpg,sub-stroke0084,0
train/LVO/p58_sub-stroke0084/selected_ncct/038.jpg,sub-stroke0084,0
train/LVO/p58_sub-stroke0084/selected_ncct/039.jpg,sub-stroke0084,0
train/LVO/p58_sub-stroke0084/selected_ncct/040.jpg,sub-stroke0084,0
train/LVO/p58_sub-stroke0084/selected_ncct/041.jpg,sub-stroke0084,0
train/LVO/p58_sub-stroke0084/selected_ncct/042.jpg,sub-stroke0084,0
train/LVO/p58_sub-stroke0084/selected_ncct/043.jpg,sub-stroke0084,0
train/LVO/p58_sub-stroke0084/selected_ncct/044.jpg,sub-stroke0084,0
train/LVO/p58_sub-stroke0084/selected_ncct/045.jpg,sub-stroke0084,0
train/LVO/p58_sub-stroke0084/selected_ncct/046.jpg,sub-stroke0084,0
train/LVO/p59_sub-stroke0085/selected_ncct/029.jpg,sub-stroke0085,0
train/LVO/p59_sub-stroke0085/selected_ncct/030.jpg,sub-stroke0085,0
train/LVO/p59_sub-stroke0085/selected_ncct/031.jpg,sub-stroke0085,0
train/LVO/p59_sub-stroke0085/selected_ncct/032.jpg,sub-stroke0085,0
train/LVO/p59_sub-stroke0085/selected_ncct/033.jpg,sub-stroke0085,0
train/LVO/p59_sub-stroke0085/selected_ncct/034.jpg,sub-stroke0085,0
train/LVO/p59_sub-stroke0085/selected_ncct/035.jpg,sub-stroke0085,0
train/LVO/p59_sub-stroke0085/selected_ncct/036.jpg,sub-stroke0085,0
train/LVO/p59_sub-stroke0085/selected_ncct/037.jpg,sub-stroke0085,0
train/LVO/p59_sub-stroke0085/selected_ncct/039.jpg,sub-stroke0085,0
train/LVO/p59_sub-stroke0085/selected_ncct/040.jpg,sub-stroke0085,0
train/LVO/p59_sub-stroke0085/selected_ncct/041.jpg,sub-stroke0085,0
train/LVO/p59_sub-stroke0085/selected_ncct/042.jpg,sub-stroke0085,0
train/LVO/p59_sub-stroke0085/selected_ncct/043.jpg,sub-stroke0085,0
train/LVO/p59_sub-stroke0085/selected_ncct/044.jpg,sub-stroke0085,0
train/LVO/p59_sub-stroke0085/selected_ncct/045.jpg,sub-stroke0085,0
train/LVO/p59_sub-stroke0085/selected_ncct/046.jpg,sub-stroke0085,0
train/LVO/p59_sub-stroke0085/selected_ncct/047.jpg,sub-stroke0085,0
train/LVO/p59_sub-stroke0085/selected_ncct/048.jpg,sub-stroke0085,0
train/LVO/p59_sub-stroke0085/selected_ncct/049.jpg,sub-stroke0085,0
train/LVO/p59_sub-stroke0085/selected_ncct/050.jpg,sub-stroke0085,0
train/LVO/p59_sub-stroke0085/selected_ncct/051.jpg,sub-stroke0085,0
train/LVO/p59_sub-stroke0085/selected_ncct/052.jpg,sub-stroke0085,0
train/LVO/p59_sub-stroke0085/selected_ncct/053.jpg,sub-stroke0085,0
train/LVO/p59_sub-stroke0085/selected_ncct/054.jpg,sub-stroke0085,0
train/LVO/p59_sub-stroke0085/selected_ncct/055.jpg,sub-stroke0085,0
train/LVO/p59_sub-stroke0085/selected_ncct/056.jpg,sub-stroke0085,0
train/LVO/p59_sub-stroke0085/selected_ncct/057.jpg,sub-stroke0085,0
train/LVO/p59_sub-stroke0085/selected_ncct/058.jpg,sub-stroke0085,0
train/LVO/p59_sub-stroke0085/selected_ncct/059.jpg,sub-stroke0085,0
train/LVO/p59_sub-stroke0085/selected_ncct/060.jpg,sub-stroke0085,0
train/LVO/p59_sub-stroke0085/selected_ncct/063.jpg,sub-stroke0085,0
train/LVO/p59_sub-stroke0085/selected_ncct/064.jpg,sub-stroke0085,0
train/LVO/p59_sub-stroke0085/selected_ncct/065.jpg,sub-stroke0085,0
train/LVO/p5_sub-stroke0005/selected_ncct/002.jpg,sub-stroke0005,0
train/LVO/p5_sub-stroke0005/selected_ncct/003.jpg,sub-stroke0005,0
train/LVO/p5_sub-stroke0005/selected_ncct/004.jpg,sub-stroke0005,0
train/LVO/p5_sub-stroke0005/selected_ncct/005.jpg,sub-stroke0005,0
train/LVO/p5_sub-stroke0005/selected_ncct/006.jpg,sub-stroke0005,0
train/LVO/p5_sub-stroke0005/selected_ncct/007.jpg,sub-stroke0005,0
train/LVO/p5_sub-stroke0005/selected_ncct/008.jpg,sub-stroke0005,0
train/LVO/p5_sub-stroke0005/selected_ncct/009.jpg,sub-stroke0005,0
train/LVO/p5_sub-stroke0005/selected_ncct/010.jpg,sub-stroke0005,0
train/LVO/p5_sub-stroke0005/selected_ncct/011.jpg,sub-stroke0005,0
train/LVO/p5_sub-stroke0005/selected_ncct/012.jpg,sub-stroke0005,0
train/LVO/p5_sub-stroke0005/selected_ncct/013.jpg,sub-stroke0005,0
train/LVO/p5_sub-stroke0005/selected_ncct/014.jpg,sub-stroke0005,0
train/LVO/p5_sub-stroke0005/selected_ncct/015.jpg,sub-stroke0005,0
train/LVO/p5_sub-stroke0005/selected_ncct/017.jpg,sub-stroke0005,0
train/LVO/p5_sub-stroke0005/selected_ncct/018.jpg,sub-stroke0005,0
train/LVO/p5_sub-stroke0005/selected_ncct/019.jpg,sub-stroke0005,0
train/LVO/p5_sub-stroke0005/selected_ncct/020.jpg,sub-stroke0005,0
train/LVO/p5_sub-stroke0005/selected_ncct/021.jpg,sub-stroke0005,0
train/LVO/p5_sub-stroke0005/selected_ncct/022.jpg,sub-stroke0005,0
train/LVO/p5_sub-stroke0005/selected_ncct/023.jpg,sub-stroke0005,0
train/LVO/p5_sub-stroke0005/selected_ncct/024.jpg,sub-stroke0005,0
train/LVO/p5_sub-stroke0005/selected_ncct/025.jpg,sub-stroke0005,0
train/LVO/p5_sub-stroke0005/selected_ncct/026.jpg,sub-stroke0005,0
train/LVO/p5_sub-stroke0005/selected_ncct/027.jpg,sub-stroke0005,0
train/LVO/p5_sub-stroke0005/selected_ncct/028.jpg,sub-stroke0005,0
train/LVO/p5_sub-stroke0005/selected_ncct/029.jpg,sub-stroke0005,0
train/LVO/p5_sub-stroke0005/selected_ncct/030.jpg,sub-stroke0005,0
train/LVO/p5_sub-stroke0005/selected_ncct/031.jpg,sub-stroke0005,0
train/LVO/p5_sub-stroke0005/selected_ncct/032.jpg,sub-stroke0005,0
train/LVO/p5_sub-stroke0005/selected_ncct/033.jpg,sub-stroke0005,0
train/LVO/p5_sub-stroke0005/selected_ncct/034.jpg,sub-stroke0005,0
train/LVO/p5_sub-stroke0005/selected_ncct/035.jpg,sub-stroke0005,0
train/LVO/p5_sub-stroke0005/selected_ncct/036.jpg,sub-stroke0005,0
train/LVO/p5_sub-stroke0005/selected_ncct/037.jpg,sub-stroke0005,0
train/LVO/p5_sub-stroke0005/selected_ncct/038.jpg,sub-stroke0005,0
train/LVO/p5_sub-stroke0005/selected_ncct/039.jpg,sub-stroke0005,0
train/LVO/p5_sub-stroke0005/selected_ncct/040.jpg,sub-stroke0005,0
train/LVO/p5_sub-stroke0005/selected_ncct/041.jpg,sub-stroke0005,0
train/LVO/p5_sub-stroke0005/selected_ncct/042.jpg,sub-stroke0005,0
train/LVO/p5_sub-stroke0005/selected_ncct/043.jpg,sub-stroke0005,0
train/LVO/p5_sub-stroke0005/selected_ncct/044.jpg,sub-stroke0005,0
train/LVO/p5_sub-stroke0005/selected_ncct/045.jpg,sub-stroke0005,0
train/LVO/p5_sub-stroke0005/selected_ncct/046.jpg,sub-stroke0005,0
train/LVO/p5_sub-stroke0005/selected_ncct/047.jpg,sub-stroke0005,0
train/LVO/p5_sub-stroke0005/selected_ncct/048.jpg,sub-stroke0005,0
train/LVO/p5_sub-stroke0005/selected_ncct/049.jpg,sub-stroke0005,0
train/LVO/p5_sub-stroke0005/selected_ncct/050.jpg,sub-stroke0005,0
train/LVO/p5_sub-stroke0005/selected_ncct/051.jpg,sub-stroke0005,0
train/LVO/p5_sub-stroke0005/selected_ncct/052.jpg,sub-stroke0005,0
train/LVO/p60_sub-stroke0086/selected_ncct/028.jpg,sub-stroke0086,1
train/LVO/p60_sub-stroke0086/selected_ncct/029.jpg,sub-stroke0086,1
train/LVO/p60_sub-stroke0086/selected_ncct/030.jpg,sub-stroke0086,1
train/LVO/p60_sub-stroke0086/selected_ncct/031.jpg,sub-stroke0086,1
train/LVO/p60_sub-stroke0086/selected_ncct/032.jpg,sub-stroke0086,1
train/LVO/p60_sub-stroke0086/selected_ncct/039.jpg,sub-stroke0086,1
train/LVO/p60_sub-stroke0086/selected_ncct/040.jpg,sub-stroke0086,1
train/LVO/p60_sub-stroke0086/selected_ncct/041.jpg,sub-stroke0086,1
train/LVO/p60_sub-stroke0086/selected_ncct/048.jpg,sub-stroke0086,1
train/LVO/p60_sub-stroke0086/selected_ncct/049.jpg,sub-stroke0086,1
train/LVO/p61_sub-stroke0087/selected_ncct/023.jpg,sub-stroke0087,1
train/LVO/p61_sub-stroke0087/selected_ncct/024.jpg,sub-stroke0087,1
train/LVO/p61_sub-stroke0087/selected_ncct/025.jpg,sub-stroke0087,1
train/LVO/p61_sub-stroke0087/selected_ncct/026.jpg,sub-stroke0087,1
train/LVO/p61_sub-stroke0087/selected_ncct/027.jpg,sub-stroke0087,1
train/LVO/p61_sub-stroke0087/selected_ncct/028.jpg,sub-stroke0087,1
train/LVO/p61_sub-stroke0087/selected_ncct/029.jpg,sub-stroke0087,1
train/LVO/p61_sub-stroke0087/selected_ncct/030.jpg,sub-stroke0087,1
train/LVO/p61_sub-stroke0087/selected_ncct/031.jpg,sub-stroke0087,1
train/LVO/p61_sub-stroke0087/selected_ncct/032.jpg,sub-stroke0087,1
train/LVO/p61_sub-stroke0087/selected_ncct/033.jpg,sub-stroke0087,1
train/LVO/p61_sub-stroke0087/selected_ncct/034.jpg,sub-stroke0087,1
train/LVO/p61_sub-stroke0087/selected_ncct/035.jpg,sub-stroke0087,1
train/LVO/p61_sub-stroke0087/selected_ncct/036.jpg,sub-stroke0087,1
train/LVO/p61_sub-stroke0087/selected_ncct/037.jpg,sub-stroke0087,1
train/LVO/p61_sub-stroke0087/selected_ncct/038.jpg,sub-stroke0087,1
train/LVO/p61_sub-stroke0087/selected_ncct/039.jpg,sub-stroke0087,1
train/LVO/p61_sub-stroke0087/selected_ncct/040.jpg,sub-stroke0087,1
train/LVO/p61_sub-stroke0087/selected_ncct/042.jpg,sub-stroke0087,1
train/LVO/p61_sub-stroke0087/selected_ncct/043.jpg,sub-stroke0087,1
train/LVO/p62_sub-stroke0088/selected_ncct/011.jpg,sub-stroke0088,0
train/LVO/p62_sub-stroke0088/selected_ncct/012.jpg,sub-stroke0088,0
train/LVO/p62_sub-stroke0088/selected_ncct/027.jpg,sub-stroke0088,0
train/LVO/p62_sub-stroke0088/selected_ncct/028.jpg,sub-stroke0088,0
train/LVO/p62_sub-stroke0088/selected_ncct/029.jpg,sub-stroke0088,0
train/LVO/p62_sub-stroke0088/selected_ncct/030.jpg,sub-stroke0088,0
train/LVO/p62_sub-stroke0088/selected_ncct/031.jpg,sub-stroke0088,0
train/LVO/p62_sub-stroke0088/selected_ncct/032.jpg,sub-stroke0088,0
train/LVO/p62_sub-stroke0088/selected_ncct/033.jpg,sub-stroke0088,0
train/LVO/p62_sub-stroke0088/selected_ncct/034.jpg,sub-stroke0088,0
train/LVO/p62_sub-stroke0088/selected_ncct/035.jpg,sub-stroke0088,0
train/LVO/p62_sub-stroke0088/selected_ncct/036.jpg,sub-stroke0088,0
train/LVO/p62_sub-stroke0088/selected_ncct/037.jpg,sub-stroke0088,0
train/LVO/p62_sub-stroke0088/selected_ncct/038.jpg,sub-stroke0088,0
train/LVO/p62_sub-stroke0088/selected_ncct/039.jpg,sub-stroke0088,0
train/LVO/p62_sub-stroke0088/selected_ncct/040.jpg,sub-stroke0088,0
train/LVO/p62_sub-stroke0088/selected_ncct/041.jpg,sub-stroke0088,0
train/LVO/p62_sub-stroke0088/selected_ncct/042.jpg,sub-stroke0088,0
train/LVO/p62_sub-stroke0088/selected_ncct/043.jpg,sub-stroke0088,0
train/LVO/p62_sub-stroke0088/selected_ncct/044.jpg,sub-stroke0088,0
train/LVO/p62_sub-stroke0088/selected_ncct/045.jpg,sub-stroke0088,0
train/LVO/p62_sub-stroke0088/selected_ncct/046.jpg,sub-stroke0088,0
train/LVO/p62_sub-stroke0088/selected_ncct/047.jpg,sub-stroke0088,0
train/LVO/p62_sub-stroke0088/selected_ncct/048.jpg,sub-stroke0088,0
train/LVO/p62_sub-stroke0088/selected_ncct/049.jpg,sub-stroke0088,0
train/LVO/p62_sub-stroke0088/selected_ncct/050.jpg,sub-stroke0088,0
train/LVO/p62_sub-stroke0088/selected_ncct/051.jpg,sub-stroke0088,0
train/LVO/p62_sub-stroke0088/selected_ncct/052.jpg,sub-stroke0088,0
train/LVO/p62_sub-stroke0088/selected_ncct/053.jpg,sub-stroke0088,0
train/LVO/p62_sub-stroke0088/selected_ncct/054.jpg,sub-stroke0088,0
train/LVO/p62_sub-stroke0088/selected_ncct/055.jpg,sub-stroke0088,0
train/LVO/p62_sub-stroke0088/selected_ncct/056.jpg,sub-stroke0088,0
train/LVO/p62_sub-stroke0088/selected_ncct/057.jpg,sub-stroke0088,0
train/LVO/p62_sub-stroke0088/selected_ncct/058.jpg,sub-stroke0088,0
train/LVO/p62_sub-stroke0088/selected_ncct/059.jpg,sub-stroke0088,0
train/LVO/p62_sub-stroke0088/selected_ncct/060.jpg,sub-stroke0088,0
train/LVO/p62_sub-stroke0088/selected_ncct/061.jpg,sub-stroke0088,0
train/LVO/p62_sub-stroke0088/selected_ncct/062.jpg,sub-stroke0088,0
train/LVO/p62_sub-stroke0088/selected_ncct/063.jpg,sub-stroke0088,0
train/LVO/p64_sub-stroke0090/selected_ncct/014.jpg,sub-stroke0090,0
train/LVO/p64_sub-stroke0090/selected_ncct/015.jpg,sub-stroke0090,0
train/LVO/p64_sub-stroke0090/selected_ncct/016.jpg,sub-stroke0090,0
train/LVO/p64_sub-stroke0090/selected_ncct/017.jpg,sub-stroke0090,0
train/LVO/p64_sub-stroke0090/selected_ncct/018.jpg,sub-stroke0090,0
train/LVO/p64_sub-stroke0090/selected_ncct/019.jpg,sub-stroke0090,0
train/LVO/p64_sub-stroke0090/selected_ncct/021.jpg,sub-stroke0090,0
train/LVO/p64_sub-stroke0090/selected_ncct/022.jpg,sub-stroke0090,0
train/LVO/p64_sub-stroke0090/selected_ncct/023.jpg,sub-stroke0090,0
train/LVO/p64_sub-stroke0090/selected_ncct/024.jpg,sub-stroke0090,0
train/LVO/p64_sub-stroke0090/selected_ncct/025.jpg,sub-stroke0090,0
train/LVO/p64_sub-stroke0090/selected_ncct/026.jpg,sub-stroke0090,0
train/LVO/p64_sub-stroke0090/selected_ncct/027.jpg,sub-stroke0090,0
train/LVO/p64_sub-stroke0090/selected_ncct/028.jpg,sub-stroke0090,0
train/LVO/p64_sub-stroke0090/selected_ncct/029.jpg,sub-stroke0090,0
train/LVO/p64_sub-stroke0090/selected_ncct/030.jpg,sub-stroke0090,0
train/LVO/p64_sub-stroke0090/selected_ncct/031.jpg,sub-stroke0090,0
train/LVO/p64_sub-stroke0090/selected_ncct/032.jpg,sub-stroke0090,0
train/LVO/p64_sub-stroke0090/selected_ncct/033.jpg,sub-stroke0090,0
train/LVO/p64_sub-stroke0090/selected_ncct/034.jpg,sub-stroke0090,0
train/LVO/p64_sub-stroke0090/selected_ncct/035.jpg,sub-stroke0090,0
train/LVO/p64_sub-stroke0090/selected_ncct/036.jpg,sub-stroke0090,0
train/LVO/p64_sub-stroke0090/selected_ncct/037.jpg,sub-stroke0090,0
train/LVO/p64_sub-stroke0090/selected_ncct/038.jpg,sub-stroke0090,0
train/LVO/p64_sub-stroke0090/selected_ncct/039.jpg,sub-stroke0090,0
train/LVO/p64_sub-stroke0090/selected_ncct/040.jpg,sub-stroke0090,0
train/LVO/p64_sub-stroke0090/selected_ncct/041.jpg,sub-stroke0090,0
train/LVO/p64_sub-stroke0090/selected_ncct/042.jpg,sub-stroke0090,0
train/LVO/p64_sub-stroke0090/selected_ncct/043.jpg,sub-stroke0090,0
train/LVO/p64_sub-stroke0090/selected_ncct/044.jpg,sub-stroke0090,0
train/LVO/p64_sub-stroke0090/selected_ncct/045.jpg,sub-stroke0090,0
train/LVO/p64_sub-stroke0090/selected_ncct/046.jpg,sub-stroke0090,0
train/LVO/p64_sub-stroke0090/selected_ncct/047.jpg,sub-stroke0090,0
train/LVO/p64_sub-stroke0090/selected_ncct/048.jpg,sub-stroke0090,0
train/LVO/p64_sub-stroke0090/selected_ncct/049.jpg,sub-stroke0090,0
train/LVO/p64_sub-stroke0090/selected_ncct/050.jpg,sub-stroke0090,0
train/LVO/p64_sub-stroke0090/selected_ncct/051.jpg,sub-stroke0090,0
train/LVO/p64_sub-stroke0090/selected_ncct/052.jpg,sub-stroke0090,0
train/LVO/p64_sub-stroke0090/selected_ncct/053.jpg,sub-stroke0090,0
train/LVO/p64_sub-stroke0090/selected_ncct/054.jpg,sub-stroke0090,0
train/LVO/p64_sub-stroke0090/selected_ncct/055.jpg,sub-stroke0090,0
train/LVO/p64_sub-stroke0090/selected_ncct/056.jpg,sub-stroke0090,0
train/LVO/p64_sub-stroke0090/selected_ncct/057.jpg,sub-stroke0090,0
train/LVO/p65_sub-stroke0091/selected_ncct/037.jpg,sub-stroke0091,0
train/LVO/p65_sub-stroke0091/selected_ncct/038.jpg,sub-stroke0091,0
train/LVO/p65_sub-stroke0091/selected_ncct/039.jpg,sub-stroke0091,0
train/LVO/p65_sub-stroke0091/selected_ncct/040.jpg,sub-stroke0091,0
train/LVO/p65_sub-stroke0091/selected_ncct/041.jpg,sub-stroke0091,0
train/LVO/p65_sub-stroke0091/selected_ncct/042.jpg,sub-stroke0091,0
train/LVO/p65_sub-stroke0091/selected_ncct/043.jpg,sub-stroke0091,0
train/LVO/p65_sub-stroke0091/selected_ncct/044.jpg,sub-stroke0091,0
train/LVO/p65_sub-stroke0091/selected_ncct/045.jpg,sub-stroke0091,0
train/LVO/p65_sub-stroke0091/selected_ncct/046.jpg,sub-stroke0091,0
train/LVO/p65_sub-stroke0091/selected_ncct/047.jpg,sub-stroke0091,0
train/LVO/p65_sub-stroke0091/selected_ncct/048.jpg,sub-stroke0091,0
train/LVO/p66_sub-stroke0092/selected_ncct/014.jpg,sub-stroke0092,1
train/LVO/p66_sub-stroke0092/selected_ncct/021.jpg,sub-stroke0092,1
train/LVO/p66_sub-stroke0092/selected_ncct/022.jpg,sub-stroke0092,1
train/LVO/p66_sub-stroke0092/selected_ncct/023.jpg,sub-stroke0092,1
train/LVO/p66_sub-stroke0092/selected_ncct/026.jpg,sub-stroke0092,1
train/LVO/p66_sub-stroke0092/selected_ncct/027.jpg,sub-stroke0092,1
train/LVO/p66_sub-stroke0092/selected_ncct/028.jpg,sub-stroke0092,1
train/LVO/p66_sub-stroke0092/selected_ncct/029.jpg,sub-stroke0092,1
train/LVO/p66_sub-stroke0092/selected_ncct/030.jpg,sub-stroke0092,1
train/LVO/p66_sub-stroke0092/selected_ncct/031.jpg,sub-stroke0092,1
train/LVO/p66_sub-stroke0092/selected_ncct/032.jpg,sub-stroke0092,1
train/LVO/p66_sub-stroke0092/selected_ncct/033.jpg,sub-stroke0092,1
train/LVO/p66_sub-stroke0092/selected_ncct/035.jpg,sub-stroke0092,1
train/LVO/p66_sub-stroke0092/selected_ncct/036.jpg,sub-stroke0092,1
train/LVO/p66_sub-stroke0092/selected_ncct/037.jpg,sub-stroke0092,1
train/LVO/p66_sub-stroke0092/selected_ncct/038.jpg,sub-stroke0092,1
train/LVO/p66_sub-stroke0092/selected_ncct/039.jpg,sub-stroke0092,1
train/LVO/p66_sub-stroke0092/selected_ncct/040.jpg,sub-stroke0092,1
train/LVO/p66_sub-stroke0092/selected_ncct/041.jpg,sub-stroke0092,1
train/LVO/p66_sub-stroke0092/selected_ncct/042.jpg,sub-stroke0092,1
train/LVO/p66_sub-stroke0092/selected_ncct/044.jpg,sub-stroke0092,1
train/LVO/p66_sub-stroke0092/selected_ncct/045.jpg,sub-stroke0092,1
train/LVO/p66_sub-stroke0092/selected_ncct/046.jpg,sub-stroke0092,1
train/LVO/p66_sub-stroke0092/selected_ncct/047.jpg,sub-stroke0092,1
train/LVO/p66_sub-stroke0092/selected_ncct/048.jpg,sub-stroke0092,1
train/LVO/p66_sub-stroke0092/selected_ncct/059.jpg,sub-stroke0092,1
train/LVO/p67_sub-stroke0093/selected_ncct/008.jpg,sub-stroke0093,0
train/LVO/p67_sub-stroke0093/selected_ncct/009.jpg,sub-stroke0093,0
train/LVO/p67_sub-stroke0093/selected_ncct/010.jpg,sub-stroke0093,0
train/LVO/p67_sub-stroke0093/selected_ncct/011.jpg,sub-stroke0093,0
train/LVO/p67_sub-stroke0093/selected_ncct/012.jpg,sub-stroke0093,0
train/LVO/p67_sub-stroke0093/selected_ncct/013.jpg,sub-stroke0093,0
train/LVO/p67_sub-stroke0093/selected_ncct/015.jpg,sub-stroke0093,0
train/LVO/p67_sub-stroke0093/selected_ncct/016.jpg,sub-stroke0093,0
train/LVO/p67_sub-stroke0093/selected_ncct/017.jpg,sub-stroke0093,0
train/LVO/p67_sub-stroke0093/selected_ncct/018.jpg,sub-stroke0093,0
train/LVO/p67_sub-stroke0093/selected_ncct/019.jpg,sub-stroke0093,0
train/LVO/p67_sub-stroke0093/selected_ncct/020.jpg,sub-stroke0093,0
train/LVO/p67_sub-stroke0093/selected_ncct/021.jpg,sub-stroke0093,0
train/LVO/p67_sub-stroke0093/selected_ncct/022.jpg,sub-stroke0093,0
train/LVO/p67_sub-stroke0093/selected_ncct/023.jpg,sub-stroke0093,0
train/LVO/p67_sub-stroke0093/selected_ncct/024.jpg,sub-stroke0093,0
train/LVO/p67_sub-stroke0093/selected_ncct/025.jpg,sub-stroke0093,0
train/LVO/p67_sub-stroke0093/selected_ncct/026.jpg,sub-stroke0093,0
train/LVO/p67_sub-stroke0093/selected_ncct/027.jpg,sub-stroke0093,0
train/LVO/p67_sub-stroke0093/selected_ncct/028.jpg,sub-stroke0093,0
train/LVO/p67_sub-stroke0093/selected_ncct/029.jpg,sub-stroke0093,0
train/LVO/p67_sub-stroke0093/selected_ncct/030.jpg,sub-stroke0093,0
train/LVO/p67_sub-stroke0093/selected_ncct/031.jpg,sub-stroke0093,0
train/LVO/p67_sub-stroke0093/selected_ncct/032.jpg,sub-stroke0093,0
train/LVO/p67_sub-stroke0093/selected_ncct/033.jpg,sub-stroke0093,0
train/LVO/p67_sub-stroke0093/selected_ncct/034.jpg,sub-stroke0093,0
train/LVO/p67_sub-stroke0093/selected_ncct/035.jpg,sub-stroke0093,0
train/LVO/p67_sub-stroke0093/selected_ncct/036.jpg,sub-stroke0093,0
train/LVO/p67_sub-stroke0093/selected_ncct/037.jpg,sub-stroke0093,0
train/LVO/p67_sub-stroke0093/selected_ncct/044.jpg,sub-stroke0093,0
train/LVO/p67_sub-stroke0093/selected_ncct/045.jpg,sub-stroke0093,0
train/LVO/p67_sub-stroke0093/selected_ncct/046.jpg,sub-stroke0093,0
train/LVO/p67_sub-stroke0093/selected_ncct/047.jpg,sub-stroke0093,0
train/LVO/p67_sub-stroke0093/selected_ncct/048.jpg,sub-stroke0093,0
train/LVO/p67_sub-stroke0093/selected_ncct/049.jpg,sub-stroke0093,0
train/LVO/p67_sub-stroke0093/selected_ncct/050.jpg,sub-stroke0093,0
train/LVO/p67_sub-stroke0093/selected_ncct/051.jpg,sub-stroke0093,0
train/LVO/p67_sub-stroke0093/selected_ncct/053.jpg,sub-stroke0093,0
train/LVO/p69_sub-stroke0095/selected_ncct/018.jpg,sub-stroke0095,0
train/LVO/p69_sub-stroke0095/selected_ncct/019.jpg,sub-stroke0095,0
train/LVO/p69_sub-stroke0095/selected_ncct/020.jpg,sub-stroke0095,0
train/LVO/p69_sub-stroke0095/selected_ncct/021.jpg,sub-stroke0095,0
train/LVO/p69_sub-stroke0095/selected_ncct/023.jpg,sub-stroke0095,0
train/LVO/p69_sub-stroke0095/selected_ncct/024.jpg,sub-stroke0095,0
train/LVO/p69_sub-stroke0095/selected_ncct/025.jpg,sub-stroke0095,0
train/LVO/p69_sub-stroke0095/selected_ncct/026.jpg,sub-stroke0095,0
train/LVO/p69_sub-stroke0095/selected_ncct/027.jpg,sub-stroke0095,0
train/LVO/p69_sub-stroke0095/selected_ncct/028.jpg,sub-stroke0095,0
train/LVO/p69_sub-stroke0095/selected_ncct/029.jpg,sub-stroke0095,0
train/LVO/p69_sub-stroke0095/selected_ncct/030.jpg,sub-stroke0095,0
train/LVO/p69_sub-stroke0095/selected_ncct/031.jpg,sub-stroke0095,0
train/LVO/p69_sub-stroke0095/selected_ncct/032.jpg,sub-stroke0095,0
train/LVO/p69_sub-stroke0095/selected_ncct/033.jpg,sub-stroke0095,0
train/LVO/p69_sub-stroke0095/selected_ncct/034.jpg,sub-stroke0095,0
train/LVO/p69_sub-stroke0095/selected_ncct/035.jpg,sub-stroke0095,0
train/LVO/p69_sub-stroke0095/selected_ncct/036.jpg,sub-stroke0095,0
train/LVO/p69_sub-stroke0095/selected_ncct/037.jpg,sub-stroke0095,0
train/LVO/p69_sub-stroke0095/selected_ncct/038.jpg,sub-stroke0095,0
train/LVO/p69_sub-stroke0095/selected_ncct/039.jpg,sub-stroke0095,0
train/LVO/p69_sub-stroke0095/selected_ncct/040.jpg,sub-stroke0095,0
train/LVO/p69_sub-stroke0095/selected_ncct/041.jpg,sub-stroke0095,0
train/LVO/p69_sub-stroke0095/selected_ncct/042.jpg,sub-stroke0095,0
train/LVO/p69_sub-stroke0095/selected_ncct/043.jpg,sub-stroke0095,0
train/LVO/p69_sub-stroke0095/selected_ncct/044.jpg,sub-stroke0095,0
train/LVO/p69_sub-stroke0095/selected_ncct/045.jpg,sub-stroke0095,0
train/LVO/p69_sub-stroke0095/selected_ncct/046.jpg,sub-stroke0095,0
train/LVO/p69_sub-stroke0095/selected_ncct/047.jpg,sub-stroke0095,0
train/LVO/p69_sub-stroke0095/selected_ncct/048.jpg,sub-stroke0095,0
train/LVO/p69_sub-stroke0095/selected_ncct/049.jpg,sub-stroke0095,0
train/LVO/p69_sub-stroke0095/selected_ncct/050.jpg,sub-stroke0095,0
train/LVO/p69_sub-stroke0095/selected_ncct/051.jpg,sub-stroke0095,0
train/LVO/p69_sub-stroke0095/selected_ncct/052.jpg,sub-stroke0095,0
train/LVO/p69_sub-stroke0095/selected_ncct/053.jpg,sub-stroke0095,0
train/LVO/p69_sub-stroke0095/selected_ncct/054.jpg,sub-stroke0095,0
train/LVO/p69_sub-stroke0095/selected_ncct/055.jpg,sub-stroke0095,0
train/LVO/p6_sub-stroke0006/selected_ncct/006.jpg,sub-stroke0006,1
train/LVO/p6_sub-stroke0006/selected_ncct/007.jpg,sub-stroke0006,1
train/LVO/p6_sub-stroke0006/selected_ncct/008.jpg,sub-stroke0006,1
train/LVO/p6_sub-stroke0006/selected_ncct/009.jpg,sub-stroke0006,1
train/LVO/p6_sub-stroke0006/selected_ncct/011.jpg,sub-stroke0006,1
train/LVO/p6_sub-stroke0006/selected_ncct/012.jpg,sub-stroke0006,1
train/LVO/p6_sub-stroke0006/selected_ncct/013.jpg,sub-stroke0006,1
train/LVO/p6_sub-stroke0006/selected_ncct/014.jpg,sub-stroke0006,1
train/LVO/p6_sub-stroke0006/selected_ncct/015.jpg,sub-stroke0006,1
train/LVO/p6_sub-stroke0006/selected_ncct/016.jpg,sub-stroke0006,1
train/LVO/p6_sub-stroke0006/selected_ncct/017.jpg,sub-stroke0006,1
train/LVO/p6_sub-stroke0006/selected_ncct/018.jpg,sub-stroke0006,1
train/LVO/p6_sub-stroke0006/selected_ncct/019.jpg,sub-stroke0006,1
train/LVO/p6_sub-stroke0006/selected_ncct/020.jpg,sub-stroke0006,1
train/LVO/p6_sub-stroke0006/selected_ncct/021.jpg,sub-stroke0006,1
train/LVO/p6_sub-stroke0006/selected_ncct/022.jpg,sub-stroke0006,1
train/LVO/p6_sub-stroke0006/selected_ncct/023.jpg,sub-stroke0006,1
train/LVO/p6_sub-stroke0006/selected_ncct/024.jpg,sub-stroke0006,1
train/LVO/p6_sub-stroke0006/selected_ncct/025.jpg,sub-stroke0006,1
train/LVO/p6_sub-stroke0006/selected_ncct/026.jpg,sub-stroke0006,1
train/LVO/p6_sub-stroke0006/selected_ncct/027.jpg,sub-stroke0006,1
train/LVO/p6_sub-stroke0006/selected_ncct/028.jpg,sub-stroke0006,1
train/LVO/p6_sub-stroke0006/selected_ncct/029.jpg,sub-stroke0006,1
train/LVO/p6_sub-stroke0006/selected_ncct/030.jpg,sub-stroke0006,1
train/LVO/p6_sub-stroke0006/selected_ncct/031.jpg,sub-stroke0006,1
train/LVO/p6_sub-stroke0006/selected_ncct/032.jpg,sub-stroke0006,1
train/LVO/p6_sub-stroke0006/selected_ncct/033.jpg,sub-stroke0006,1
train/LVO/p6_sub-stroke0006/selected_ncct/034.jpg,sub-stroke0006,1
train/LVO/p6_sub-stroke0006/selected_ncct/035.jpg,sub-stroke0006,1
train/LVO/p6_sub-stroke0006/selected_ncct/036.jpg,sub-stroke0006,1
train/LVO/p6_sub-stroke0006/selected_ncct/037.jpg,sub-stroke0006,1
train/LVO/p6_sub-stroke0006/selected_ncct/038.jpg,sub-stroke0006,1
train/LVO/p6_sub-stroke0006/selected_ncct/039.jpg,sub-stroke0006,1
train/LVO/p6_sub-stroke0006/selected_ncct/040.jpg,sub-stroke0006,1
train/LVO/p6_sub-stroke0006/selected_ncct/041.jpg,sub-stroke0006,1
train/LVO/p6_sub-stroke0006/selected_ncct/042.jpg,sub-stroke0006,1
train/LVO/p6_sub-stroke0006/selected_ncct/043.jpg,sub-stroke0006,1
train/LVO/p6_sub-stroke0006/selected_ncct/044.jpg,sub-stroke0006,1
train/LVO/p6_sub-stroke0006/selected_ncct/045.jpg,sub-stroke0006,1
train/LVO/p6_sub-stroke0006/selected_ncct/046.jpg,sub-stroke0006,1
train/LVO/p6_sub-stroke0006/selected_ncct/047.jpg,sub-stroke0006,1
train/LVO/p6_sub-stroke0006/selected_ncct/048.jpg,sub-stroke0006,1
train/LVO/p6_sub-stroke0006/selected_ncct/049.jpg,sub-stroke0006,1
train/LVO/p70_sub-stroke0096/selected_ncct/012.jpg,sub-stroke0096,0
train/LVO/p70_sub-stroke0096/selected_ncct/013.jpg,sub-stroke0096,0
train/LVO/p70_sub-stroke0096/selected_ncct/015.jpg,sub-stroke0096,0
train/LVO/p70_sub-stroke0096/selected_ncct/016.jpg,sub-stroke0096,0
train/LVO/p70_sub-stroke0096/selected_ncct/019.jpg,sub-stroke0096,0
train/LVO/p70_sub-stroke0096/selected_ncct/020.jpg,sub-stroke0096,0
train/LVO/p70_sub-stroke0096/selected_ncct/021.jpg,sub-stroke0096,0
train/LVO/p70_sub-stroke0096/selected_ncct/022.jpg,sub-stroke0096,0
train/LVO/p70_sub-stroke0096/selected_ncct/023.jpg,sub-stroke0096,0
train/LVO/p70_sub-stroke0096/selected_ncct/024.jpg,sub-stroke0096,0
train/LVO/p70_sub-stroke0096/selected_ncct/025.jpg,sub-stroke0096,0
train/LVO/p70_sub-stroke0096/selected_ncct/026.jpg,sub-stroke0096,0
train/LVO/p70_sub-stroke0096/selected_ncct/027.jpg,sub-stroke0096,0
train/LVO/p70_sub-stroke0096/selected_ncct/028.jpg,sub-stroke0096,0
train/LVO/p70_sub-stroke0096/selected_ncct/029.jpg,sub-stroke0096,0
train/LVO/p70_sub-stroke0096/selected_ncct/030.jpg,sub-stroke0096,0
train/LVO/p70_sub-stroke0096/selected_ncct/031.jpg,sub-stroke0096,0
train/LVO/p70_sub-stroke0096/selected_ncct/034.jpg,sub-stroke0096,0
train/LVO/p70_sub-stroke0096/selected_ncct/035.jpg,sub-stroke0096,0
train/LVO/p70_sub-stroke0096/selected_ncct/036.jpg,sub-stroke0096,0
train/LVO/p70_sub-stroke0096/selected_ncct/037.jpg,sub-stroke0096,0
train/LVO/p70_sub-stroke0096/selected_ncct/038.jpg,sub-stroke0096,0
train/LVO/p70_sub-stroke0096/selected_ncct/039.jpg,sub-stroke0096,0
train/LVO/p70_sub-stroke0096/selected_ncct/040.jpg,sub-stroke0096,0
train/LVO/p70_sub-stroke0096/selected_ncct/041.jpg,sub-stroke0096,0
train/LVO/p70_sub-stroke0096/selected_ncct/042.jpg,sub-stroke0096,0
train/LVO/p70_sub-stroke0096/selected_ncct/043.jpg,sub-stroke0096,0
train/LVO/p70_sub-stroke0096/selected_ncct/044.jpg,sub-stroke0096,0
train/LVO/p70_sub-stroke0096/selected_ncct/045.jpg,sub-stroke0096,0
train/LVO/p70_sub-stroke0096/selected_ncct/046.jpg,sub-stroke0096,0
train/LVO/p70_sub-stroke0096/selected_ncct/047.jpg,sub-stroke0096,0
train/LVO/p70_sub-stroke0096/selected_ncct/048.jpg,sub-stroke0096,0
train/LVO/p70_sub-stroke0096/selected_ncct/049.jpg,sub-stroke0096,0
train/LVO/p70_sub-stroke0096/selected_ncct/050.jpg,sub-stroke0096,0
train/LVO/p70_sub-stroke0096/selected_ncct/051.jpg,sub-stroke0096,0
train/LVO/p70_sub-stroke0096/selected_ncct/052.jpg,sub-stroke0096,0
train/LVO/p70_sub-stroke0096/selected_ncct/053.jpg,sub-stroke0096,0
train/LVO/p70_sub-stroke0096/selected_ncct/054.jpg,sub-stroke0096,0
train/LVO/p70_sub-stroke0096/selected_ncct/055.jpg,sub-stroke0096,0
train/LVO/p70_sub-stroke0096/selected_ncct/056.jpg,sub-stroke0096,0
train/LVO/p70_sub-stroke0096/selected_ncct/057.jpg,sub-stroke0096,0
train/LVO/p70_sub-stroke0096/selected_ncct/058.jpg,sub-stroke0096,0
train/LVO/p70_sub-stroke0096/selected_ncct/059.jpg,sub-stroke0096,0
train/LVO/p70_sub-stroke0096/selected_ncct/060.jpg,sub-stroke0096,0
train/LVO/p70_sub-stroke0096/selected_ncct/061.jpg,sub-stroke0096,0
train/LVO/p71_sub-stroke0097/selected_ncct/025.jpg,sub-stroke0097,0
train/LVO/p71_sub-stroke0097/selected_ncct/026.jpg,sub-stroke0097,0
train/LVO/p71_sub-stroke0097/selected_ncct/028.jpg,sub-stroke0097,0
train/LVO/p71_sub-stroke0097/selected_ncct/029.jpg,sub-stroke0097,0
train/LVO/p71_sub-stroke0097/selected_ncct/030.jpg,sub-stroke0097,0
train/LVO/p71_sub-stroke0097/selected_ncct/031.jpg,sub-stroke0097,0
train/LVO/p71_sub-stroke0097/selected_ncct/032.jpg,sub-stroke0097,0
train/LVO/p71_sub-stroke0097/selected_ncct/033.jpg,sub-stroke0097,0
train/LVO/p71_sub-stroke0097/selected_ncct/034.jpg,sub-stroke0097,0
train/LVO/p71_sub-stroke0097/selected_ncct/035.jpg,sub-stroke0097,0
train/LVO/p71_sub-stroke0097/selected_ncct/036.jpg,sub-stroke0097,0
train/LVO/p71_sub-stroke0097/selected_ncct/037.jpg,sub-stroke0097,0
train/LVO/p71_sub-stroke0097/selected_ncct/038.jpg,sub-stroke0097,0
train/LVO/p71_sub-stroke0097/selected_ncct/039.jpg,sub-stroke0097,0
train/LVO/p71_sub-stroke0097/selected_ncct/040.jpg,sub-stroke0097,0
train/LVO/p71_sub-stroke0097/selected_ncct/041.jpg,sub-stroke0097,0
train/LVO/p71_sub-stroke0097/selected_ncct/042.jpg,sub-stroke0097,0
train/LVO/p71_sub-stroke0097/selected_ncct/043.jpg,sub-stroke0097,0
train/LVO/p71_sub-stroke0097/selected_ncct/044.jpg,sub-stroke0097,0
train/LVO/p71_sub-stroke0097/selected_ncct/045.jpg,sub-stroke0097,0
train/LVO/p71_sub-stroke0097/selected_ncct/046.jpg,sub-stroke0097,0
train/LVO/p71_sub-stroke0097/selected_ncct/047.jpg,sub-stroke0097,0
train/LVO/p71_sub-stroke0097/selected_ncct/048.jpg,sub-stroke0097,0
train/LVO/p71_sub-stroke0097/selected_ncct/049.jpg,sub-stroke0097,0
train/LVO/p71_sub-stroke0097/selected_ncct/050.jpg,sub-stroke0097,0
train/LVO/p71_sub-stroke0097/selected_ncct/051.jpg,sub-stroke0097,0
train/LVO/p71_sub-stroke0097/selected_ncct/052.jpg,sub-stroke0097,0
train/LVO/p71_sub-stroke0097/selected_ncct/053.jpg,sub-stroke0097,0
train/LVO/p71_sub-stroke0097/selected_ncct/054.jpg,sub-stroke0097,0
train/LVO/p71_sub-stroke0097/selected_ncct/055.jpg,sub-stroke0097,0
train/LVO/p71_sub-stroke0097/selected_ncct/056.jpg,sub-stroke0097,0
train/LVO/p71_sub-stroke0097/selected_ncct/057.jpg,sub-stroke0097,0
train/LVO/p72_sub-stroke0098/selected_ncct/007.jpg,sub-stroke0098,0
train/LVO/p72_sub-stroke0098/selected_ncct/008.jpg,sub-stroke0098,0
train/LVO/p72_sub-stroke0098/selected_ncct/009.jpg,sub-stroke0098,0
train/LVO/p72_sub-stroke0098/selected_ncct/010.jpg,sub-stroke0098,0
train/LVO/p72_sub-stroke0098/selected_ncct/011.jpg,sub-stroke0098,0
train/LVO/p72_sub-stroke0098/selected_ncct/012.jpg,sub-stroke0098,0
train/LVO/p72_sub-stroke0098/selected_ncct/013.jpg,sub-stroke0098,0
train/LVO/p72_sub-stroke0098/selected_ncct/014.jpg,sub-stroke0098,0
train/LVO/p72_sub-stroke0098/selected_ncct/015.jpg,sub-stroke0098,0
train/LVO/p72_sub-stroke0098/selected_ncct/016.jpg,sub-stroke0098,0
train/LVO/p72_sub-stroke0098/selected_ncct/017.jpg,sub-stroke0098,0
train/LVO/p72_sub-stroke0098/selected_ncct/018.jpg,sub-stroke0098,0
train/LVO/p72_sub-stroke0098/selected_ncct/019.jpg,sub-stroke0098,0
train/LVO/p72_sub-stroke0098/selected_ncct/020.jpg,sub-stroke0098,0
train/LVO/p72_sub-stroke0098/selected_ncct/022.jpg,sub-stroke0098,0
train/LVO/p72_sub-stroke0098/selected_ncct/023.jpg,sub-stroke0098,0
train/LVO/p72_sub-stroke0098/selected_ncct/024.jpg,sub-stroke0098,0
train/LVO/p72_sub-stroke0098/selected_ncct/025.jpg,sub-stroke0098,0
train/LVO/p72_sub-stroke0098/selected_ncct/026.jpg,sub-stroke0098,0
train/LVO/p72_sub-stroke0098/selected_ncct/027.jpg,sub-stroke0098,0
train/LVO/p72_sub-stroke0098/selected_ncct/028.jpg,sub-stroke0098,0
train/LVO/p72_sub-stroke0098/selected_ncct/029.jpg,sub-stroke0098,0
train/LVO/p72_sub-stroke0098/selected_ncct/030.jpg,sub-stroke0098,0
train/LVO/p72_sub-stroke0098/selected_ncct/031.jpg,sub-stroke0098,0
train/LVO/p72_sub-stroke0098/selected_ncct/032.jpg,sub-stroke0098,0
train/LVO/p72_sub-stroke0098/selected_ncct/033.jpg,sub-stroke0098,0
train/LVO/p72_sub-stroke0098/selected_ncct/034.jpg,sub-stroke0098,0
train/LVO/p72_sub-stroke0098/selected_ncct/035.jpg,sub-stroke0098,0
train/LVO/p72_sub-stroke0098/selected_ncct/036.jpg,sub-stroke0098,0
train/LVO/p72_sub-stroke0098/selected_ncct/037.jpg,sub-stroke0098,0
train/LVO/p72_sub-stroke0098/selected_ncct/038.jpg,sub-stroke0098,0
train/LVO/p72_sub-stroke0098/selected_ncct/039.jpg,sub-stroke0098,0
train/LVO/p72_sub-stroke0098/selected_ncct/040.jpg,sub-stroke0098,0
train/LVO/p72_sub-stroke0098/selected_ncct/041.jpg,sub-stroke0098,0
train/LVO/p72_sub-stroke0098/selected_ncct/042.jpg,sub-stroke0098,0
train/LVO/p72_sub-stroke0098/selected_ncct/043.jpg,sub-stroke0098,0
train/LVO/p72_sub-stroke0098/selected_ncct/044.jpg,sub-stroke0098,0
train/LVO/p72_sub-stroke0098/selected_ncct/045.jpg,sub-stroke0098,0
train/LVO/p72_sub-stroke0098/selected_ncct/046.jpg,sub-stroke0098,0
train/LVO/p72_sub-stroke0098/selected_ncct/047.jpg,sub-stroke0098,0
train/LVO/p72_sub-stroke0098/selected_ncct/048.jpg,sub-stroke0098,0
train/LVO/p72_sub-stroke0098/selected_ncct/049.jpg,sub-stroke0098,0
train/LVO/p72_sub-stroke0098/selected_ncct/050.jpg,sub-stroke0098,0
train/LVO/p72_sub-stroke0098/selected_ncct/051.jpg,sub-stroke0098,0
train/LVO/p72_sub-stroke0098/selected_ncct/052.jpg,sub-stroke0098,0
train/LVO/p72_sub-stroke0098/selected_ncct/053.jpg,sub-stroke0098,0
train/LVO/p72_sub-stroke0098/selected_ncct/054.jpg,sub-stroke0098,0
train/LVO/p72_sub-stroke0098/selected_ncct/055.jpg,sub-stroke0098,0
train/LVO/p73_sub-stroke0099/selected_ncct/026.jpg,sub-stroke0099,0
train/LVO/p73_sub-stroke0099/selected_ncct/027.jpg,sub-stroke0099,0
train/LVO/p73_sub-stroke0099/selected_ncct/028.jpg,sub-stroke0099,0
train/LVO/p73_sub-stroke0099/selected_ncct/029.jpg,sub-stroke0099,0
train/LVO/p73_sub-stroke0099/selected_ncct/030.jpg,sub-stroke0099,0
train/LVO/p73_sub-stroke0099/selected_ncct/031.jpg,sub-stroke0099,0
train/LVO/p73_sub-stroke0099/selected_ncct/032.jpg,sub-stroke0099,0
train/LVO/p73_sub-stroke0099/selected_ncct/033.jpg,sub-stroke0099,0
train/LVO/p73_sub-stroke0099/selected_ncct/037.jpg,sub-stroke0099,0
train/LVO/p73_sub-stroke0099/selected_ncct/038.jpg,sub-stroke0099,0
train/LVO/p73_sub-stroke0099/selected_ncct/039.jpg,sub-stroke0099,0
train/LVO/p73_sub-stroke0099/selected_ncct/040.jpg,sub-stroke0099,0
train/LVO/p73_sub-stroke0099/selected_ncct/041.jpg,sub-stroke0099,0
train/LVO/p73_sub-stroke0099/selected_ncct/044.jpg,sub-stroke0099,0
train/LVO/p73_sub-stroke0099/selected_ncct/045.jpg,sub-stroke0099,0
train/LVO/p73_sub-stroke0099/selected_ncct/046.jpg,sub-stroke0099,0
train/LVO/p73_sub-stroke0099/selected_ncct/047.jpg,sub-stroke0099,0
train/LVO/p75_sub-stroke0101/selected_ncct/009.jpg,sub-stroke0101,0
train/LVO/p75_sub-stroke0101/selected_ncct/010.jpg,sub-stroke0101,0
train/LVO/p75_sub-stroke0101/selected_ncct/011.jpg,sub-stroke0101,0
train/LVO/p75_sub-stroke0101/selected_ncct/012.jpg,sub-stroke0101,0
train/LVO/p75_sub-stroke0101/selected_ncct/013.jpg,sub-stroke0101,0
train/LVO/p75_sub-stroke0101/selected_ncct/014.jpg,sub-stroke0101,0
train/LVO/p75_sub-stroke0101/selected_ncct/015.jpg,sub-stroke0101,0
train/LVO/p75_sub-stroke0101/selected_ncct/016.jpg,sub-stroke0101,0
train/LVO/p75_sub-stroke0101/selected_ncct/017.jpg,sub-stroke0101,0
train/LVO/p75_sub-stroke0101/selected_ncct/018.jpg,sub-stroke0101,0
train/LVO/p75_sub-stroke0101/selected_ncct/019.jpg,sub-stroke0101,0
train/LVO/p75_sub-stroke0101/selected_ncct/020.jpg,sub-stroke0101,0
train/LVO/p75_sub-stroke0101/selected_ncct/021.jpg,sub-stroke0101,0
train/LVO/p75_sub-stroke0101/selected_ncct/022.jpg,sub-stroke0101,0
train/LVO/p75_sub-stroke0101/selected_ncct/023.jpg,sub-stroke0101,0
train/LVO/p75_sub-stroke0101/selected_ncct/024.jpg,sub-stroke0101,0
train/LVO/p75_sub-stroke0101/selected_ncct/025.jpg,sub-stroke0101,0
train/LVO/p75_sub-stroke0101/selected_ncct/027.jpg,sub-stroke0101,0
train/LVO/p75_sub-stroke0101/selected_ncct/028.jpg,sub-stroke0101,0
train/LVO/p75_sub-stroke0101/selected_ncct/029.jpg,sub-stroke0101,0
train/LVO/p75_sub-stroke0101/selected_ncct/030.jpg,sub-stroke0101,0
train/LVO/p75_sub-stroke0101/selected_ncct/031.jpg,sub-stroke0101,0
train/LVO/p75_sub-stroke0101/selected_ncct/032.jpg,sub-stroke0101,0
train/LVO/p75_sub-stroke0101/selected_ncct/033.jpg,sub-stroke0101,0
train/LVO/p75_sub-stroke0101/selected_ncct/034.jpg,sub-stroke0101,0
train/LVO/p75_sub-stroke0101/selected_ncct/035.jpg,sub-stroke0101,0
train/LVO/p75_sub-stroke0101/selected_ncct/036.jpg,sub-stroke0101,0
train/LVO/p75_sub-stroke0101/selected_ncct/037.jpg,sub-stroke0101,0
train/LVO/p75_sub-stroke0101/selected_ncct/038.jpg,sub-stroke0101,0
train/LVO/p75_sub-stroke0101/selected_ncct/039.jpg,sub-stroke0101,0
train/LVO/p75_sub-stroke0101/selected_ncct/040.jpg,sub-stroke0101,0
train/LVO/p75_sub-stroke0101/selected_ncct/041.jpg,sub-stroke0101,0
train/LVO/p75_sub-stroke0101/selected_ncct/042.jpg,sub-stroke0101,0
train/LVO/p75_sub-stroke0101/selected_ncct/043.jpg,sub-stroke0101,0
train/LVO/p75_sub-stroke0101/selected_ncct/044.jpg,sub-stroke0101,0
train/LVO/p75_sub-stroke0101/selected_ncct/045.jpg,sub-stroke0101,0
train/LVO/p75_sub-stroke0101/selected_ncct/046.jpg,sub-stroke0101,0
train/LVO/p75_sub-stroke0101/selected_ncct/047.jpg,sub-stroke0101,0
train/LVO/p75_sub-stroke0101/selected_ncct/048.jpg,sub-stroke0101,0
train/LVO/p75_sub-stroke0101/selected_ncct/049.jpg,sub-stroke0101,0
train/LVO/p75_sub-stroke0101/selected_ncct/050.jpg,sub-stroke0101,0
train/LVO/p75_sub-stroke0101/selected_ncct/051.jpg,sub-stroke0101,0
train/LVO/p75_sub-stroke0101/selected_ncct/052.jpg,sub-stroke0101,0
train/LVO/p75_sub-stroke0101/selected_ncct/053.jpg,sub-stroke0101,0
train/LVO/p75_sub-stroke0101/selected_ncct/054.jpg,sub-stroke0101,0
train/LVO/p75_sub-stroke0101/selected_ncct/055.jpg,sub-stroke0101,0
train/LVO/p75_sub-stroke0101/selected_ncct/056.jpg,sub-stroke0101,0
train/LVO/p75_sub-stroke0101/selected_ncct/057.jpg,sub-stroke0101,0
train/LVO/p75_sub-stroke0101/selected_ncct/058.jpg,sub-stroke0101,0
train/LVO/p75_sub-stroke0101/selected_ncct/059.jpg,sub-stroke0101,0
train/LVO/p75_sub-stroke0101/selected_ncct/060.jpg,sub-stroke0101,0
train/LVO/p75_sub-stroke0101/selected_ncct/061.jpg,sub-stroke0101,0
train/LVO/p75_sub-stroke0101/selected_ncct/062.jpg,sub-stroke0101,0
train/LVO/p77_sub-stroke0103/selected_ncct/023.jpg,sub-stroke0103,0
train/LVO/p77_sub-stroke0103/selected_ncct/024.jpg,sub-stroke0103,0
train/LVO/p77_sub-stroke0103/selected_ncct/025.jpg,sub-stroke0103,0
train/LVO/p77_sub-stroke0103/selected_ncct/026.jpg,sub-stroke0103,0
train/LVO/p77_sub-stroke0103/selected_ncct/027.jpg,sub-stroke0103,0
train/LVO/p77_sub-stroke0103/selected_ncct/028.jpg,sub-stroke0103,0
train/LVO/p77_sub-stroke0103/selected_ncct/029.jpg,sub-stroke0103,0
train/LVO/p77_sub-stroke0103/selected_ncct/030.jpg,sub-stroke0103,0
train/LVO/p77_sub-stroke0103/selected_ncct/031.jpg,sub-stroke0103,0
train/LVO/p77_sub-stroke0103/selected_ncct/032.jpg,sub-stroke0103,0
train/LVO/p77_sub-stroke0103/selected_ncct/033.jpg,sub-stroke0103,0
train/LVO/p77_sub-stroke0103/selected_ncct/034.jpg,sub-stroke0103,0
train/LVO/p77_sub-stroke0103/selected_ncct/035.jpg,sub-stroke0103,0
train/LVO/p77_sub-stroke0103/selected_ncct/036.jpg,sub-stroke0103,0
train/LVO/p77_sub-stroke0103/selected_ncct/037.jpg,sub-stroke0103,0
train/LVO/p77_sub-stroke0103/selected_ncct/038.jpg,sub-stroke0103,0
train/LVO/p77_sub-stroke0103/selected_ncct/039.jpg,sub-stroke0103,0
train/LVO/p77_sub-stroke0103/selected_ncct/040.jpg,sub-stroke0103,0
train/LVO/p77_sub-stroke0103/selected_ncct/041.jpg,sub-stroke0103,0
train/LVO/p77_sub-stroke0103/selected_ncct/044.jpg,sub-stroke0103,0
train/LVO/p77_sub-stroke0103/selected_ncct/045.jpg,sub-stroke0103,0
train/LVO/p77_sub-stroke0103/selected_ncct/046.jpg,sub-stroke0103,0
train/LVO/p77_sub-stroke0103/selected_ncct/047.jpg,sub-stroke0103,0
train/LVO/p77_sub-stroke0103/selected_ncct/048.jpg,sub-stroke0103,0
train/LVO/p77_sub-stroke0103/selected_ncct/049.jpg,sub-stroke0103,0
train/LVO/p77_sub-stroke0103/selected_ncct/050.jpg,sub-stroke0103,0
train/LVO/p77_sub-stroke0103/selected_ncct/051.jpg,sub-stroke0103,0
train/LVO/p77_sub-stroke0103/selected_ncct/052.jpg,sub-stroke0103,0
train/LVO/p77_sub-stroke0103/selected_ncct/053.jpg,sub-stroke0103,0
train/LVO/p77_sub-stroke0103/selected_ncct/054.jpg,sub-stroke0103,0
train/LVO/p77_sub-stroke0103/selected_ncct/055.jpg,sub-stroke0103,0
train/LVO/p77_sub-stroke0103/selected_ncct/056.jpg,sub-stroke0103,0
train/LVO/p77_sub-stroke0103/selected_ncct/057.jpg,sub-stroke0103,0
train/LVO/p77_sub-stroke0103/selected_ncct/058.jpg,sub-stroke0103,0
train/LVO/p77_sub-stroke0103/selected_ncct/059.jpg,sub-stroke0103,0
train/LVO/p77_sub-stroke0103/selected_ncct/060.jpg,sub-stroke0103,0
train/LVO/p77_sub-stroke0103/selected_ncct/061.jpg,sub-stroke0103,0
train/LVO/p77_sub-stroke0103/selected_ncct/062.jpg,sub-stroke0103,0
train/LVO/p78_sub-stroke0104/selected_ncct/015.jpg,sub-stroke0104,0
train/LVO/p78_sub-stroke0104/selected_ncct/016.jpg,sub-stroke0104,0
train/LVO/p78_sub-stroke0104/selected_ncct/018.jpg,sub-stroke0104,0
train/LVO/p78_sub-stroke0104/selected_ncct/019.jpg,sub-stroke0104,0
train/LVO/p78_sub-stroke0104/selected_ncct/020.jpg,sub-stroke0104,0
train/LVO/p78_sub-stroke0104/selected_ncct/021.jpg,sub-stroke0104,0
train/LVO/p78_sub-stroke0104/selected_ncct/022.jpg,sub-stroke0104,0
train/LVO/p78_sub-stroke0104/selected_ncct/023.jpg,sub-stroke0104,0
train/LVO/p78_sub-stroke0104/selected_ncct/024.jpg,sub-stroke0104,0
train/LVO/p78_sub-stroke0104/selected_ncct/025.jpg,sub-stroke0104,0
train/LVO/p78_sub-stroke0104/selected_ncct/026.jpg,sub-stroke0104,0
train/LVO/p78_sub-stroke0104/selected_ncct/027.jpg,sub-stroke0104,0
train/LVO/p78_sub-stroke0104/selected_ncct/028.jpg,sub-stroke0104,0
train/LVO/p78_sub-stroke0104/selected_ncct/029.jpg,sub-stroke0104,0
train/LVO/p78_sub-stroke0104/selected_ncct/030.jpg,sub-stroke0104,0
train/LVO/p78_sub-stroke0104/selected_ncct/031.jpg,sub-stroke0104,0
train/LVO/p78_sub-stroke0104/selected_ncct/032.jpg,sub-stroke0104,0
train/LVO/p78_sub-stroke0104/selected_ncct/033.jpg,sub-stroke0104,0
train/LVO/p78_sub-stroke0104/selected_ncct/034.jpg,sub-stroke0104,0
train/LVO/p78_sub-stroke0104/selected_ncct/035.jpg,sub-stroke0104,0
train/LVO/p78_sub-stroke0104/selected_ncct/036.jpg,sub-stroke0104,0
train/LVO/p78_sub-stroke0104/selected_ncct/037.jpg,sub-stroke0104,0
train/LVO/p78_sub-stroke0104/selected_ncct/038.jpg,sub-stroke0104,0
train/LVO/p78_sub-stroke0104/selected_ncct/039.jpg,sub-stroke0104,0
train/LVO/p78_sub-stroke0104/selected_ncct/040.jpg,sub-stroke0104,0
train/LVO/p78_sub-stroke0104/selected_ncct/041.jpg,sub-stroke0104,0
train/LVO/p78_sub-stroke0104/selected_ncct/042.jpg,sub-stroke0104,0
train/LVO/p78_sub-stroke0104/selected_ncct/043.jpg,sub-stroke0104,0
train/LVO/p78_sub-stroke0104/selected_ncct/044.jpg,sub-stroke0104,0
train/LVO/p78_sub-stroke0104/selected_ncct/045.jpg,sub-stroke0104,0
train/LVO/p78_sub-stroke0104/selected_ncct/046.jpg,sub-stroke0104,0
train/LVO/p78_sub-stroke0104/selected_ncct/047.jpg,sub-stroke0104,0
train/LVO/p78_sub-stroke0104/selected_ncct/048.jpg,sub-stroke0104,0
train/LVO/p78_sub-stroke0104/selected_ncct/049.jpg,sub-stroke0104,0
train/LVO/p78_sub-stroke0104/selected_ncct/050.jpg,sub-stroke0104,0
train/LVO/p78_sub-stroke0104/selected_ncct/051.jpg,sub-stroke0104,0
train/LVO/p78_sub-stroke0104/selected_ncct/052.jpg,sub-stroke0104,0
train/LVO/p7_sub-stroke0007/selected_ncct/007.jpg,sub-stroke0007,1
train/LVO/p7_sub-stroke0007/selected_ncct/008.jpg,sub-stroke0007,1
train/LVO/p7_sub-stroke0007/selected_ncct/009.jpg,sub-stroke0007,1
train/LVO/p7_sub-stroke0007/selected_ncct/010.jpg,sub-stroke0007,1
train/LVO/p7_sub-stroke0007/selected_ncct/011.jpg,sub-stroke0007,1
train/LVO/p7_sub-stroke0007/selected_ncct/012.jpg,sub-stroke0007,1
train/LVO/p7_sub-stroke0007/selected_ncct/013.jpg,sub-stroke0007,1
train/LVO/p7_sub-stroke0007/selected_ncct/014.jpg,sub-stroke0007,1
train/LVO/p7_sub-stroke0007/selected_ncct/015.jpg,sub-stroke0007,1
train/LVO/p7_sub-stroke0007/selected_ncct/016.jpg,sub-stroke0007,1
train/LVO/p7_sub-stroke0007/selected_ncct/017.jpg,sub-stroke0007,1
train/LVO/p7_sub-stroke0007/selected_ncct/018.jpg,sub-stroke0007,1
train/LVO/p7_sub-stroke0007/selected_ncct/019.jpg,sub-stroke0007,1
train/LVO/p7_sub-stroke0007/selected_ncct/020.jpg,sub-stroke0007,1
train/LVO/p7_sub-stroke0007/selected_ncct/021.jpg,sub-stroke0007,1
train/LVO/p7_sub-stroke0007/selected_ncct/022.jpg,sub-stroke0007,1
train/LVO/p7_sub-stroke0007/selected_ncct/023.jpg,sub-stroke0007,1
train/LVO/p7_sub-stroke0007/selected_ncct/024.jpg,sub-stroke0007,1
train/LVO/p7_sub-stroke0007/selected_ncct/025.jpg,sub-stroke0007,1
train/LVO/p7_sub-stroke0007/selected_ncct/026.jpg,sub-stroke0007,1
train/LVO/p7_sub-stroke0007/selected_ncct/027.jpg,sub-stroke0007,1
train/LVO/p7_sub-stroke0007/selected_ncct/028.jpg,sub-stroke0007,1
train/LVO/p7_sub-stroke0007/selected_ncct/029.jpg,sub-stroke0007,1
train/LVO/p7_sub-stroke0007/selected_ncct/030.jpg,sub-stroke0007,1
train/LVO/p7_sub-stroke0007/selected_ncct/031.jpg,sub-stroke0007,1
train/LVO/p7_sub-stroke0007/selected_ncct/032.jpg,sub-stroke0007,1
train/LVO/p7_sub-stroke0007/selected_ncct/033.jpg,sub-stroke0007,1
train/LVO/p7_sub-stroke0007/selected_ncct/034.jpg,sub-stroke0007,1
train/LVO/p7_sub-stroke0007/selected_ncct/035.jpg,sub-stroke0007,1
train/LVO/p7_sub-stroke0007/selected_ncct/036.jpg,sub-stroke0007,1
train/LVO/p7_sub-stroke0007/selected_ncct/037.jpg,sub-stroke0007,1
train/LVO/p7_sub-stroke0007/selected_ncct/038.jpg,sub-stroke0007,1
train/LVO/p7_sub-stroke0007/selected_ncct/039.jpg,sub-stroke0007,1
train/LVO/p7_sub-stroke0007/selected_ncct/040.jpg,sub-stroke0007,1
train/LVO/p7_sub-stroke0007/selected_ncct/041.jpg,sub-stroke0007,1
train/LVO/p7_sub-stroke0007/selected_ncct/042.jpg,sub-stroke0007,1
train/LVO/p7_sub-stroke0007/selected_ncct/043.jpg,sub-stroke0007,1
train/LVO/p7_sub-stroke0007/selected_ncct/044.jpg,sub-stroke0007,1
train/LVO/p7_sub-stroke0007/selected_ncct/045.jpg,sub-stroke0007,1
train/LVO/p7_sub-stroke0007/selected_ncct/046.jpg,sub-stroke0007,1
train/LVO/p7_sub-stroke0007/selected_ncct/047.jpg,sub-stroke0007,1
train/LVO/p7_sub-stroke0007/selected_ncct/048.jpg,sub-stroke0007,1
train/LVO/p7_sub-stroke0007/selected_ncct/049.jpg,sub-stroke0007,1
train/LVO/p7_sub-stroke0007/selected_ncct/050.jpg,sub-stroke0007,1
train/LVO/p7_sub-stroke0007/selected_ncct/051.jpg,sub-stroke0007,1
train/LVO/p7_sub-stroke0007/selected_ncct/052.jpg,sub-stroke0007,1
train/LVO/p7_sub-stroke0007/selected_ncct/053.jpg,sub-stroke0007,1
train/LVO/p7_sub-stroke0007/selected_ncct/054.jpg,sub-stroke0007,1
train/LVO/p7_sub-stroke0007/selected_ncct/055.jpg,sub-stroke0007,1
train/LVO/p7_sub-stroke0007/selected_ncct/056.jpg,sub-stroke0007,1
train/LVO/p7_sub-stroke0007/selected_ncct/058.jpg,sub-stroke0007,1
train/LVO/p7_sub-stroke0007/selected_ncct/059.jpg,sub-stroke0007,1
train/LVO/p7_sub-stroke0007/selected_ncct/060.jpg,sub-stroke0007,1
train/LVO/p7_sub-stroke0007/selected_ncct/061.jpg,sub-stroke0007,1
train/LVO/p7_sub-stroke0007/selected_ncct/062.jpg,sub-stroke0007,1
train/LVO/p81_sub-stroke0107/selected_ncct/009.jpg,sub-stroke0107,0
train/LVO/p81_sub-stroke0107/selected_ncct/010.jpg,sub-stroke0107,0
train/LVO/p81_sub-stroke0107/selected_ncct/011.jpg,sub-stroke0107,0
train/LVO/p81_sub-stroke0107/selected_ncct/012.jpg,sub-stroke0107,0
train/LVO/p81_sub-stroke0107/selected_ncct/013.jpg,sub-stroke0107,0
train/LVO/p81_sub-stroke0107/selected_ncct/014.jpg,sub-stroke0107,0
train/LVO/p81_sub-stroke0107/selected_ncct/015.jpg,sub-stroke0107,0
train/LVO/p81_sub-stroke0107/selected_ncct/016.jpg,sub-stroke0107,0
train/LVO/p81_sub-stroke0107/selected_ncct/018.jpg,sub-stroke0107,0
train/LVO/p81_sub-stroke0107/selected_ncct/019.jpg,sub-stroke0107,0
train/LVO/p81_sub-stroke0107/selected_ncct/020.jpg,sub-stroke0107,0
train/LVO/p81_sub-stroke0107/selected_ncct/021.jpg,sub-stroke0107,0
train/LVO/p81_sub-stroke0107/selected_ncct/022.jpg,sub-stroke0107,0
train/LVO/p81_sub-stroke0107/selected_ncct/023.jpg,sub-stroke0107,0
train/LVO/p81_sub-stroke0107/selected_ncct/024.jpg,sub-stroke0107,0
train/LVO/p81_sub-stroke0107/selected_ncct/025.jpg,sub-stroke0107,0
train/LVO/p81_sub-stroke0107/selected_ncct/026.jpg,sub-stroke0107,0
train/LVO/p81_sub-stroke0107/selected_ncct/027.jpg,sub-stroke0107,0
train/LVO/p81_sub-stroke0107/selected_ncct/028.jpg,sub-stroke0107,0
train/LVO/p81_sub-stroke0107/selected_ncct/029.jpg,sub-stroke0107,0
train/LVO/p81_sub-stroke0107/selected_ncct/030.jpg,sub-stroke0107,0
train/LVO/p81_sub-stroke0107/selected_ncct/031.jpg,sub-stroke0107,0
train/LVO/p81_sub-stroke0107/selected_ncct/032.jpg,sub-stroke0107,0
train/LVO/p81_sub-stroke0107/selected_ncct/033.jpg,sub-stroke0107,0
train/LVO/p81_sub-stroke0107/selected_ncct/034.jpg,sub-stroke0107,0
train/LVO/p81_sub-stroke0107/selected_ncct/035.jpg,sub-stroke0107,0
train/LVO/p81_sub-stroke0107/selected_ncct/036.jpg,sub-stroke0107,0
train/LVO/p81_sub-stroke0107/selected_ncct/037.jpg,sub-stroke0107,0
train/LVO/p81_sub-stroke0107/selected_ncct/038.jpg,sub-stroke0107,0
train/LVO/p81_sub-stroke0107/selected_ncct/039.jpg,sub-stroke0107,0
train/LVO/p81_sub-stroke0107/selected_ncct/040.jpg,sub-stroke0107,0
train/LVO/p81_sub-stroke0107/selected_ncct/041.jpg,sub-stroke0107,0
train/LVO/p81_sub-stroke0107/selected_ncct/042.jpg,sub-stroke0107,0
train/LVO/p81_sub-stroke0107/selected_ncct/043.jpg,sub-stroke0107,0
train/LVO/p81_sub-stroke0107/selected_ncct/044.jpg,sub-stroke0107,0
train/LVO/p81_sub-stroke0107/selected_ncct/045.jpg,sub-stroke0107,0
train/LVO/p81_sub-stroke0107/selected_ncct/046.jpg,sub-stroke0107,0
train/LVO/p81_sub-stroke0107/selected_ncct/047.jpg,sub-stroke0107,0
train/LVO/p81_sub-stroke0107/selected_ncct/048.jpg,sub-stroke0107,0
train/LVO/p81_sub-stroke0107/selected_ncct/049.jpg,sub-stroke0107,0
train/LVO/p81_sub-stroke0107/selected_ncct/050.jpg,sub-stroke0107,0
train/LVO/p81_sub-stroke0107/selected_ncct/051.jpg,sub-stroke0107,0
train/LVO/p81_sub-stroke0107/selected_ncct/052.jpg,sub-stroke0107,0
train/LVO/p81_sub-stroke0107/selected_ncct/053.jpg,sub-stroke0107,0
train/LVO/p81_sub-stroke0107/selected_ncct/054.jpg,sub-stroke0107,0
train/LVO/p81_sub-stroke0107/selected_ncct/055.jpg,sub-stroke0107,0
train/LVO/p81_sub-stroke0107/selected_ncct/056.jpg,sub-stroke0107,0
train/LVO/p81_sub-stroke0107/selected_ncct/057.jpg,sub-stroke0107,0
train/LVO/p81_sub-stroke0107/selected_ncct/058.jpg,sub-stroke0107,0
train/LVO/p81_sub-stroke0107/selected_ncct/059.jpg,sub-stroke0107,0
train/LVO/p81_sub-stroke0107/selected_ncct/060.jpg,sub-stroke0107,0
train/LVO/p81_sub-stroke0107/selected_ncct/061.jpg,sub-stroke0107,0
train/LVO/p81_sub-stroke0107/selected_ncct/062.jpg,sub-stroke0107,0
train/LVO/p81_sub-stroke0107/selected_ncct/063.jpg,sub-stroke0107,0
train/LVO/p82_sub-stroke0108/selected_ncct/017.jpg,sub-stroke0108,0
train/LVO/p82_sub-stroke0108/selected_ncct/018.jpg,sub-stroke0108,0
train/LVO/p82_sub-stroke0108/selected_ncct/019.jpg,sub-stroke0108,0
train/LVO/p82_sub-stroke0108/selected_ncct/020.jpg,sub-stroke0108,0
train/LVO/p82_sub-stroke0108/selected_ncct/022.jpg,sub-stroke0108,0
train/LVO/p82_sub-stroke0108/selected_ncct/023.jpg,sub-stroke0108,0
train/LVO/p82_sub-stroke0108/selected_ncct/024.jpg,sub-stroke0108,0
train/LVO/p82_sub-stroke0108/selected_ncct/025.jpg,sub-stroke0108,0
train/LVO/p82_sub-stroke0108/selected_ncct/026.jpg,sub-stroke0108,0
train/LVO/p82_sub-stroke0108/selected_ncct/027.jpg,sub-stroke0108,0
train/LVO/p82_sub-stroke0108/selected_ncct/028.jpg,sub-stroke0108,0
train/LVO/p82_sub-stroke0108/selected_ncct/029.jpg,sub-stroke0108,0
train/LVO/p82_sub-stroke0108/selected_ncct/030.jpg,sub-stroke0108,0
train/LVO/p82_sub-stroke0108/selected_ncct/031.jpg,sub-stroke0108,0
train/LVO/p82_sub-stroke0108/selected_ncct/032.jpg,sub-stroke0108,0
train/LVO/p82_sub-stroke0108/selected_ncct/033.jpg,sub-stroke0108,0
train/LVO/p82_sub-stroke0108/selected_ncct/034.jpg,sub-stroke0108,0
train/LVO/p82_sub-stroke0108/selected_ncct/035.jpg,sub-stroke0108,0
train/LVO/p82_sub-stroke0108/selected_ncct/036.jpg,sub-stroke0108,0
train/LVO/p82_sub-stroke0108/selected_ncct/037.jpg,sub-stroke0108,0
train/LVO/p86_sub-stroke0112/selected_ncct/029.jpg,sub-stroke0112,0
train/LVO/p86_sub-stroke0112/selected_ncct/030.jpg,sub-stroke0112,0
train/LVO/p86_sub-stroke0112/selected_ncct/031.jpg,sub-stroke0112,0
train/LVO/p86_sub-stroke0112/selected_ncct/032.jpg,sub-stroke0112,0
train/LVO/p86_sub-stroke0112/selected_ncct/033.jpg,sub-stroke0112,0
train/LVO/p86_sub-stroke0112/selected_ncct/034.jpg,sub-stroke0112,0
train/LVO/p86_sub-stroke0112/selected_ncct/035.jpg,sub-stroke0112,0
train/LVO/p86_sub-stroke0112/selected_ncct/036.jpg,sub-stroke0112,0
train/LVO/p86_sub-stroke0112/selected_ncct/037.jpg,sub-stroke0112,0
train/LVO/p86_sub-stroke0112/selected_ncct/038.jpg,sub-stroke0112,0
train/LVO/p86_sub-stroke0112/selected_ncct/039.jpg,sub-stroke0112,0
train/LVO/p86_sub-stroke0112/selected_ncct/040.jpg,sub-stroke0112,0
train/LVO/p86_sub-stroke0112/selected_ncct/041.jpg,sub-stroke0112,0
train/LVO/p86_sub-stroke0112/selected_ncct/042.jpg,sub-stroke0112,0
train/LVO/p86_sub-stroke0112/selected_ncct/043.jpg,sub-stroke0112,0
train/LVO/p86_sub-stroke0112/selected_ncct/044.jpg,sub-stroke0112,0
train/LVO/p86_sub-stroke0112/selected_ncct/045.jpg,sub-stroke0112,0
train/LVO/p86_sub-stroke0112/selected_ncct/046.jpg,sub-stroke0112,0
train/LVO/p87_sub-stroke0113/selected_ncct/025.jpg,sub-stroke0113,1
train/LVO/p87_sub-stroke0113/selected_ncct/026.jpg,sub-stroke0113,1
train/LVO/p87_sub-stroke0113/selected_ncct/027.jpg,sub-stroke0113,1
train/LVO/p87_sub-stroke0113/selected_ncct/028.jpg,sub-stroke0113,1
train/LVO/p87_sub-stroke0113/selected_ncct/029.jpg,sub-stroke0113,1
train/LVO/p87_sub-stroke0113/selected_ncct/030.jpg,sub-stroke0113,1
train/LVO/p87_sub-stroke0113/selected_ncct/031.jpg,sub-stroke0113,1
train/LVO/p87_sub-stroke0113/selected_ncct/032.jpg,sub-stroke0113,1
train/LVO/p87_sub-stroke0113/selected_ncct/033.jpg,sub-stroke0113,1
train/LVO/p87_sub-stroke0113/selected_ncct/035.jpg,sub-stroke0113,1
train/LVO/p87_sub-stroke0113/selected_ncct/036.jpg,sub-stroke0113,1
train/LVO/p87_sub-stroke0113/selected_ncct/037.jpg,sub-stroke0113,1
train/LVO/p87_sub-stroke0113/selected_ncct/038.jpg,sub-stroke0113,1
train/LVO/p87_sub-stroke0113/selected_ncct/039.jpg,sub-stroke0113,1
train/LVO/p87_sub-stroke0113/selected_ncct/040.jpg,sub-stroke0113,1
train/LVO/p87_sub-stroke0113/selected_ncct/041.jpg,sub-stroke0113,1
train/LVO/p87_sub-stroke0113/selected_ncct/042.jpg,sub-stroke0113,1
train/LVO/p87_sub-stroke0113/selected_ncct/043.jpg,sub-stroke0113,1
train/LVO/p87_sub-stroke0113/selected_ncct/044.jpg,sub-stroke0113,1
train/LVO/p87_sub-stroke0113/selected_ncct/045.jpg,sub-stroke0113,1
train/LVO/p87_sub-stroke0113/selected_ncct/046.jpg,sub-stroke0113,1
train/LVO/p87_sub-stroke0113/selected_ncct/047.jpg,sub-stroke0113,1
train/LVO/p87_sub-stroke0113/selected_ncct/048.jpg,sub-stroke0113,1
train/LVO/p87_sub-stroke0113/selected_ncct/049.jpg,sub-stroke0113,1
train/LVO/p88_sub-stroke0114/selected_ncct/013.jpg,sub-stroke0114,1
train/LVO/p88_sub-stroke0114/selected_ncct/014.jpg,sub-stroke0114,1
train/LVO/p88_sub-stroke0114/selected_ncct/015.jpg,sub-stroke0114,1
train/LVO/p88_sub-stroke0114/selected_ncct/016.jpg,sub-stroke0114,1
train/LVO/p88_sub-stroke0114/selected_ncct/017.jpg,sub-stroke0114,1
train/LVO/p88_sub-stroke0114/selected_ncct/018.jpg,sub-stroke0114,1
train/LVO/p88_sub-stroke0114/selected_ncct/019.jpg,sub-stroke0114,1
train/LVO/p88_sub-stroke0114/selected_ncct/020.jpg,sub-stroke0114,1
train/LVO/p88_sub-stroke0114/selected_ncct/022.jpg,sub-stroke0114,1
train/LVO/p88_sub-stroke0114/selected_ncct/023.jpg,sub-stroke0114,1
train/LVO/p88_sub-stroke0114/selected_ncct/024.jpg,sub-stroke0114,1
train/LVO/p88_sub-stroke0114/selected_ncct/025.jpg,sub-stroke0114,1
train/LVO/p88_sub-stroke0114/selected_ncct/026.jpg,sub-stroke0114,1
train/LVO/p88_sub-stroke0114/selected_ncct/027.jpg,sub-stroke0114,1
train/LVO/p88_sub-stroke0114/selected_ncct/028.jpg,sub-stroke0114,1
train/LVO/p88_sub-stroke0114/selected_ncct/029.jpg,sub-stroke0114,1
train/LVO/p88_sub-stroke0114/selected_ncct/030.jpg,sub-stroke0114,1
train/LVO/p88_sub-stroke0114/selected_ncct/031.jpg,sub-stroke0114,1
train/LVO/p88_sub-stroke0114/selected_ncct/032.jpg,sub-stroke0114,1
train/LVO/p88_sub-stroke0114/selected_ncct/033.jpg,sub-stroke0114,1
train/LVO/p88_sub-stroke0114/selected_ncct/034.jpg,sub-stroke0114,1
train/LVO/p88_sub-stroke0114/selected_ncct/035.jpg,sub-stroke0114,1
train/LVO/p88_sub-stroke0114/selected_ncct/036.jpg,sub-stroke0114,1
train/LVO/p88_sub-stroke0114/selected_ncct/037.jpg,sub-stroke0114,1
train/LVO/p88_sub-stroke0114/selected_ncct/038.jpg,sub-stroke0114,1
train/LVO/p88_sub-stroke0114/selected_ncct/039.jpg,sub-stroke0114,1
train/LVO/p88_sub-stroke0114/selected_ncct/040.jpg,sub-stroke0114,1
train/LVO/p88_sub-stroke0114/selected_ncct/041.jpg,sub-stroke0114,1
train/LVO/p89_sub-stroke0115/selected_ncct/010.jpg,sub-stroke0115,0
train/LVO/p89_sub-stroke0115/selected_ncct/011.jpg,sub-stroke0115,0
train/LVO/p89_sub-stroke0115/selected_ncct/012.jpg,sub-stroke0115,0
train/LVO/p89_sub-stroke0115/selected_ncct/013.jpg,sub-stroke0115,0
train/LVO/p89_sub-stroke0115/selected_ncct/014.jpg,sub-stroke0115,0
train/LVO/p89_sub-stroke0115/selected_ncct/015.jpg,sub-stroke0115,0
train/LVO/p89_sub-stroke0115/selected_ncct/016.jpg,sub-stroke0115,0
train/LVO/p89_sub-stroke0115/selected_ncct/018.jpg,sub-stroke0115,0
train/LVO/p89_sub-stroke0115/selected_ncct/019.jpg,sub-stroke0115,0
train/LVO/p89_sub-stroke0115/selected_ncct/020.jpg,sub-stroke0115,0
train/LVO/p89_sub-stroke0115/selected_ncct/021.jpg,sub-stroke0115,0
train/LVO/p89_sub-stroke0115/selected_ncct/022.jpg,sub-stroke0115,0
train/LVO/p89_sub-stroke0115/selected_ncct/023.jpg,sub-stroke0115,0
train/LVO/p89_sub-stroke0115/selected_ncct/024.jpg,sub-stroke0115,0
train/LVO/p89_sub-stroke0115/selected_ncct/025.jpg,sub-stroke0115,0
train/LVO/p89_sub-stroke0115/selected_ncct/026.jpg,sub-stroke0115,0
train/LVO/p89_sub-stroke0115/selected_ncct/027.jpg,sub-stroke0115,0
train/LVO/p89_sub-stroke0115/selected_ncct/028.jpg,sub-stroke0115,0
train/LVO/p89_sub-stroke0115/selected_ncct/029.jpg,sub-stroke0115,0
train/LVO/p89_sub-stroke0115/selected_ncct/030.jpg,sub-stroke0115,0
train/LVO/p89_sub-stroke0115/selected_ncct/031.jpg,sub-stroke0115,0
train/LVO/p89_sub-stroke0115/selected_ncct/032.jpg,sub-stroke0115,0
train/LVO/p89_sub-stroke0115/selected_ncct/033.jpg,sub-stroke0115,0
train/LVO/p89_sub-stroke0115/selected_ncct/034.jpg,sub-stroke0115,0
train/LVO/p89_sub-stroke0115/selected_ncct/035.jpg,sub-stroke0115,0
train/LVO/p89_sub-stroke0115/selected_ncct/036.jpg,sub-stroke0115,0
train/LVO/p89_sub-stroke0115/selected_ncct/037.jpg,sub-stroke0115,0
train/LVO/p89_sub-stroke0115/selected_ncct/038.jpg,sub-stroke0115,0
train/LVO/p89_sub-stroke0115/selected_ncct/039.jpg,sub-stroke0115,0
train/LVO/p89_sub-stroke0115/selected_ncct/040.jpg,sub-stroke0115,0
train/LVO/p89_sub-stroke0115/selected_ncct/041.jpg,sub-stroke0115,0
train/LVO/p89_sub-stroke0115/selected_ncct/042.jpg,sub-stroke0115,0
train/LVO/p89_sub-stroke0115/selected_ncct/043.jpg,sub-stroke0115,0
train/LVO/p89_sub-stroke0115/selected_ncct/044.jpg,sub-stroke0115,0
train/LVO/p89_sub-stroke0115/selected_ncct/045.jpg,sub-stroke0115,0
train/LVO/p89_sub-stroke0115/selected_ncct/046.jpg,sub-stroke0115,0
train/LVO/p89_sub-stroke0115/selected_ncct/047.jpg,sub-stroke0115,0
train/LVO/p89_sub-stroke0115/selected_ncct/048.jpg,sub-stroke0115,0
train/LVO/p89_sub-stroke0115/selected_ncct/049.jpg,sub-stroke0115,0
train/LVO/p89_sub-stroke0115/selected_ncct/050.jpg,sub-stroke0115,0
train/LVO/p89_sub-stroke0115/selected_ncct/051.jpg,sub-stroke0115,0
train/LVO/p89_sub-stroke0115/selected_ncct/052.jpg,sub-stroke0115,0
train/LVO/p89_sub-stroke0115/selected_ncct/053.jpg,sub-stroke0115,0
train/LVO/p89_sub-stroke0115/selected_ncct/054.jpg,sub-stroke0115,0
train/LVO/p89_sub-stroke0115/selected_ncct/055.jpg,sub-stroke0115,0
train/LVO/p89_sub-stroke0115/selected_ncct/056.jpg,sub-stroke0115,0
train/LVO/p89_sub-stroke0115/selected_ncct/057.jpg,sub-stroke0115,0
train/LVO/p89_sub-stroke0115/selected_ncct/058.jpg,sub-stroke0115,0
train/LVO/p89_sub-stroke0115/selected_ncct/059.jpg,sub-stroke0115,0
train/LVO/p8_sub-stroke0008/selected_ncct/025.jpg,sub-stroke0008,0
train/LVO/p8_sub-stroke0008/selected_ncct/026.jpg,sub-stroke0008,0
train/LVO/p8_sub-stroke0008/selected_ncct/028.jpg,sub-stroke0008,0
train/LVO/p8_sub-stroke0008/selected_ncct/029.jpg,sub-stroke0008,0
train/LVO/p8_sub-stroke0008/selected_ncct/030.jpg,sub-stroke0008,0
train/LVO/p8_sub-stroke0008/selected_ncct/031.jpg,sub-stroke0008,0
train/LVO/p8_sub-stroke0008/selected_ncct/044.jpg,sub-stroke0008,0
train/LVO/p8_sub-stroke0008/selected_ncct/045.jpg,sub-stroke0008,0
train/LVO/p8_sub-stroke0008/selected_ncct/046.jpg,sub-stroke0008,0
train/LVO/p8_sub-stroke0008/selected_ncct/047.jpg,sub-stroke0008,0
train/LVO/p8_sub-stroke0008/selected_ncct/048.jpg,sub-stroke0008,0
train/LVO/p8_sub-stroke0008/selected_ncct/049.jpg,sub-stroke0008,0
train/LVO/p8_sub-stroke0008/selected_ncct/050.jpg,sub-stroke0008,0
train/LVO/p8_sub-stroke0008/selected_ncct/051.jpg,sub-stroke0008,0
train/LVO/p8_sub-stroke0008/selected_ncct/052.jpg,sub-stroke0008,0
train/LVO/p8_sub-stroke0008/selected_ncct/053.jpg,sub-stroke0008,0
train/LVO/p8_sub-stroke0008/selected_ncct/054.jpg,sub-stroke0008,0
train/LVO/p8_sub-stroke0008/selected_ncct/055.jpg,sub-stroke0008,0
train/LVO/p8_sub-stroke0008/selected_ncct/056.jpg,sub-stroke0008,0
train/LVO/p8_sub-stroke0008/selected_ncct/057.jpg,sub-stroke0008,0
train/LVO/p8_sub-stroke0008/selected_ncct/058.jpg,sub-stroke0008,0
train/LVO/p8_sub-stroke0008/selected_ncct/059.jpg,sub-stroke0008,0
train/LVO/p8_sub-stroke0008/selected_ncct/060.jpg,sub-stroke0008,0
train/LVO/p8_sub-stroke0008/selected_ncct/061.jpg,sub-stroke0008,0
train/LVO/p8_sub-stroke0008/selected_ncct/062.jpg,sub-stroke0008,0
train/LVO/p8_sub-stroke0008/selected_ncct/063.jpg,sub-stroke0008,0
train/LVO/p8_sub-stroke0008/selected_ncct/064.jpg,sub-stroke0008,0
train/LVO/p8_sub-stroke0008/selected_ncct/065.jpg,sub-stroke0008,0
train/LVO/p8_sub-stroke0008/selected_ncct/066.jpg,sub-stroke0008,0
train/LVO/p90_sub-stroke0116/selected_ncct/024.jpg,sub-stroke0116,0
train/LVO/p90_sub-stroke0116/selected_ncct/025.jpg,sub-stroke0116,0
train/LVO/p90_sub-stroke0116/selected_ncct/026.jpg,sub-stroke0116,0
train/LVO/p90_sub-stroke0116/selected_ncct/027.jpg,sub-stroke0116,0
train/LVO/p90_sub-stroke0116/selected_ncct/035.jpg,sub-stroke0116,0
train/LVO/p90_sub-stroke0116/selected_ncct/036.jpg,sub-stroke0116,0
train/LVO/p90_sub-stroke0116/selected_ncct/037.jpg,sub-stroke0116,0
train/LVO/p90_sub-stroke0116/selected_ncct/038.jpg,sub-stroke0116,0
train/LVO/p90_sub-stroke0116/selected_ncct/039.jpg,sub-stroke0116,0
train/LVO/p90_sub-stroke0116/selected_ncct/040.jpg,sub-stroke0116,0
train/LVO/p90_sub-stroke0116/selected_ncct/041.jpg,sub-stroke0116,0
train/LVO/p90_sub-stroke0116/selected_ncct/042.jpg,sub-stroke0116,0
train/LVO/p90_sub-stroke0116/selected_ncct/043.jpg,sub-stroke0116,0
train/LVO/p90_sub-stroke0116/selected_ncct/044.jpg,sub-stroke0116,0
train/LVO/p90_sub-stroke0116/selected_ncct/045.jpg,sub-stroke0116,0
train/LVO/p90_sub-stroke0116/selected_ncct/046.jpg,sub-stroke0116,0
train/LVO/p90_sub-stroke0116/selected_ncct/047.jpg,sub-stroke0116,0
train/LVO/p90_sub-stroke0116/selected_ncct/048.jpg,sub-stroke0116,0
train/LVO/p90_sub-stroke0116/selected_ncct/049.jpg,sub-stroke0116,0
train/LVO/p90_sub-stroke0116/selected_ncct/050.jpg,sub-stroke0116,0
train/LVO/p90_sub-stroke0116/selected_ncct/051.jpg,sub-stroke0116,0
train/LVO/p90_sub-stroke0116/selected_ncct/052.jpg,sub-stroke0116,0
train/LVO/p90_sub-stroke0116/selected_ncct/053.jpg,sub-stroke0116,0
train/LVO/p90_sub-stroke0116/selected_ncct/054.jpg,sub-stroke0116,0
train/LVO/p90_sub-stroke0116/selected_ncct/055.jpg,sub-stroke0116,0
train/LVO/p90_sub-stroke0116/selected_ncct/056.jpg,sub-stroke0116,0
train/LVO/p90_sub-stroke0116/selected_ncct/057.jpg,sub-stroke0116,0
train/LVO/p90_sub-stroke0116/selected_ncct/058.jpg,sub-stroke0116,0
train/LVO/p90_sub-stroke0116/selected_ncct/059.jpg,sub-stroke0116,0
train/LVO/p90_sub-stroke0116/selected_ncct/060.jpg,sub-stroke0116,0
train/LVO/p90_sub-stroke0116/selected_ncct/061.jpg,sub-stroke0116,0
train/LVO/p90_sub-stroke0116/selected_ncct/062.jpg,sub-stroke0116,0
train/LVO/p90_sub-stroke0116/selected_ncct/063.jpg,sub-stroke0116,0
train/LVO/p90_sub-stroke0116/selected_ncct/064.jpg,sub-stroke0116,0
train/LVO/p91_sub-stroke0117/selected_ncct/018.jpg,sub-stroke0117,0
train/LVO/p91_sub-stroke0117/selected_ncct/020.jpg,sub-stroke0117,0
train/LVO/p91_sub-stroke0117/selected_ncct/021.jpg,sub-stroke0117,0
train/LVO/p91_sub-stroke0117/selected_ncct/022.jpg,sub-stroke0117,0
train/LVO/p91_sub-stroke0117/selected_ncct/023.jpg,sub-stroke0117,0
train/LVO/p91_sub-stroke0117/selected_ncct/024.jpg,sub-stroke0117,0
train/LVO/p91_sub-stroke0117/selected_ncct/025.jpg,sub-stroke0117,0
train/LVO/p91_sub-stroke0117/selected_ncct/026.jpg,sub-stroke0117,0
train/LVO/p91_sub-stroke0117/selected_ncct/027.jpg,sub-stroke0117,0
train/LVO/p91_sub-stroke0117/selected_ncct/028.jpg,sub-stroke0117,0
train/LVO/p91_sub-stroke0117/selected_ncct/033.jpg,sub-stroke0117,0
train/LVO/p92_sub-stroke0118/selected_ncct/036.jpg,sub-stroke0118,0
train/LVO/p92_sub-stroke0118/selected_ncct/037.jpg,sub-stroke0118,0
train/LVO/p92_sub-stroke0118/selected_ncct/038.jpg,sub-stroke0118,0
train/LVO/p92_sub-stroke0118/selected_ncct/039.jpg,sub-stroke0118,0
train/LVO/p92_sub-stroke0118/selected_ncct/040.jpg,sub-stroke0118,0
train/LVO/p92_sub-stroke0118/selected_ncct/041.jpg,sub-stroke0118,0
train/LVO/p92_sub-stroke0118/selected_ncct/042.jpg,sub-stroke0118,0
train/LVO/p92_sub-stroke0118/selected_ncct/043.jpg,sub-stroke0118,0
train/LVO/p92_sub-stroke0118/selected_ncct/044.jpg,sub-stroke0118,0
train/LVO/p92_sub-stroke0118/selected_ncct/045.jpg,sub-stroke0118,0
train/LVO/p92_sub-stroke0118/selected_ncct/046.jpg,sub-stroke0118,0
train/LVO/p92_sub-stroke0118/selected_ncct/047.jpg,sub-stroke0118,0
train/LVO/p92_sub-stroke0118/selected_ncct/048.jpg,sub-stroke0118,0
train/LVO/p92_sub-stroke0118/selected_ncct/049.jpg,sub-stroke0118,0
train/LVO/p92_sub-stroke0118/selected_ncct/050.jpg,sub-stroke0118,0
train/LVO/p92_sub-stroke0118/selected_ncct/051.jpg,sub-stroke0118,0
train/LVO/p92_sub-stroke0118/selected_ncct/052.jpg,sub-stroke0118,0
train/LVO/p92_sub-stroke0118/selected_ncct/053.jpg,sub-stroke0118,0
train/LVO/p92_sub-stroke0118/selected_ncct/054.jpg,sub-stroke0118,0
train/LVO/p92_sub-stroke0118/selected_ncct/055.jpg,sub-stroke0118,0
train/LVO/p92_sub-stroke0118/selected_ncct/056.jpg,sub-stroke0118,0
train/LVO/p92_sub-stroke0118/selected_ncct/057.jpg,sub-stroke0118,0
train/LVO/p92_sub-stroke0118/selected_ncct/058.jpg,sub-stroke0118,0
train/LVO/p92_sub-stroke0118/selected_ncct/059.jpg,sub-stroke0118,0
train/LVO/p92_sub-stroke0118/selected_ncct/060.jpg,sub-stroke0118,0
train/LVO/p92_sub-stroke0118/selected_ncct/061.jpg,sub-stroke0118,0
train/LVO/p92_sub-stroke0118/selected_ncct/062.jpg,sub-stroke0118,0
train/LVO/p92_sub-stroke0118/selected_ncct/063.jpg,sub-stroke0118,0
train/LVO/p92_sub-stroke0118/selected_ncct/064.jpg,sub-stroke0118,0
train/LVO/p92_sub-stroke0118/selected_ncct/065.jpg,sub-stroke0118,0
train/LVO/p92_sub-stroke0118/selected_ncct/066.jpg,sub-stroke0118,0
train/LVO/p92_sub-stroke0118/selected_ncct/067.jpg,sub-stroke0118,0
train/LVO/p94_sub-stroke0133/selected_ncct/011.jpg,sub-stroke0133,0
train/LVO/p94_sub-stroke0133/selected_ncct/012.jpg,sub-stroke0133,0
train/LVO/p94_sub-stroke0133/selected_ncct/013.jpg,sub-stroke0133,0
train/LVO/p94_sub-stroke0133/selected_ncct/014.jpg,sub-stroke0133,0
train/LVO/p94_sub-stroke0133/selected_ncct/015.jpg,sub-stroke0133,0
train/LVO/p94_sub-stroke0133/selected_ncct/017.jpg,sub-stroke0133,0
train/LVO/p94_sub-stroke0133/selected_ncct/018.jpg,sub-stroke0133,0
train/LVO/p94_sub-stroke0133/selected_ncct/019.jpg,sub-stroke0133,0
train/LVO/p94_sub-stroke0133/selected_ncct/020.jpg,sub-stroke0133,0
train/LVO/p94_sub-stroke0133/selected_ncct/021.jpg,sub-stroke0133,0
train/LVO/p94_sub-stroke0133/selected_ncct/022.jpg,sub-stroke0133,0
train/LVO/p94_sub-stroke0133/selected_ncct/023.jpg,sub-stroke0133,0
train/LVO/p94_sub-stroke0133/selected_ncct/024.jpg,sub-stroke0133,0
train/LVO/p94_sub-stroke0133/selected_ncct/025.jpg,sub-stroke0133,0
train/LVO/p94_sub-stroke0133/selected_ncct/026.jpg,sub-stroke0133,0
train/LVO/p94_sub-stroke0133/selected_ncct/027.jpg,sub-stroke0133,0
train/LVO/p94_sub-stroke0133/selected_ncct/028.jpg,sub-stroke0133,0
train/LVO/p94_sub-stroke0133/selected_ncct/029.jpg,sub-stroke0133,0
train/LVO/p94_sub-stroke0133/selected_ncct/030.jpg,sub-stroke0133,0
train/LVO/p94_sub-stroke0133/selected_ncct/031.jpg,sub-stroke0133,0
train/LVO/p94_sub-stroke0133/selected_ncct/032.jpg,sub-stroke0133,0
train/LVO/p94_sub-stroke0133/selected_ncct/033.jpg,sub-stroke0133,0
train/LVO/p95_sub-stroke0134/selected_ncct/015.jpg,sub-stroke0134,1
train/LVO/p95_sub-stroke0134/selected_ncct/016.jpg,sub-stroke0134,1
train/LVO/p95_sub-stroke0134/selected_ncct/017.jpg,sub-stroke0134,1
train/LVO/p95_sub-stroke0134/selected_ncct/018.jpg,sub-stroke0134,1
train/LVO/p95_sub-stroke0134/selected_ncct/019.jpg,sub-stroke0134,1
train/LVO/p95_sub-stroke0134/selected_ncct/020.jpg,sub-stroke0134,1
train/LVO/p95_sub-stroke0134/selected_ncct/021.jpg,sub-stroke0134,1
train/LVO/p95_sub-stroke0134/selected_ncct/022.jpg,sub-stroke0134,1
train/LVO/p95_sub-stroke0134/selected_ncct/023.jpg,sub-stroke0134,1
train/LVO/p95_sub-stroke0134/selected_ncct/024.jpg,sub-stroke0134,1
train/LVO/p95_sub-stroke0134/selected_ncct/025.jpg,sub-stroke0134,1
train/LVO/p95_sub-stroke0134/selected_ncct/026.jpg,sub-stroke0134,1
train/LVO/p95_sub-stroke0134/selected_ncct/027.jpg,sub-stroke0134,1
train/LVO/p95_sub-stroke0134/selected_ncct/028.jpg,sub-stroke0134,1
train/LVO/p95_sub-stroke0134/selected_ncct/029.jpg,sub-stroke0134,1
train/LVO/p97_sub-stroke0136/selected_ncct/017.jpg,sub-stroke0136,0
train/LVO/p97_sub-stroke0136/selected_ncct/018.jpg,sub-stroke0136,0
train/LVO/p97_sub-stroke0136/selected_ncct/020.jpg,sub-stroke0136,0
train/LVO/p97_sub-stroke0136/selected_ncct/021.jpg,sub-stroke0136,0
train/LVO/p97_sub-stroke0136/selected_ncct/022.jpg,sub-stroke0136,0
train/LVO/p97_sub-stroke0136/selected_ncct/023.jpg,sub-stroke0136,0
train/LVO/p97_sub-stroke0136/selected_ncct/024.jpg,sub-stroke0136,0
train/LVO/p97_sub-stroke0136/selected_ncct/025.jpg,sub-stroke0136,0
train/LVO/p97_sub-stroke0136/selected_ncct/028.jpg,sub-stroke0136,0
train/LVO/p98_sub-stroke0137/selected_ncct/014.jpg,sub-stroke0137,1
train/LVO/p98_sub-stroke0137/selected_ncct/015.jpg,sub-stroke0137,1
train/LVO/p98_sub-stroke0137/selected_ncct/016.jpg,sub-stroke0137,1
train/LVO/p98_sub-stroke0137/selected_ncct/017.jpg,sub-stroke0137,1
train/LVO/p98_sub-stroke0137/selected_ncct/018.jpg,sub-stroke0137,1
train/LVO/p98_sub-stroke0137/selected_ncct/025.jpg,sub-stroke0137,1
train/LVO/p98_sub-stroke0137/selected_ncct/026.jpg,sub-stroke0137,1
train/LVO/p98_sub-stroke0137/selected_ncct/027.jpg,sub-stroke0137,1
train/LVO/p98_sub-stroke0137/selected_ncct/028.jpg,sub-stroke0137,1
train/LVO/p98_sub-stroke0137/selected_ncct/029.jpg,sub-stroke0137,1
train/LVO/p98_sub-stroke0137/selected_ncct/030.jpg,sub-stroke0137,1
train/LVO/p98_sub-stroke0137/selected_ncct/031.jpg,sub-stroke0137,1
train/LVO/p98_sub-stroke0137/selected_ncct/033.jpg,sub-stroke0137,1
train/LVO/p98_sub-stroke0137/selected_ncct/034.jpg,sub-stroke0137,1
train/LVO/p98_sub-stroke0137/selected_ncct/035.jpg,sub-stroke0137,1
train/LVO/p98_sub-stroke0137/selected_ncct/036.jpg,sub-stroke0137,1
train/LVO/p98_sub-stroke0137/selected_ncct/037.jpg,sub-stroke0137,1
train/LVO/p98_sub-stroke0137/selected_ncct/038.jpg,sub-stroke0137,1
train/LVO/p98_sub-stroke0137/selected_ncct/039.jpg,sub-stroke0137,1
train/LVO/p98_sub-stroke0137/selected_ncct/040.jpg,sub-stroke0137,1
train/LVO/p98_sub-stroke0137/selected_ncct/041.jpg,sub-stroke0137,1
train/LVO/p98_sub-stroke0137/selected_ncct/042.jpg,sub-stroke0137,1
train/LVO/p98_sub-stroke0137/selected_ncct/043.jpg,sub-stroke0137,1
train/LVO/p98_sub-stroke0137/selected_ncct/044.jpg,sub-stroke0137,1
train/LVO/p98_sub-stroke0137/selected_ncct/045.jpg,sub-stroke0137,1
train/LVO/p98_sub-stroke0137/selected_ncct/046.jpg,sub-stroke0137,1
train/LVO/p98_sub-stroke0137/selected_ncct/047.jpg,sub-stroke0137,1
train/LVO/p98_sub-stroke0137/selected_ncct/048.jpg,sub-stroke0137,1
train/LVO/p98_sub-stroke0137/selected_ncct/049.jpg,sub-stroke0137,1
train/LVO/p98_sub-stroke0137/selected_ncct/050.jpg,sub-stroke0137,1
train/LVO/p98_sub-stroke0137/selected_ncct/051.jpg,sub-stroke0137,1
train/LVO/p98_sub-stroke0137/selected_ncct/052.jpg,sub-stroke0137,1
train/LVO/p98_sub-stroke0137/selected_ncct/053.jpg,sub-stroke0137,1
train/LVO/p98_sub-stroke0137/selected_ncct/054.jpg,sub-stroke0137,1
train/LVO/p98_sub-stroke0137/selected_ncct/055.jpg,sub-stroke0137,1
train/LVO/p98_sub-stroke0137/selected_ncct/056.jpg,sub-stroke0137,1
train/LVO/p98_sub-stroke0137/selected_ncct/057.jpg,sub-stroke0137,1
train/LVO/p98_sub-stroke0137/selected_ncct/058.jpg,sub-stroke0137,1
train/LVO/p98_sub-stroke0137/selected_ncct/059.jpg,sub-stroke0137,1
train/LVO/p98_sub-stroke0137/selected_ncct/060.jpg,sub-stroke0137,1
train/LVO/p98_sub-stroke0137/selected_ncct/061.jpg,sub-stroke0137,1
train/LVO/p98_sub-stroke0137/selected_ncct/062.jpg,sub-stroke0137,1
train/LVO/p98_sub-stroke0137/selected_ncct/063.jpg,sub-stroke0137,1
train/LVO/p98_sub-stroke0137/selected_ncct/064.jpg,sub-stroke0137,1
train/LVO/p98_sub-stroke0137/selected_ncct/065.jpg,sub-stroke0137,1
train/LVO/p98_sub-stroke0137/selected_ncct/066.jpg,sub-stroke0137,1
train/LVO/p99_sub-stroke0138/selected_ncct/015.jpg,sub-stroke0138,0
train/LVO/p99_sub-stroke0138/selected_ncct/016.jpg,sub-stroke0138,0
train/LVO/p99_sub-stroke0138/selected_ncct/017.jpg,sub-stroke0138,0
train/LVO/p99_sub-stroke0138/selected_ncct/018.jpg,sub-stroke0138,0
train/LVO/p99_sub-stroke0138/selected_ncct/019.jpg,sub-stroke0138,0
train/LVO/p99_sub-stroke0138/selected_ncct/020.jpg,sub-stroke0138,0
train/LVO/p99_sub-stroke0138/selected_ncct/021.jpg,sub-stroke0138,0
train/LVO/p99_sub-stroke0138/selected_ncct/022.jpg,sub-stroke0138,0
train/LVO/p99_sub-stroke0138/selected_ncct/023.jpg,sub-stroke0138,0
train/LVO/p99_sub-stroke0138/selected_ncct/024.jpg,sub-stroke0138,0
train/LVO/p99_sub-stroke0138/selected_ncct/025.jpg,sub-stroke0138,0
train/LVO/p99_sub-stroke0138/selected_ncct/026.jpg,sub-stroke0138,0
train/LVO/p99_sub-stroke0138/selected_ncct/027.jpg,sub-stroke0138,0
train/LVO/p99_sub-stroke0138/selected_ncct/028.jpg,sub-stroke0138,0
train/LVO/p99_sub-stroke0138/selected_ncct/029.jpg,sub-stroke0138,0
train/LVO/p99_sub-stroke0138/selected_ncct/030.jpg,sub-stroke0138,0
train/LVO/p99_sub-stroke0138/selected_ncct/031.jpg,sub-stroke0138,0
train/LVO/p99_sub-stroke0138/selected_ncct/032.jpg,sub-stroke0138,0
train/LVO/p99_sub-stroke0138/selected_ncct/033.jpg,sub-stroke0138,0
train/LVO/p99_sub-stroke0138/selected_ncct/034.jpg,sub-stroke0138,0
train/LVO/p99_sub-stroke0138/selected_ncct/035.jpg,sub-stroke0138,0
train/LVO/p9_sub-stroke0009/selected_ncct/019.jpg,sub-stroke0009,0
train/LVO/p9_sub-stroke0009/selected_ncct/020.jpg,sub-stroke0009,0
train/LVO/p9_sub-stroke0009/selected_ncct/021.jpg,sub-stroke0009,0
train/LVO/p9_sub-stroke0009/selected_ncct/022.jpg,sub-stroke0009,0
train/LVO/p9_sub-stroke0009/selected_ncct/023.jpg,sub-stroke0009,0
train/LVO/p9_sub-stroke0009/selected_ncct/024.jpg,sub-stroke0009,0
train/LVO/p9_sub-stroke0009/selected_ncct/025.jpg,sub-stroke0009,0
train/LVO/p9_sub-stroke0009/selected_ncct/026.jpg,sub-stroke0009,0
train/LVO/p9_sub-stroke0009/selected_ncct/027.jpg,sub-stroke0009,0
train/LVO/p9_sub-stroke0009/selected_ncct/028.jpg,sub-stroke0009,0
train/LVO/p9_sub-stroke0009/selected_ncct/029.jpg,sub-stroke0009,0
train/LVO/p9_sub-stroke0009/selected_ncct/030.jpg,sub-stroke0009,0
train/LVO/p9_sub-stroke0009/selected_ncct/031.jpg,sub-stroke0009,0
train/LVO/p9_sub-stroke0009/selected_ncct/032.jpg,sub-stroke0009,0
train/LVO/p9_sub-stroke0009/selected_ncct/033.jpg,sub-stroke0009,0
train/LVO/p9_sub-stroke0009/selected_ncct/034.jpg,sub-stroke0009,0
train/LVO/p9_sub-stroke0009/selected_ncct/035.jpg,sub-stroke0009,0
train/LVO/p9_sub-stroke0009/selected_ncct/036.jpg,sub-stroke0009,0
train/LVO/p9_sub-stroke0009/selected_ncct/037.jpg,sub-stroke0009,0
train/LVO/p9_sub-stroke0009/selected_ncct/038.jpg,sub-stroke0009,0
train/LVO/p9_sub-stroke0009/selected_ncct/039.jpg,sub-stroke0009,0
train/LVO/p9_sub-stroke0009/selected_ncct/040.jpg,sub-stroke0009,0
train/LVO/p9_sub-stroke0009/selected_ncct/041.jpg,sub-stroke0009,0
train/LVO/p9_sub-stroke0009/selected_ncct/042.jpg,sub-stroke0009,0
train/LVO/p9_sub-stroke0009/selected_ncct/043.jpg,sub-stroke0009,0
train/LVO/p9_sub-stroke0009/selected_ncct/044.jpg,sub-stroke0009,0
train/LVO/p9_sub-stroke0009/selected_ncct/045.jpg,sub-stroke0009,0
train/LVO/p9_sub-stroke0009/selected_ncct/046.jpg,sub-stroke0009,0
train/LVO/p9_sub-stroke0009/selected_ncct/047.jpg,sub-stroke0009,0
train/LVO/p9_sub-stroke0009/selected_ncct/048.jpg,sub-stroke0009,0
train/LVO/p9_sub-stroke0009/selected_ncct/049.jpg,sub-stroke0009,0
train/LVO/p9_sub-stroke0009/selected_ncct/050.jpg,sub-stroke0009,0
train/LVO/p9_sub-stroke0009/selected_ncct/051.jpg,sub-stroke0009,0
