image_path,subject,label
train/LVO/p101_sub-stroke0140/selected_ncct/014.jpg,sub-stroke0140,1
train/LVO/p101_sub-stroke0140/selected_ncct/015.jpg,sub-stroke0140,1
train/LVO/p101_sub-stroke0140/selected_ncct/016.jpg,sub-stroke0140,1
train/LVO/p101_sub-stroke0140/selected_ncct/017.jpg,sub-stroke0140,1
train/LVO/p101_sub-stroke0140/selected_ncct/018.jpg,sub-stroke0140,1
train/LVO/p101_sub-stroke0140/selected_ncct/019.jpg,sub-stroke0140,1
train/LVO/p101_sub-stroke0140/selected_ncct/020.jpg,sub-stroke0140,1
train/LVO/p101_sub-stroke0140/selected_ncct/021.jpg,sub-stroke0140,1
train/LVO/p101_sub-stroke0140/selected_ncct/022.jpg,sub-stroke0140,1
train/LVO/p101_sub-stroke0140/selected_ncct/023.jpg,sub-stroke0140,1
train/LVO/p101_sub-stroke0140/selected_ncct/024.jpg,sub-stroke0140,1
train/LVO/p101_sub-stroke0140/selected_ncct/025.jpg,sub-stroke0140,1
train/LVO/p101_sub-stroke0140/selected_ncct/026.jpg,sub-stroke0140,1
train/LVO/p101_sub-stroke0140/selected_ncct/027.jpg,sub-stroke0140,1
train/LVO/p101_sub-stroke0140/selected_ncct/028.jpg,sub-stroke0140,1
train/LVO/p101_sub-stroke0140/selected_ncct/029.jpg,sub-stroke0140,1
train/LVO/p101_sub-stroke0140/selected_ncct/030.jpg,sub-stroke0140,1
train/LVO/p101_sub-stroke0140/selected_ncct/031.jpg,sub-stroke0140,1
train/LVO/p101_sub-stroke0140/selected_ncct/032.jpg,sub-stroke0140,1
train/LVO/p101_sub-stroke0140/selected_ncct/033.jpg,sub-stroke0140,1
train/LVO/p101_sub-stroke0140/selected_ncct/034.jpg,sub-stroke0140,1
train/LVO/p103_sub-stroke0142/selected_ncct/006.jpg,sub-stroke0142,1
train/LVO/p103_sub-stroke0142/selected_ncct/007.jpg,sub-stroke0142,1
train/LVO/p103_sub-stroke0142/selected_ncct/008.jpg,sub-stroke0142,1
train/LVO/p104_sub-stroke0143/selected_ncct/017.jpg,sub-stroke0143,1
train/LVO/p104_sub-stroke0143/selected_ncct/018.jpg,sub-stroke0143,1
train/LVO/p104_sub-stroke0143/selected_ncct/019.jpg,sub-stroke0143,1
train/LVO/p104_sub-stroke0143/selected_ncct/020.jpg,sub-stroke0143,1
train/LVO/p104_sub-stroke0143/selected_ncct/021.jpg,sub-stroke0143,1
train/LVO/p104_sub-stroke0143/selected_ncct/022.jpg,sub-stroke0143,1
train/LVO/p104_sub-stroke0143/selected_ncct/023.jpg,sub-stroke0143,1
train/LVO/p104_sub-stroke0143/selected_ncct/024.jpg,sub-stroke0143,1
train/LVO/p104_sub-stroke0143/selected_ncct/025.jpg,sub-stroke0143,1
train/LVO/p104_sub-stroke0143/selected_ncct/032.jpg,sub-stroke0143,1
train/LVO/p104_sub-stroke0143/selected_ncct/033.jpg,sub-stroke0143,1
train/LVO/p105_sub-stroke0144/selected_ncct/009.jpg,sub-stroke0144,1
train/LVO/p105_sub-stroke0144/selected_ncct/010.jpg,sub-stroke0144,1
train/LVO/p105_sub-stroke0144/selected_ncct/014.jpg,sub-stroke0144,1
train/LVO/p105_sub-stroke0144/selected_ncct/016.jpg,sub-stroke0144,1
train/LVO/p105_sub-stroke0144/selected_ncct/017.jpg,sub-stroke0144,1
train/LVO/p105_sub-stroke0144/selected_ncct/018.jpg,sub-stroke0144,1
train/LVO/p105_sub-stroke0144/selected_ncct/019.jpg,sub-stroke0144,1
train/LVO/p105_sub-stroke0144/selected_ncct/020.jpg,sub-stroke0144,1
train/LVO/p105_sub-stroke0144/selected_ncct/021.jpg,sub-stroke0144,1
train/LVO/p105_sub-stroke0144/selected_ncct/022.jpg,sub-stroke0144,1
train/LVO/p105_sub-stroke0144/selected_ncct/023.jpg,sub-stroke0144,1
train/LVO/p105_sub-stroke0144/selected_ncct/024.jpg,sub-stroke0144,1
train/LVO/p105_sub-stroke0144/selected_ncct/025.jpg,sub-stroke0144,1
train/LVO/p105_sub-stroke0144/selected_ncct/026.jpg,sub-stroke0144,1
train/LVO/p105_sub-stroke0144/selected_ncct/027.jpg,sub-stroke0144,1
train/LVO/p105_sub-stroke0144/selected_ncct/028.jpg,sub-stroke0144,1
train/LVO/p108_sub-stroke0147/selected_ncct/008.jpg,sub-stroke0147,0
train/LVO/p108_sub-stroke0147/selected_ncct/009.jpg,sub-stroke0147,0
train/LVO/p108_sub-stroke0147/selected_ncct/010.jpg,sub-stroke0147,0
train/LVO/p108_sub-stroke0147/selected_ncct/011.jpg,sub-stroke0147,0
train/LVO/p108_sub-stroke0147/selected_ncct/012.jpg,sub-stroke0147,0
train/LVO/p108_sub-stroke0147/selected_ncct/020.jpg,sub-stroke0147,0
train/LVO/p108_sub-stroke0147/selected_ncct/021.jpg,sub-stroke0147,0
train/LVO/p108_sub-stroke0147/selected_ncct/022.jpg,sub-stroke0147,0
train/LVO/p108_sub-stroke0147/selected_ncct/023.jpg,sub-stroke0147,0
train/LVO/p108_sub-stroke0147/selected_ncct/029.jpg,sub-stroke0147,0
train/LVO/p108_sub-stroke0147/selected_ncct/030.jpg,sub-stroke0147,0
train/LVO/p108_sub-stroke0147/selected_ncct/031.jpg,sub-stroke0147,0
train/LVO/p108_sub-stroke0147/selected_ncct/034.jpg,sub-stroke0147,0
train/LVO/p108_sub-stroke0147/selected_ncct/035.jpg,sub-stroke0147,0
train/LVO/p110_sub-stroke0149/selected_ncct/034.jpg,sub-stroke0149,1
train/LVO/p110_sub-stroke0149/selected_ncct/035.jpg,sub-stroke0149,1
train/LVO/p110_sub-stroke0149/selected_ncct/036.jpg,sub-stroke0149,1
train/LVO/p110_sub-stroke0149/selected_ncct/037.jpg,sub-stroke0149,1
train/LVO/p110_sub-stroke0149/selected_ncct/038.jpg,sub-stroke0149,1
train/LVO/p110_sub-stroke0149/selected_ncct/039.jpg,sub-stroke0149,1
train/LVO/p110_sub-stroke0149/selected_ncct/040.jpg,sub-stroke0149,1
train/LVO/p110_sub-stroke0149/selected_ncct/041.jpg,sub-stroke0149,1
train/LVO/p110_sub-stroke0149/selected_ncct/042.jpg,sub-stroke0149,1
train/LVO/p110_sub-stroke0149/selected_ncct/044.jpg,sub-stroke0149,1
train/LVO/p110_sub-stroke0149/selected_ncct/045.jpg,sub-stroke0149,1
train/LVO/p110_sub-stroke0149/selected_ncct/046.jpg,sub-stroke0149,1
train/LVO/p110_sub-stroke0149/selected_ncct/047.jpg,sub-stroke0149,1
train/LVO/p110_sub-stroke0149/selected_ncct/048.jpg,sub-stroke0149,1
train/LVO/p110_sub-stroke0149/selected_ncct/049.jpg,sub-stroke0149,1
train/LVO/p110_sub-stroke0149/selected_ncct/050.jpg,sub-stroke0149,1
train/LVO/p110_sub-stroke0149/selected_ncct/051.jpg,sub-stroke0149,1
train/LVO/p110_sub-stroke0149/selected_ncct/056.jpg,sub-stroke0149,1
train/LVO/p110_sub-stroke0149/selected_ncct/057.jpg,sub-stroke0149,1
train/LVO/p110_sub-stroke0149/selected_ncct/060.jpg,sub-stroke0149,1
train/LVO/p110_sub-stroke0149/selected_ncct/062.jpg,sub-stroke0149,1
train/LVO/p110_sub-stroke0149/selected_ncct/063.jpg,sub-stroke0149,1
train/LVO/p110_sub-stroke0149/selected_ncct/064.jpg,sub-stroke0149,1
train/LVO/p110_sub-stroke0149/selected_ncct/065.jpg,sub-stroke0149,1
train/LVO/p110_sub-stroke0149/selected_ncct/066.jpg,sub-stroke0149,1
train/LVO/p110_sub-stroke0149/selected_ncct/067.jpg,sub-stroke0149,1
train/LVO/p110_sub-stroke0149/selected_ncct/068.jpg,sub-stroke0149,1
train/LVO/p110_sub-stroke0149/selected_ncct/069.jpg,sub-stroke0149,1
train/LVO/p110_sub-stroke0149/selected_ncct/070.jpg,sub-stroke0149,1
train/LVO/p110_sub-stroke0149/selected_ncct/071.jpg,sub-stroke0149,1
train/LVO/p110_sub-stroke0149/selected_ncct/072.jpg,sub-stroke0149,1
train/LVO/p110_sub-stroke0149/selected_ncct/073.jpg,sub-stroke0149,1
train/LVO/p111_sub-stroke0150/selected_ncct/031.jpg,sub-stroke0150,1
train/LVO/p111_sub-stroke0150/selected_ncct/032.jpg,sub-stroke0150,1
train/LVO/p111_sub-stroke0150/selected_ncct/033.jpg,sub-stroke0150,1
train/LVO/p111_sub-stroke0150/selected_ncct/034.jpg,sub-stroke0150,1
train/LVO/p111_sub-stroke0150/selected_ncct/035.jpg,sub-stroke0150,1
train/LVO/p111_sub-stroke0150/selected_ncct/036.jpg,sub-stroke0150,1
train/LVO/p111_sub-stroke0150/selected_ncct/039.jpg,sub-stroke0150,1
train/LVO/p111_sub-stroke0150/selected_ncct/040.jpg,sub-stroke0150,1
train/LVO/p111_sub-stroke0150/selected_ncct/041.jpg,sub-stroke0150,1
train/LVO/p111_sub-stroke0150/selected_ncct/042.jpg,sub-stroke0150,1
train/LVO/p111_sub-stroke0150/selected_ncct/043.jpg,sub-stroke0150,1
train/LVO/p111_sub-stroke0150/selected_ncct/044.jpg,sub-stroke0150,1
train/LVO/p111_sub-stroke0150/selected_ncct/045.jpg,sub-stroke0150,1
train/LVO/p111_sub-stroke0150/selected_ncct/046.jpg,sub-stroke0150,1
train/LVO/p111_sub-stroke0150/selected_ncct/047.jpg,sub-stroke0150,1
train/LVO/p111_sub-stroke0150/selected_ncct/048.jpg,sub-stroke0150,1
train/LVO/p111_sub-stroke0150/selected_ncct/049.jpg,sub-stroke0150,1
train/LVO/p111_sub-stroke0150/selected_ncct/050.jpg,sub-stroke0150,1
train/LVO/p111_sub-stroke0150/selected_ncct/051.jpg,sub-stroke0150,1
train/LVO/p111_sub-stroke0150/selected_ncct/052.jpg,sub-stroke0150,1
train/LVO/p111_sub-stroke0150/selected_ncct/053.jpg,sub-stroke0150,1
train/LVO/p111_sub-stroke0150/selected_ncct/054.jpg,sub-stroke0150,1
train/LVO/p111_sub-stroke0150/selected_ncct/055.jpg,sub-stroke0150,1
train/LVO/p111_sub-stroke0150/selected_ncct/058.jpg,sub-stroke0150,1
train/LVO/p111_sub-stroke0150/selected_ncct/059.jpg,sub-stroke0150,1
train/LVO/p111_sub-stroke0150/selected_ncct/060.jpg,sub-stroke0150,1
train/LVO/p112_sub-stroke0151/selected_ncct/023.jpg,sub-stroke0151,1
train/LVO/p112_sub-stroke0151/selected_ncct/024.jpg,sub-stroke0151,1
train/LVO/p112_sub-stroke0151/selected_ncct/025.jpg,sub-stroke0151,1
train/LVO/p112_sub-stroke0151/selected_ncct/026.jpg,sub-stroke0151,1
train/LVO/p112_sub-stroke0151/selected_ncct/027.jpg,sub-stroke0151,1
train/LVO/p112_sub-stroke0151/selected_ncct/028.jpg,sub-stroke0151,1
train/LVO/p112_sub-stroke0151/selected_ncct/029.jpg,sub-stroke0151,1
train/LVO/p113_sub-stroke0152/selected_ncct/029.jpg,sub-stroke0152,1
train/LVO/p113_sub-stroke0152/selected_ncct/030.jpg,sub-stroke0152,1
train/LVO/p113_sub-stroke0152/selected_ncct/031.jpg,sub-stroke0152,1
train/LVO/p113_sub-stroke0152/selected_ncct/032.jpg,sub-stroke0152,1
train/LVO/p113_sub-stroke0152/selected_ncct/033.jpg,sub-stroke0152,1
train/LVO/p113_sub-stroke0152/selected_ncct/034.jpg,sub-stroke0152,1
train/LVO/p113_sub-stroke0152/selected_ncct/035.jpg,sub-stroke0152,1
train/LVO/p113_sub-stroke0152/selected_ncct/036.jpg,sub-stroke0152,1
train/LVO/p113_sub-stroke0152/selected_ncct/037.jpg,sub-stroke0152,1
train/LVO/p113_sub-stroke0152/selected_ncct/038.jpg,sub-stroke0152,1
train/LVO/p113_sub-stroke0152/selected_ncct/039.jpg,sub-stroke0152,1
train/LVO/p113_sub-stroke0152/selected_ncct/040.jpg,sub-stroke0152,1
train/LVO/p113_sub-stroke0152/selected_ncct/041.jpg,sub-stroke0152,1
train/LVO/p113_sub-stroke0152/selected_ncct/042.jpg,sub-stroke0152,1
train/LVO/p113_sub-stroke0152/selected_ncct/043.jpg,sub-stroke0152,1
train/LVO/p113_sub-stroke0152/selected_ncct/044.jpg,sub-stroke0152,1
train/LVO/p113_sub-stroke0152/selected_ncct/045.jpg,sub-stroke0152,1
train/LVO/p113_sub-stroke0152/selected_ncct/046.jpg,sub-stroke0152,1
train/LVO/p113_sub-stroke0152/selected_ncct/047.jpg,sub-stroke0152,1
train/LVO/p113_sub-stroke0152/selected_ncct/048.jpg,sub-stroke0152,1
train/LVO/p113_sub-stroke0152/selected_ncct/049.jpg,sub-stroke0152,1
train/LVO/p113_sub-stroke0152/selected_ncct/050.jpg,sub-stroke0152,1
train/LVO/p113_sub-stroke0152/selected_ncct/051.jpg,sub-stroke0152,1
train/LVO/p113_sub-stroke0152/selected_ncct/052.jpg,sub-stroke0152,1
train/LVO/p113_sub-stroke0152/selected_ncct/053.jpg,sub-stroke0152,1
train/LVO/p113_sub-stroke0152/selected_ncct/054.jpg,sub-stroke0152,1
train/LVO/p113_sub-stroke0152/selected_ncct/055.jpg,sub-stroke0152,1
train/LVO/p113_sub-stroke0152/selected_ncct/056.jpg,sub-stroke0152,1
train/LVO/p113_sub-stroke0152/selected_ncct/057.jpg,sub-stroke0152,1
train/LVO/p115_sub-stroke0154/selected_ncct/012.jpg,sub-stroke0154,1
train/LVO/p115_sub-stroke0154/selected_ncct/013.jpg,sub-stroke0154,1
train/LVO/p115_sub-stroke0154/selected_ncct/014.jpg,sub-stroke0154,1
train/LVO/p115_sub-stroke0154/selected_ncct/015.jpg,sub-stroke0154,1
train/LVO/p115_sub-stroke0154/selected_ncct/016.jpg,sub-stroke0154,1
train/LVO/p115_sub-stroke0154/selected_ncct/017.jpg,sub-stroke0154,1
train/LVO/p115_sub-stroke0154/selected_ncct/020.jpg,sub-stroke0154,1
train/LVO/p115_sub-stroke0154/selected_ncct/021.jpg,sub-stroke0154,1
train/LVO/p115_sub-stroke0154/selected_ncct/022.jpg,sub-stroke0154,1
train/LVO/p115_sub-stroke0154/selected_ncct/023.jpg,sub-stroke0154,1
train/LVO/p115_sub-stroke0154/selected_ncct/024.jpg,sub-stroke0154,1
train/LVO/p115_sub-stroke0154/selected_ncct/025.jpg,sub-stroke0154,1
train/LVO/p115_sub-stroke0154/selected_ncct/026.jpg,sub-stroke0154,1
train/LVO/p115_sub-stroke0154/selected_ncct/027.jpg,sub-stroke0154,1
train/LVO/p115_sub-stroke0154/selected_ncct/028.jpg,sub-stroke0154,1
train/LVO/p115_sub-stroke0154/selected_ncct/029.jpg,sub-stroke0154,1
train/LVO/p115_sub-stroke0154/selected_ncct/030.jpg,sub-stroke0154,1
train/LVO/p115_sub-stroke0154/selected_ncct/031.jpg,sub-stroke0154,1
train/LVO/p115_sub-stroke0154/selected_ncct/032.jpg,sub-stroke0154,1
train/LVO/p115_sub-stroke0154/selected_ncct/033.jpg,sub-stroke0154,1
train/LVO/p115_sub-stroke0154/selected_ncct/035.jpg,sub-stroke0154,1
train/LVO/p115_sub-stroke0154/selected_ncct/036.jpg,sub-stroke0154,1
train/LVO/p115_sub-stroke0154/selected_ncct/037.jpg,sub-stroke0154,1
train/LVO/p115_sub-stroke0154/selected_ncct/038.jpg,sub-stroke0154,1
train/LVO/p115_sub-stroke0154/selected_ncct/039.jpg,sub-stroke0154,1
train/LVO/p115_sub-stroke0154/selected_ncct/040.jpg,sub-stroke0154,1
train/LVO/p115_sub-stroke0154/selected_ncct/041.jpg,sub-stroke0154,1
train/LVO/p115_sub-stroke0154/selected_ncct/042.jpg,sub-stroke0154,1
train/LVO/p115_sub-stroke0154/selected_ncct/043.jpg,sub-stroke0154,1
train/LVO/p115_sub-stroke0154/selected_ncct/044.jpg,sub-stroke0154,1
train/LVO/p115_sub-stroke0154/selected_ncct/045.jpg,sub-stroke0154,1
train/LVO/p115_sub-stroke0154/selected_ncct/046.jpg,sub-stroke0154,1
train/LVO/p115_sub-stroke0154/selected_ncct/047.jpg,sub-stroke0154,1
train/LVO/p115_sub-stroke0154/selected_ncct/048.jpg,sub-stroke0154,1
train/LVO/p115_sub-stroke0154/selected_ncct/049.jpg,sub-stroke0154,1
train/LVO/p115_sub-stroke0154/selected_ncct/050.jpg,sub-stroke0154,1
train/LVO/p115_sub-stroke0154/selected_ncct/051.jpg,sub-stroke0154,1
train/LVO/p115_sub-stroke0154/selected_ncct/052.jpg,sub-stroke0154,1
train/LVO/p115_sub-stroke0154/selected_ncct/053.jpg,sub-stroke0154,1
train/LVO/p115_sub-stroke0154/selected_ncct/054.jpg,sub-stroke0154,1
train/LVO/p115_sub-stroke0154/selected_ncct/055.jpg,sub-stroke0154,1
train/LVO/p115_sub-stroke0154/selected_ncct/056.jpg,sub-stroke0154,1
train/LVO/p115_sub-stroke0154/selected_ncct/057.jpg,sub-stroke0154,1
train/LVO/p115_sub-stroke0154/selected_ncct/061.jpg,sub-stroke0154,1
train/LVO/p115_sub-stroke0154/selected_ncct/062.jpg,sub-stroke0154,1
train/LVO/p115_sub-stroke0154/selected_ncct/063.jpg,sub-stroke0154,1
train/LVO/p115_sub-stroke0154/selected_ncct/064.jpg,sub-stroke0154,1
train/LVO/p115_sub-stroke0154/selected_ncct/065.jpg,sub-stroke0154,1
train/LVO/p115_sub-stroke0154/selected_ncct/066.jpg,sub-stroke0154,1
train/LVO/p115_sub-stroke0154/selected_ncct/067.jpg,sub-stroke0154,1
train/LVO/p116_sub-stroke0155/selected_ncct/009.jpg,sub-stroke0155,1
train/LVO/p116_sub-stroke0155/selected_ncct/010.jpg,sub-stroke0155,1
train/LVO/p116_sub-stroke0155/selected_ncct/011.jpg,sub-stroke0155,1
train/LVO/p116_sub-stroke0155/selected_ncct/012.jpg,sub-stroke0155,1
train/LVO/p116_sub-stroke0155/selected_ncct/013.jpg,sub-stroke0155,1
train/LVO/p116_sub-stroke0155/selected_ncct/014.jpg,sub-stroke0155,1
train/LVO/p116_sub-stroke0155/selected_ncct/015.jpg,sub-stroke0155,1
train/LVO/p116_sub-stroke0155/selected_ncct/016.jpg,sub-stroke0155,1
train/LVO/p116_sub-stroke0155/selected_ncct/017.jpg,sub-stroke0155,1
train/LVO/p116_sub-stroke0155/selected_ncct/018.jpg,sub-stroke0155,1
train/LVO/p116_sub-stroke0155/selected_ncct/019.jpg,sub-stroke0155,1
train/LVO/p116_sub-stroke0155/selected_ncct/020.jpg,sub-stroke0155,1
train/LVO/p116_sub-stroke0155/selected_ncct/021.jpg,sub-stroke0155,1
train/LVO/p116_sub-stroke0155/selected_ncct/022.jpg,sub-stroke0155,1
train/LVO/p116_sub-stroke0155/selected_ncct/023.jpg,sub-stroke0155,1
train/LVO/p116_sub-stroke0155/selected_ncct/024.jpg,sub-stroke0155,1
train/LVO/p116_sub-stroke0155/selected_ncct/025.jpg,sub-stroke0155,1
train/LVO/p117_sub-stroke0156/selected_ncct/014.jpg,sub-stroke0156,1
train/LVO/p117_sub-stroke0156/selected_ncct/015.jpg,sub-stroke0156,1
train/LVO/p117_sub-stroke0156/selected_ncct/017.jpg,sub-stroke0156,1
train/LVO/p117_sub-stroke0156/selected_ncct/018.jpg,sub-stroke0156,1
train/LVO/p117_sub-stroke0156/selected_ncct/019.jpg,sub-stroke0156,1
train/LVO/p117_sub-stroke0156/selected_ncct/020.jpg,sub-stroke0156,1
train/LVO/p117_sub-stroke0156/selected_ncct/021.jpg,sub-stroke0156,1
train/LVO/p117_sub-stroke0156/selected_ncct/022.jpg,sub-stroke0156,1
train/LVO/p117_sub-stroke0156/selected_ncct/023.jpg,sub-stroke0156,1
train/LVO/p117_sub-stroke0156/selected_ncct/024.jpg,sub-stroke0156,1
train/LVO/p117_sub-stroke0156/selected_ncct/025.jpg,sub-stroke0156,1
train/LVO/p117_sub-stroke0156/selected_ncct/026.jpg,sub-stroke0156,1
train/LVO/p117_sub-stroke0156/selected_ncct/027.jpg,sub-stroke0156,1
train/LVO/p117_sub-stroke0156/selected_ncct/028.jpg,sub-stroke0156,1
train/LVO/p117_sub-stroke0156/selected_ncct/029.jpg,sub-stroke0156,1
train/LVO/p117_sub-stroke0156/selected_ncct/031.jpg,sub-stroke0156,1
train/LVO/p118_sub-stroke0157/selected_ncct/004.jpg,sub-stroke0157,1
train/LVO/p118_sub-stroke0157/selected_ncct/005.jpg,sub-stroke0157,1
train/LVO/p118_sub-stroke0157/selected_ncct/006.jpg,sub-stroke0157,1
train/LVO/p118_sub-stroke0157/selected_ncct/007.jpg,sub-stroke0157,1
train/LVO/p118_sub-stroke0157/selected_ncct/008.jpg,sub-stroke0157,1
train/LVO/p118_sub-stroke0157/selected_ncct/009.jpg,sub-stroke0157,1
train/LVO/p118_sub-stroke0157/selected_ncct/010.jpg,sub-stroke0157,1
train/LVO/p118_sub-stroke0157/selected_ncct/011.jpg,sub-stroke0157,1
train/LVO/p118_sub-stroke0157/selected_ncct/013.jpg,sub-stroke0157,1
train/LVO/p118_sub-stroke0157/selected_ncct/014.jpg,sub-stroke0157,1
train/LVO/p118_sub-stroke0157/selected_ncct/015.jpg,sub-stroke0157,1
train/LVO/p118_sub-stroke0157/selected_ncct/016.jpg,sub-stroke0157,1
train/LVO/p118_sub-stroke0157/selected_ncct/017.jpg,sub-stroke0157,1
train/LVO/p118_sub-stroke0157/selected_ncct/018.jpg,sub-stroke0157,1
train/LVO/p118_sub-stroke0157/selected_ncct/019.jpg,sub-stroke0157,1
train/LVO/p118_sub-stroke0157/selected_ncct/022.jpg,sub-stroke0157,1
train/LVO/p118_sub-stroke0157/selected_ncct/023.jpg,sub-stroke0157,1
train/LVO/p118_sub-stroke0157/selected_ncct/024.jpg,sub-stroke0157,1
train/LVO/p118_sub-stroke0157/selected_ncct/027.jpg,sub-stroke0157,1
train/LVO/p118_sub-stroke0157/selected_ncct/028.jpg,sub-stroke0157,1
train/LVO/p119_sub-stroke0158/selected_ncct/040.jpg,sub-stroke0158,1
train/LVO/p119_sub-stroke0158/selected_ncct/041.jpg,sub-stroke0158,1
train/LVO/p119_sub-stroke0158/selected_ncct/042.jpg,sub-stroke0158,1
train/LVO/p119_sub-stroke0158/selected_ncct/043.jpg,sub-stroke0158,1
train/LVO/p119_sub-stroke0158/selected_ncct/044.jpg,sub-stroke0158,1
train/LVO/p119_sub-stroke0158/selected_ncct/045.jpg,sub-stroke0158,1
train/LVO/p119_sub-stroke0158/selected_ncct/046.jpg,sub-stroke0158,1
train/LVO/p119_sub-stroke0158/selected_ncct/047.jpg,sub-stroke0158,1
train/LVO/p119_sub-stroke0158/selected_ncct/048.jpg,sub-stroke0158,1
train/LVO/p119_sub-stroke0158/selected_ncct/049.jpg,sub-stroke0158,1
train/LVO/p119_sub-stroke0158/selected_ncct/050.jpg,sub-stroke0158,1
train/LVO/p119_sub-stroke0158/selected_ncct/052.jpg,sub-stroke0158,1
train/LVO/p119_sub-stroke0158/selected_ncct/053.jpg,sub-stroke0158,1
train/LVO/p119_sub-stroke0158/selected_ncct/054.jpg,sub-stroke0158,1
train/LVO/p119_sub-stroke0158/selected_ncct/055.jpg,sub-stroke0158,1
train/LVO/p119_sub-stroke0158/selected_ncct/056.jpg,sub-stroke0158,1
train/LVO/p119_sub-stroke0158/selected_ncct/057.jpg,sub-stroke0158,1
train/LVO/p119_sub-stroke0158/selected_ncct/058.jpg,sub-stroke0158,1
train/LVO/p119_sub-stroke0158/selected_ncct/059.jpg,sub-stroke0158,1
train/LVO/p119_sub-stroke0158/selected_ncct/060.jpg,sub-stroke0158,1
train/LVO/p119_sub-stroke0158/selected_ncct/061.jpg,sub-stroke0158,1
train/LVO/p119_sub-stroke0158/selected_ncct/062.jpg,sub-stroke0158,1
train/LVO/p119_sub-stroke0158/selected_ncct/063.jpg,sub-stroke0158,1
train/LVO/p119_sub-stroke0158/selected_ncct/064.jpg,sub-stroke0158,1
train/LVO/p119_sub-stroke0158/selected_ncct/065.jpg,sub-stroke0158,1
train/LVO/p119_sub-stroke0158/selected_ncct/066.jpg,sub-stroke0158,1
train/LVO/p119_sub-stroke0158/selected_ncct/067.jpg,sub-stroke0158,1
train/LVO/p119_sub-stroke0158/selected_ncct/068.jpg,sub-stroke0158,1
train/LVO/p119_sub-stroke0158/selected_ncct/069.jpg,sub-stroke0158,1
train/LVO/p119_sub-stroke0158/selected_ncct/070.jpg,sub-stroke0158,1
train/LVO/p119_sub-stroke0158/selected_ncct/071.jpg,sub-stroke0158,1
train/LVO/p119_sub-stroke0158/selected_ncct/072.jpg,sub-stroke0158,1
train/LVO/p119_sub-stroke0158/selected_ncct/073.jpg,sub-stroke0158,1
train/LVO/p119_sub-stroke0158/selected_ncct/074.jpg,sub-stroke0158,1
train/LVO/p119_sub-stroke0158/selected_ncct/075.jpg,sub-stroke0158,1
train/LVO/p119_sub-stroke0158/selected_ncct/076.jpg,sub-stroke0158,1
train/LVO/p119_sub-stroke0158/selected_ncct/077.jpg,sub-stroke0158,1
train/LVO/p119_sub-stroke0158/selected_ncct/078.jpg,sub-stroke0158,1
train/LVO/p119_sub-stroke0158/selected_ncct/079.jpg,sub-stroke0158,1
train/LVO/p119_sub-stroke0158/selected_ncct/080.jpg,sub-stroke0158,1
train/LVO/p119_sub-stroke0158/selected_ncct/081.jpg,sub-stroke0158,1
train/LVO/p119_sub-stroke0158/selected_ncct/082.jpg,sub-stroke0158,1
train/LVO/p119_sub-stroke0158/selected_ncct/083.jpg,sub-stroke0158,1
train/LVO/p119_sub-stroke0158/selected_ncct/084.jpg,sub-stroke0158,1
train/LVO/p11_sub-stroke0011/selected_ncct/007.jpg,sub-stroke0011,1
train/LVO/p11_sub-stroke0011/selected_ncct/008.jpg,sub-stroke0011,1
train/LVO/p11_sub-stroke0011/selected_ncct/009.jpg,sub-stroke0011,1
train/LVO/p11_sub-stroke0011/selected_ncct/010.jpg,sub-stroke0011,1
train/LVO/p11_sub-stroke0011/selected_ncct/011.jpg,sub-stroke0011,1
train/LVO/p11_sub-stroke0011/selected_ncct/013.jpg,sub-stroke0011,1
train/LVO/p11_sub-stroke0011/selected_ncct/014.jpg,sub-stroke0011,1
train/LVO/p11_sub-stroke0011/selected_ncct/015.jpg,sub-stroke0011,1
train/LVO/p11_sub-stroke0011/selected_ncct/016.jpg,sub-stroke0011,1
train/LVO/p11_sub-stroke0011/selected_ncct/017.jpg,sub-stroke0011,1
train/LVO/p11_sub-stroke0011/selected_ncct/018.jpg,sub-stroke0011,1
train/LVO/p11_sub-stroke0011/selected_ncct/019.jpg,sub-stroke0011,1
train/LVO/p11_sub-stroke0011/selected_ncct/020.jpg,sub-stroke0011,1
train/LVO/p11_sub-stroke0011/selected_ncct/021.jpg,sub-stroke0011,1
train/LVO/p11_sub-stroke0011/selected_ncct/022.jpg,sub-stroke0011,1
train/LVO/p11_sub-stroke0011/selected_ncct/023.jpg,sub-stroke0011,1
train/LVO/p11_sub-stroke0011/selected_ncct/024.jpg,sub-stroke0011,1
train/LVO/p11_sub-stroke0011/selected_ncct/025.jpg,sub-stroke0011,1
train/LVO/p11_sub-stroke0011/selected_ncct/026.jpg,sub-stroke0011,1
train/LVO/p11_sub-stroke0011/selected_ncct/027.jpg,sub-stroke0011,1
train/LVO/p11_sub-stroke0011/selected_ncct/028.jpg,sub-stroke0011,1
train/LVO/p11_sub-stroke0011/selected_ncct/029.jpg,sub-stroke0011,1
train/LVO/p11_sub-stroke0011/selected_ncct/030.jpg,sub-stroke0011,1
train/LVO/p11_sub-stroke0011/selected_ncct/031.jpg,sub-stroke0011,1
train/LVO/p11_sub-stroke0011/selected_ncct/032.jpg,sub-stroke0011,1
train/LVO/p11_sub-stroke0011/selected_ncct/033.jpg,sub-stroke0011,1
train/LVO/p11_sub-stroke0011/selected_ncct/034.jpg,sub-stroke0011,1
train/LVO/p11_sub-stroke0011/selected_ncct/035.jpg,sub-stroke0011,1
train/LVO/p11_sub-stroke0011/selected_ncct/036.jpg,sub-stroke0011,1
train/LVO/p11_sub-stroke0011/selected_ncct/037.jpg,sub-stroke0011,1
train/LVO/p11_sub-stroke0011/selected_ncct/038.jpg,sub-stroke0011,1
train/LVO/p11_sub-stroke0011/selected_ncct/039.jpg,sub-stroke0011,1
train/LVO/p11_sub-stroke0011/selected_ncct/040.jpg,sub-stroke0011,1
train/LVO/p11_sub-stroke0011/selected_ncct/041.jpg,sub-stroke0011,1
train/LVO/p11_sub-stroke0011/selected_ncct/042.jpg,sub-stroke0011,1
train/LVO/p11_sub-stroke0011/selected_ncct/043.jpg,sub-stroke0011,1
train/LVO/p11_sub-stroke0011/selected_ncct/044.jpg,sub-stroke0011,1
train/LVO/p11_sub-stroke0011/selected_ncct/045.jpg,sub-stroke0011,1
train/LVO/p11_sub-stroke0011/selected_ncct/046.jpg,sub-stroke0011,1
train/LVO/p11_sub-stroke0011/selected_ncct/047.jpg,sub-stroke0011,1
train/LVO/p11_sub-stroke0011/selected_ncct/048.jpg,sub-stroke0011,1
train/LVO/p11_sub-stroke0011/selected_ncct/049.jpg,sub-stroke0011,1
train/LVO/p11_sub-stroke0011/selected_ncct/050.jpg,sub-stroke0011,1
train/LVO/p11_sub-stroke0011/selected_ncct/053.jpg,sub-stroke0011,1
train/LVO/p11_sub-stroke0011/selected_ncct/054.jpg,sub-stroke0011,1
train/LVO/p11_sub-stroke0011/selected_ncct/055.jpg,sub-stroke0011,1
train/LVO/p120_sub-stroke0159/selected_ncct/011.jpg,sub-stroke0159,1
train/LVO/p120_sub-stroke0159/selected_ncct/012.jpg,sub-stroke0159,1
train/LVO/p120_sub-stroke0159/selected_ncct/013.jpg,sub-stroke0159,1
train/LVO/p121_sub-stroke0161/selected_ncct/011.jpg,sub-stroke0161,1
train/LVO/p121_sub-stroke0161/selected_ncct/012.jpg,sub-stroke0161,1
train/LVO/p121_sub-stroke0161/selected_ncct/013.jpg,sub-stroke0161,1
train/LVO/p121_sub-stroke0161/selected_ncct/014.jpg,sub-stroke0161,1
train/LVO/p121_sub-stroke0161/selected_ncct/015.jpg,sub-stroke0161,1
train/LVO/p121_sub-stroke0161/selected_ncct/016.jpg,sub-stroke0161,1
train/LVO/p121_sub-stroke0161/selected_ncct/017.jpg,sub-stroke0161,1
train/LVO/p121_sub-stroke0161/selected_ncct/018.jpg,sub-stroke0161,1
train/LVO/p121_sub-stroke0161/selected_ncct/019.jpg,sub-stroke0161,1
train/LVO/p121_sub-stroke0161/selected_ncct/020.jpg,sub-stroke0161,1
train/LVO/p121_sub-stroke0161/selected_ncct/021.jpg,sub-stroke0161,1
train/LVO/p121_sub-stroke0161/selected_ncct/022.jpg,sub-stroke0161,1
train/LVO/p121_sub-stroke0161/selected_ncct/023.jpg,sub-stroke0161,1
train/LVO/p121_sub-stroke0161/selected_ncct/024.jpg,sub-stroke0161,1
train/LVO/p121_sub-stroke0161/selected_ncct/025.jpg,sub-stroke0161,1
train/LVO/p121_sub-stroke0161/selected_ncct/026.jpg,sub-stroke0161,1
train/LVO/p121_sub-stroke0161/selected_ncct/027.jpg,sub-stroke0161,1
train/LVO/p121_sub-stroke0161/selected_ncct/029.jpg,sub-stroke0161,1
train/LVO/p121_sub-stroke0161/selected_ncct/030.jpg,sub-stroke0161,1
train/LVO/p121_sub-stroke0161/selected_ncct/031.jpg,sub-stroke0161,1
train/LVO/p121_sub-stroke0161/selected_ncct/033.jpg,sub-stroke0161,1
train/LVO/p123_sub-stroke0163/selected_ncct/013.jpg,sub-stroke0163,0
train/LVO/p123_sub-stroke0163/selected_ncct/014.jpg,sub-stroke0163,0
train/LVO/p123_sub-stroke0163/selected_ncct/015.jpg,sub-stroke0163,0
train/LVO/p123_sub-stroke0163/selected_ncct/016.jpg,sub-stroke0163,0
train/LVO/p123_sub-stroke0163/selected_ncct/017.jpg,sub-stroke0163,0
train/LVO/p123_sub-stroke0163/selected_ncct/018.jpg,sub-stroke0163,0
train/LVO/p123_sub-stroke0163/selected_ncct/019.jpg,sub-stroke0163,0
train/LVO/p123_sub-stroke0163/selected_ncct/020.jpg,sub-stroke0163,0
train/LVO/p123_sub-stroke0163/selected_ncct/021.jpg,sub-stroke0163,0
train/LVO/p123_sub-stroke0163/selected_ncct/022.jpg,sub-stroke0163,0
train/LVO/p123_sub-stroke0163/selected_ncct/023.jpg,sub-stroke0163,0
train/LVO/p123_sub-stroke0163/selected_ncct/024.jpg,sub-stroke0163,0
train/LVO/p123_sub-stroke0163/selected_ncct/025.jpg,sub-stroke0163,0
train/LVO/p123_sub-stroke0163/selected_ncct/026.jpg,sub-stroke0163,0
train/LVO/p123_sub-stroke0163/selected_ncct/027.jpg,sub-stroke0163,0
train/LVO/p123_sub-stroke0163/selected_ncct/029.jpg,sub-stroke0163,0
train/LVO/p123_sub-stroke0163/selected_ncct/030.jpg,sub-stroke0163,0
train/LVO/p123_sub-stroke0163/selected_ncct/031.jpg,sub-stroke0163,0
train/LVO/p123_sub-stroke0163/selected_ncct/032.jpg,sub-stroke0163,0
train/LVO/p126_sub-stroke0166/selected_ncct/012.jpg,sub-stroke0166,1
train/LVO/p126_sub-stroke0166/selected_ncct/013.jpg,sub-stroke0166,1
train/LVO/p126_sub-stroke0166/selected_ncct/014.jpg,sub-stroke0166,1
train/LVO/p126_sub-stroke0166/selected_ncct/015.jpg,sub-stroke0166,1
train/LVO/p126_sub-stroke0166/selected_ncct/016.jpg,sub-stroke0166,1
train/LVO/p126_sub-stroke0166/selected_ncct/017.jpg,sub-stroke0166,1
train/LVO/p126_sub-stroke0166/selected_ncct/018.jpg,sub-stroke0166,1
train/LVO/p126_sub-stroke0166/selected_ncct/019.jpg,sub-stroke0166,1
train/LVO/p126_sub-stroke0166/selected_ncct/020.jpg,sub-stroke0166,1
train/LVO/p126_sub-stroke0166/selected_ncct/021.jpg,sub-stroke0166,1
train/LVO/p126_sub-stroke0166/selected_ncct/022.jpg,sub-stroke0166,1
train/LVO/p126_sub-stroke0166/selected_ncct/023.jpg,sub-stroke0166,1
train/LVO/p126_sub-stroke0166/selected_ncct/024.jpg,sub-stroke0166,1
train/LVO/p126_sub-stroke0166/selected_ncct/025.jpg,sub-stroke0166,1
train/LVO/p129_sub-stroke0169/selected_ncct/012.jpg,sub-stroke0169,1
train/LVO/p129_sub-stroke0169/selected_ncct/013.jpg,sub-stroke0169,1
train/LVO/p129_sub-stroke0169/selected_ncct/014.jpg,sub-stroke0169,1
train/LVO/p129_sub-stroke0169/selected_ncct/015.jpg,sub-stroke0169,1
train/LVO/p129_sub-stroke0169/selected_ncct/016.jpg,sub-stroke0169,1
train/LVO/p129_sub-stroke0169/selected_ncct/017.jpg,sub-stroke0169,1
train/LVO/p129_sub-stroke0169/selected_ncct/018.jpg,sub-stroke0169,1
train/LVO/p129_sub-stroke0169/selected_ncct/019.jpg,sub-stroke0169,1
train/LVO/p129_sub-stroke0169/selected_ncct/020.jpg,sub-stroke0169,1
train/LVO/p129_sub-stroke0169/selected_ncct/021.jpg,sub-stroke0169,1
train/LVO/p129_sub-stroke0169/selected_ncct/022.jpg,sub-stroke0169,1
train/LVO/p129_sub-stroke0169/selected_ncct/023.jpg,sub-stroke0169,1
train/LVO/p129_sub-stroke0169/selected_ncct/024.jpg,sub-stroke0169,1
train/LVO/p129_sub-stroke0169/selected_ncct/025.jpg,sub-stroke0169,1
train/LVO/p129_sub-stroke0169/selected_ncct/026.jpg,sub-stroke0169,1
train/LVO/p129_sub-stroke0169/selected_ncct/027.jpg,sub-stroke0169,1
train/LVO/p129_sub-stroke0169/selected_ncct/028.jpg,sub-stroke0169,1
train/LVO/p130_sub-stroke0170/selected_ncct/023.jpg,sub-stroke0170,1
train/LVO/p130_sub-stroke0170/selected_ncct/024.jpg,sub-stroke0170,1
train/LVO/p130_sub-stroke0170/selected_ncct/025.jpg,sub-stroke0170,1
train/LVO/p130_sub-stroke0170/selected_ncct/026.jpg,sub-stroke0170,1
train/LVO/p130_sub-stroke0170/selected_ncct/027.jpg,sub-stroke0170,1
train/LVO/p130_sub-stroke0170/selected_ncct/029.jpg,sub-stroke0170,1
train/LVO/p130_sub-stroke0170/selected_ncct/036.jpg,sub-stroke0170,1
train/LVO/p130_sub-stroke0170/selected_ncct/037.jpg,sub-stroke0170,1
train/LVO/p130_sub-stroke0170/selected_ncct/038.jpg,sub-stroke0170,1
train/LVO/p130_sub-stroke0170/selected_ncct/039.jpg,sub-stroke0170,1
train/LVO/p130_sub-stroke0170/selected_ncct/040.jpg,sub-stroke0170,1
train/LVO/p130_sub-stroke0170/selected_ncct/041.jpg,sub-stroke0170,1
train/LVO/p130_sub-stroke0170/selected_ncct/042.jpg,sub-stroke0170,1
train/LVO/p130_sub-stroke0170/selected_ncct/043.jpg,sub-stroke0170,1
train/LVO/p130_sub-stroke0170/selected_ncct/044.jpg,sub-stroke0170,1
train/LVO/p130_sub-stroke0170/selected_ncct/045.jpg,sub-stroke0170,1
train/LVO/p130_sub-stroke0170/selected_ncct/046.jpg,sub-stroke0170,1
train/LVO/p130_sub-stroke0170/selected_ncct/047.jpg,sub-stroke0170,1
train/LVO/p130_sub-stroke0170/selected_ncct/048.jpg,sub-stroke0170,1
train/LVO/p130_sub-stroke0170/selected_ncct/049.jpg,sub-stroke0170,1
train/LVO/p130_sub-stroke0170/selected_ncct/050.jpg,sub-stroke0170,1
train/LVO/p130_sub-stroke0170/selected_ncct/051.jpg,sub-stroke0170,1
train/LVO/p130_sub-stroke0170/selected_ncct/052.jpg,sub-stroke0170,1
train/LVO/p130_sub-stroke0170/selected_ncct/053.jpg,sub-stroke0170,1
train/LVO/p130_sub-stroke0170/selected_ncct/054.jpg,sub-stroke0170,1
train/LVO/p130_sub-stroke0170/selected_ncct/055.jpg,sub-stroke0170,1
train/LVO/p130_sub-stroke0170/selected_ncct/056.jpg,sub-stroke0170,1
train/LVO/p130_sub-stroke0170/selected_ncct/057.jpg,sub-stroke0170,1
train/LVO/p130_sub-stroke0170/selected_ncct/058.jpg,sub-stroke0170,1
train/LVO/p130_sub-stroke0170/selected_ncct/059.jpg,sub-stroke0170,1
train/LVO/p130_sub-stroke0170/selected_ncct/060.jpg,sub-stroke0170,1
train/LVO/p130_sub-stroke0170/selected_ncct/061.jpg,sub-stroke0170,1
train/LVO/p130_sub-stroke0170/selected_ncct/062.jpg,sub-stroke0170,1
train/LVO/p130_sub-stroke0170/selected_ncct/063.jpg,sub-stroke0170,1
train/LVO/p131_sub-stroke0171/selected_ncct/037.jpg,sub-stroke0171,1
train/LVO/p131_sub-stroke0171/selected_ncct/040.jpg,sub-stroke0171,1
train/LVO/p132_sub-stroke0172/selected_ncct/007.jpg,sub-stroke0172,1
train/LVO/p132_sub-stroke0172/selected_ncct/008.jpg,sub-stroke0172,1
train/LVO/p132_sub-stroke0172/selected_ncct/009.jpg,sub-stroke0172,1
train/LVO/p132_sub-stroke0172/selected_ncct/010.jpg,sub-stroke0172,1
train/LVO/p132_sub-stroke0172/selected_ncct/011.jpg,sub-stroke0172,1
train/LVO/p132_sub-stroke0172/selected_ncct/017.jpg,sub-stroke0172,1
train/LVO/p132_sub-stroke0172/selected_ncct/018.jpg,sub-stroke0172,1
train/LVO/p132_sub-stroke0172/selected_ncct/019.jpg,sub-stroke0172,1
train/LVO/p132_sub-stroke0172/selected_ncct/020.jpg,sub-stroke0172,1
train/LVO/p132_sub-stroke0172/selected_ncct/021.jpg,sub-stroke0172,1
train/LVO/p133_sub-stroke0173/selected_ncct/013.jpg,sub-stroke0173,1
train/LVO/p133_sub-stroke0173/selected_ncct/015.jpg,sub-stroke0173,1
train/LVO/p133_sub-stroke0173/selected_ncct/016.jpg,sub-stroke0173,1
train/LVO/p133_sub-stroke0173/selected_ncct/017.jpg,sub-stroke0173,1
train/LVO/p133_sub-stroke0173/selected_ncct/018.jpg,sub-stroke0173,1
train/LVO/p133_sub-stroke0173/selected_ncct/019.jpg,sub-stroke0173,1
train/LVO/p133_sub-stroke0173/selected_ncct/020.jpg,sub-stroke0173,1
train/LVO/p133_sub-stroke0173/selected_ncct/023.jpg,sub-stroke0173,1
train/LVO/p133_sub-stroke0173/selected_ncct/028.jpg,sub-stroke0173,1
train/LVO/p133_sub-stroke0173/selected_ncct/029.jpg,sub-stroke0173,1
train/LVO/p136_sub-stroke0176/selected_ncct/013.jpg,sub-stroke0176,1
train/LVO/p136_sub-stroke0176/selected_ncct/015.jpg,sub-stroke0176,1
train/LVO/p136_sub-stroke0176/selected_ncct/016.jpg,sub-stroke0176,1
train/LVO/p136_sub-stroke0176/selected_ncct/017.jpg,sub-stroke0176,1
train/LVO/p136_sub-stroke0176/selected_ncct/018.jpg,sub-stroke0176,1
train/LVO/p136_sub-stroke0176/selected_ncct/019.jpg,sub-stroke0176,1
train/LVO/p136_sub-stroke0176/selected_ncct/020.jpg,sub-stroke0176,1
train/LVO/p136_sub-stroke0176/selected_ncct/021.jpg,sub-stroke0176,1
train/LVO/p136_sub-stroke0176/selected_ncct/022.jpg,sub-stroke0176,1
train/LVO/p136_sub-stroke0176/selected_ncct/023.jpg,sub-stroke0176,1
train/LVO/p136_sub-stroke0176/selected_ncct/024.jpg,sub-stroke0176,1
train/LVO/p136_sub-stroke0176/selected_ncct/025.jpg,sub-stroke0176,1
train/LVO/p136_sub-stroke0176/selected_ncct/027.jpg,sub-stroke0176,1
train/LVO/p137_sub-stroke0177/selected_ncct/012.jpg,sub-stroke0177,1
train/LVO/p137_sub-stroke0177/selected_ncct/013.jpg,sub-stroke0177,1
train/LVO/p137_sub-stroke0177/selected_ncct/015.jpg,sub-stroke0177,1
train/LVO/p137_sub-stroke0177/selected_ncct/016.jpg,sub-stroke0177,1
train/LVO/p137_sub-stroke0177/selected_ncct/017.jpg,sub-stroke0177,1
train/LVO/p137_sub-stroke0177/selected_ncct/018.jpg,sub-stroke0177,1
train/LVO/p137_sub-stroke0177/selected_ncct/019.jpg,sub-stroke0177,1
train/LVO/p137_sub-stroke0177/selected_ncct/020.jpg,sub-stroke0177,1
train/LVO/p137_sub-stroke0177/selected_ncct/021.jpg,sub-stroke0177,1
train/LVO/p137_sub-stroke0177/selected_ncct/022.jpg,sub-stroke0177,1
train/LVO/p137_sub-stroke0177/selected_ncct/023.jpg,sub-stroke0177,1
train/LVO/p137_sub-stroke0177/selected_ncct/024.jpg,sub-stroke0177,1
train/LVO/p137_sub-stroke0177/selected_ncct/025.jpg,sub-stroke0177,1
train/LVO/p137_sub-stroke0177/selected_ncct/026.jpg,sub-stroke0177,1
train/LVO/p137_sub-stroke0177/selected_ncct/027.jpg,sub-stroke0177,1
train/LVO/p137_sub-stroke0177/selected_ncct/028.jpg,sub-stroke0177,1
train/LVO/p137_sub-stroke0177/selected_ncct/029.jpg,sub-stroke0177,1
train/LVO/p137_sub-stroke0177/selected_ncct/030.jpg,sub-stroke0177,1
train/LVO/p137_sub-stroke0177/selected_ncct/031.jpg,sub-stroke0177,1
train/LVO/p137_sub-stroke0177/selected_ncct/032.jpg,sub-stroke0177,1
train/LVO/p137_sub-stroke0177/selected_ncct/033.jpg,sub-stroke0177,1
train/LVO/p137_sub-stroke0177/selected_ncct/034.jpg,sub-stroke0177,1
train/LVO/p137_sub-stroke0177/selected_ncct/035.jpg,sub-stroke0177,1
train/LVO/p137_sub-stroke0177/selected_ncct/037.jpg,sub-stroke0177,1
train/LVO/p13_sub-stroke0013/selected_ncct/020.jpg,sub-stroke0013,1
train/LVO/p13_sub-stroke0013/selected_ncct/025.jpg,sub-stroke0013,1
train/LVO/p13_sub-stroke0013/selected_ncct/027.jpg,sub-stroke0013,1
train/LVO/p13_sub-stroke0013/selected_ncct/028.jpg,sub-stroke0013,1
train/LVO/p13_sub-stroke0013/selected_ncct/029.jpg,sub-stroke0013,1
train/LVO/p13_sub-stroke0013/selected_ncct/030.jpg,sub-stroke0013,1
train/LVO/p13_sub-stroke0013/selected_ncct/031.jpg,sub-stroke0013,1
train/LVO/p13_sub-stroke0013/selected_ncct/032.jpg,sub-stroke0013,1
train/LVO/p13_sub-stroke0013/selected_ncct/035.jpg,sub-stroke0013,1
train/LVO/p13_sub-stroke0013/selected_ncct/038.jpg,sub-stroke0013,1
train/LVO/p13_sub-stroke0013/selected_ncct/040.jpg,sub-stroke0013,1
train/LVO/p13_sub-stroke0013/selected_ncct/041.jpg,sub-stroke0013,1
train/LVO/p13_sub-stroke0013/selected_ncct/042.jpg,sub-stroke0013,1
train/LVO/p141_sub-stroke0181/selected_ncct/008.jpg,sub-stroke0181,1
train/LVO/p141_sub-stroke0181/selected_ncct/009.jpg,sub-stroke0181,1
train/LVO/p141_sub-stroke0181/selected_ncct/010.jpg,sub-stroke0181,1
train/LVO/p141_sub-stroke0181/selected_ncct/011.jpg,sub-stroke0181,1
train/LVO/p141_sub-stroke0181/selected_ncct/012.jpg,sub-stroke0181,1
train/LVO/p141_sub-stroke0181/selected_ncct/013.jpg,sub-stroke0181,1
train/LVO/p141_sub-stroke0181/selected_ncct/014.jpg,sub-stroke0181,1
train/LVO/p141_sub-stroke0181/selected_ncct/015.jpg,sub-stroke0181,1
train/LVO/p141_sub-stroke0181/selected_ncct/016.jpg,sub-stroke0181,1
train/LVO/p141_sub-stroke0181/selected_ncct/017.jpg,sub-stroke0181,1
train/LVO/p141_sub-stroke0181/selected_ncct/018.jpg,sub-stroke0181,1
train/LVO/p141_sub-stroke0181/selected_ncct/019.jpg,sub-stroke0181,1
train/LVO/p141_sub-stroke0181/selected_ncct/020.jpg,sub-stroke0181,1
train/LVO/p141_sub-stroke0181/selected_ncct/021.jpg,sub-stroke0181,1
train/LVO/p141_sub-stroke0181/selected_ncct/023.jpg,sub-stroke0181,1
train/LVO/p141_sub-stroke0181/selected_ncct/024.jpg,sub-stroke0181,1
train/LVO/p141_sub-stroke0181/selected_ncct/025.jpg,sub-stroke0181,1
train/LVO/p141_sub-stroke0181/selected_ncct/026.jpg,sub-stroke0181,1
train/LVO/p141_sub-stroke0181/selected_ncct/027.jpg,sub-stroke0181,1
train/LVO/p141_sub-stroke0181/selected_ncct/028.jpg,sub-stroke0181,1
train/LVO/p141_sub-stroke0181/selected_ncct/029.jpg,sub-stroke0181,1
train/LVO/p141_sub-stroke0181/selected_ncct/030.jpg,sub-stroke0181,1
train/LVO/p141_sub-stroke0181/selected_ncct/031.jpg,sub-stroke0181,1
train/LVO/p142_sub-stroke0182/selected_ncct/015.jpg,sub-stroke0182,1
train/LVO/p142_sub-stroke0182/selected_ncct/017.jpg,sub-stroke0182,1
train/LVO/p142_sub-stroke0182/selected_ncct/018.jpg,sub-stroke0182,1
train/LVO/p142_sub-stroke0182/selected_ncct/019.jpg,sub-stroke0182,1
train/LVO/p142_sub-stroke0182/selected_ncct/020.jpg,sub-stroke0182,1
train/LVO/p142_sub-stroke0182/selected_ncct/021.jpg,sub-stroke0182,1
train/LVO/p142_sub-stroke0182/selected_ncct/022.jpg,sub-stroke0182,1
train/LVO/p142_sub-stroke0182/selected_ncct/023.jpg,sub-stroke0182,1
train/LVO/p142_sub-stroke0182/selected_ncct/024.jpg,sub-stroke0182,1
train/LVO/p142_sub-stroke0182/selected_ncct/025.jpg,sub-stroke0182,1
train/LVO/p142_sub-stroke0182/selected_ncct/026.jpg,sub-stroke0182,1
train/LVO/p142_sub-stroke0182/selected_ncct/029.jpg,sub-stroke0182,1
train/LVO/p142_sub-stroke0182/selected_ncct/030.jpg,sub-stroke0182,1
train/LVO/p142_sub-stroke0182/selected_ncct/031.jpg,sub-stroke0182,1
train/LVO/p143_sub-stroke0183/selected_ncct/031.jpg,sub-stroke0183,1
train/LVO/p143_sub-stroke0183/selected_ncct/032.jpg,sub-stroke0183,1
train/LVO/p143_sub-stroke0183/selected_ncct/033.jpg,sub-stroke0183,1
train/LVO/p143_sub-stroke0183/selected_ncct/034.jpg,sub-stroke0183,1
train/LVO/p143_sub-stroke0183/selected_ncct/035.jpg,sub-stroke0183,1
train/LVO/p143_sub-stroke0183/selected_ncct/036.jpg,sub-stroke0183,1
train/LVO/p143_sub-stroke0183/selected_ncct/037.jpg,sub-stroke0183,1
train/LVO/p143_sub-stroke0183/selected_ncct/038.jpg,sub-stroke0183,1
train/LVO/p143_sub-stroke0183/selected_ncct/039.jpg,sub-stroke0183,1
train/LVO/p143_sub-stroke0183/selected_ncct/040.jpg,sub-stroke0183,1
train/LVO/p143_sub-stroke0183/selected_ncct/041.jpg,sub-stroke0183,1
train/LVO/p143_sub-stroke0183/selected_ncct/042.jpg,sub-stroke0183,1
train/LVO/p143_sub-stroke0183/selected_ncct/043.jpg,sub-stroke0183,1
train/LVO/p143_sub-stroke0183/selected_ncct/044.jpg,sub-stroke0183,1
train/LVO/p143_sub-stroke0183/selected_ncct/045.jpg,sub-stroke0183,1
train/LVO/p143_sub-stroke0183/selected_ncct/046.jpg,sub-stroke0183,1
train/LVO/p143_sub-stroke0183/selected_ncct/047.jpg,sub-stroke0183,1
train/LVO/p143_sub-stroke0183/selected_ncct/048.jpg,sub-stroke0183,1
train/LVO/p143_sub-stroke0183/selected_ncct/049.jpg,sub-stroke0183,1
train/LVO/p143_sub-stroke0183/selected_ncct/050.jpg,sub-stroke0183,1
train/LVO/p143_sub-stroke0183/selected_ncct/051.jpg,sub-stroke0183,1
train/LVO/p143_sub-stroke0183/selected_ncct/052.jpg,sub-stroke0183,1
train/LVO/p143_sub-stroke0183/selected_ncct/053.jpg,sub-stroke0183,1
train/LVO/p143_sub-stroke0183/selected_ncct/054.jpg,sub-stroke0183,1
train/LVO/p143_sub-stroke0183/selected_ncct/055.jpg,sub-stroke0183,1
train/LVO/p143_sub-stroke0183/selected_ncct/056.jpg,sub-stroke0183,1
train/LVO/p143_sub-stroke0183/selected_ncct/057.jpg,sub-stroke0183,1
train/LVO/p143_sub-stroke0183/selected_ncct/058.jpg,sub-stroke0183,1
train/LVO/p143_sub-stroke0183/selected_ncct/059.jpg,sub-stroke0183,1
train/LVO/p143_sub-stroke0183/selected_ncct/060.jpg,sub-stroke0183,1
train/LVO/p143_sub-stroke0183/selected_ncct/061.jpg,sub-stroke0183,1
train/LVO/p143_sub-stroke0183/selected_ncct/062.jpg,sub-stroke0183,1
train/LVO/p144_sub-stroke0184/selected_ncct/034.jpg,sub-stroke0184,1
train/LVO/p144_sub-stroke0184/selected_ncct/035.jpg,sub-stroke0184,1
train/LVO/p144_sub-stroke0184/selected_ncct/036.jpg,sub-stroke0184,1
train/LVO/p144_sub-stroke0184/selected_ncct/037.jpg,sub-stroke0184,1
train/LVO/p144_sub-stroke0184/selected_ncct/038.jpg,sub-stroke0184,1
train/LVO/p144_sub-stroke0184/selected_ncct/039.jpg,sub-stroke0184,1
train/LVO/p144_sub-stroke0184/selected_ncct/040.jpg,sub-stroke0184,1
train/LVO/p144_sub-stroke0184/selected_ncct/041.jpg,sub-stroke0184,1
train/LVO/p144_sub-stroke0184/selected_ncct/042.jpg,sub-stroke0184,1
train/LVO/p144_sub-stroke0184/selected_ncct/043.jpg,sub-stroke0184,1
train/LVO/p144_sub-stroke0184/selected_ncct/044.jpg,sub-stroke0184,1
train/LVO/p144_sub-stroke0184/selected_ncct/045.jpg,sub-stroke0184,1
train/LVO/p144_sub-stroke0184/selected_ncct/048.jpg,sub-stroke0184,1
train/LVO/p144_sub-stroke0184/selected_ncct/049.jpg,sub-stroke0184,1
train/LVO/p144_sub-stroke0184/selected_ncct/051.jpg,sub-stroke0184,1
train/LVO/p144_sub-stroke0184/selected_ncct/052.jpg,sub-stroke0184,1
train/LVO/p144_sub-stroke0184/selected_ncct/053.jpg,sub-stroke0184,1
train/LVO/p144_sub-stroke0184/selected_ncct/054.jpg,sub-stroke0184,1
train/LVO/p144_sub-stroke0184/selected_ncct/055.jpg,sub-stroke0184,1
train/LVO/p144_sub-stroke0184/selected_ncct/056.jpg,sub-stroke0184,1
train/LVO/p144_sub-stroke0184/selected_ncct/057.jpg,sub-stroke0184,1
train/LVO/p144_sub-stroke0184/selected_ncct/058.jpg,sub-stroke0184,1
train/LVO/p148_sub-stroke0188/selected_ncct/024.jpg,sub-stroke0188,1
train/LVO/p148_sub-stroke0188/selected_ncct/025.jpg,sub-stroke0188,1
train/LVO/p148_sub-stroke0188/selected_ncct/026.jpg,sub-stroke0188,1
train/LVO/p148_sub-stroke0188/selected_ncct/027.jpg,sub-stroke0188,1
train/LVO/p148_sub-stroke0188/selected_ncct/029.jpg,sub-stroke0188,1
train/LVO/p148_sub-stroke0188/selected_ncct/030.jpg,sub-stroke0188,1
train/LVO/p148_sub-stroke0188/selected_ncct/031.jpg,sub-stroke0188,1
train/LVO/p148_sub-stroke0188/selected_ncct/032.jpg,sub-stroke0188,1
train/LVO/p148_sub-stroke0188/selected_ncct/033.jpg,sub-stroke0188,1
train/LVO/p148_sub-stroke0188/selected_ncct/034.jpg,sub-stroke0188,1
train/LVO/p148_sub-stroke0188/selected_ncct/035.jpg,sub-stroke0188,1
train/LVO/p148_sub-stroke0188/selected_ncct/036.jpg,sub-stroke0188,1
train/LVO/p148_sub-stroke0188/selected_ncct/037.jpg,sub-stroke0188,1
train/LVO/p148_sub-stroke0188/selected_ncct/038.jpg,sub-stroke0188,1
train/LVO/p148_sub-stroke0188/selected_ncct/039.jpg,sub-stroke0188,1
train/LVO/p148_sub-stroke0188/selected_ncct/040.jpg,sub-stroke0188,1
train/LVO/p148_sub-stroke0188/selected_ncct/041.jpg,sub-stroke0188,1
train/LVO/p148_sub-stroke0188/selected_ncct/042.jpg,sub-stroke0188,1
train/LVO/p148_sub-stroke0188/selected_ncct/043.jpg,sub-stroke0188,1
train/LVO/p148_sub-stroke0188/selected_ncct/044.jpg,sub-stroke0188,1
train/LVO/p148_sub-stroke0188/selected_ncct/045.jpg,sub-stroke0188,1
train/LVO/p148_sub-stroke0188/selected_ncct/046.jpg,sub-stroke0188,1
train/LVO/p148_sub-stroke0188/selected_ncct/047.jpg,sub-stroke0188,1
train/LVO/p148_sub-stroke0188/selected_ncct/048.jpg,sub-stroke0188,1
train/LVO/p148_sub-stroke0188/selected_ncct/049.jpg,sub-stroke0188,1
train/LVO/p148_sub-stroke0188/selected_ncct/050.jpg,sub-stroke0188,1
train/LVO/p148_sub-stroke0188/selected_ncct/051.jpg,sub-stroke0188,1
train/LVO/p148_sub-stroke0188/selected_ncct/052.jpg,sub-stroke0188,1
train/LVO/p148_sub-stroke0188/selected_ncct/053.jpg,sub-stroke0188,1
train/LVO/p148_sub-stroke0188/selected_ncct/055.jpg,sub-stroke0188,1
train/LVO/p148_sub-stroke0188/selected_ncct/056.jpg,sub-stroke0188,1
train/LVO/p148_sub-stroke0188/selected_ncct/057.jpg,sub-stroke0188,1
train/LVO/p148_sub-stroke0188/selected_ncct/058.jpg,sub-stroke0188,1
train/LVO/p148_sub-stroke0188/selected_ncct/059.jpg,sub-stroke0188,1
train/LVO/p149_sub-stroke0189/selected_ncct/018.jpg,sub-stroke0189,1
train/LVO/p149_sub-stroke0189/selected_ncct/020.jpg,sub-stroke0189,1
train/LVO/p149_sub-stroke0189/selected_ncct/021.jpg,sub-stroke0189,1
train/LVO/p149_sub-stroke0189/selected_ncct/022.jpg,sub-stroke0189,1
train/LVO/p149_sub-stroke0189/selected_ncct/023.jpg,sub-stroke0189,1
train/LVO/p149_sub-stroke0189/selected_ncct/024.jpg,sub-stroke0189,1
train/LVO/p149_sub-stroke0189/selected_ncct/025.jpg,sub-stroke0189,1
train/LVO/p149_sub-stroke0189/selected_ncct/026.jpg,sub-stroke0189,1
train/LVO/p149_sub-stroke0189/selected_ncct/027.jpg,sub-stroke0189,1
train/LVO/p149_sub-stroke0189/selected_ncct/028.jpg,sub-stroke0189,1
train/LVO/p149_sub-stroke0189/selected_ncct/029.jpg,sub-stroke0189,1
train/LVO/p149_sub-stroke0189/selected_ncct/030.jpg,sub-stroke0189,1
train/LVO/p149_sub-stroke0189/selected_ncct/031.jpg,sub-stroke0189,1
train/LVO/p149_sub-stroke0189/selected_ncct/032.jpg,sub-stroke0189,1
train/LVO/p149_sub-stroke0189/selected_ncct/033.jpg,sub-stroke0189,1
train/LVO/p149_sub-stroke0189/selected_ncct/034.jpg,sub-stroke0189,1
train/LVO/p149_sub-stroke0189/selected_ncct/035.jpg,sub-stroke0189,1
train/LVO/p149_sub-stroke0189/selected_ncct/036.jpg,sub-stroke0189,1
train/LVO/p149_sub-stroke0189/selected_ncct/037.jpg,sub-stroke0189,1
train/LVO/p149_sub-stroke0189/selected_ncct/038.jpg,sub-stroke0189,1
train/LVO/p149_sub-stroke0189/selected_ncct/039.jpg,sub-stroke0189,1
train/LVO/p149_sub-stroke0189/selected_ncct/040.jpg,sub-stroke0189,1
train/LVO/p149_sub-stroke0189/selected_ncct/041.jpg,sub-stroke0189,1
train/LVO/p149_sub-stroke0189/selected_ncct/042.jpg,sub-stroke0189,1
train/LVO/p149_sub-stroke0189/selected_ncct/043.jpg,sub-stroke0189,1
train/LVO/p149_sub-stroke0189/selected_ncct/044.jpg,sub-stroke0189,1
train/LVO/p149_sub-stroke0189/selected_ncct/045.jpg,sub-stroke0189,1
train/LVO/p149_sub-stroke0189/selected_ncct/046.jpg,sub-stroke0189,1
train/LVO/p149_sub-stroke0189/selected_ncct/047.jpg,sub-stroke0189,1
train/LVO/p149_sub-stroke0189/selected_ncct/048.jpg,sub-stroke0189,1
train/LVO/p149_sub-stroke0189/selected_ncct/049.jpg,sub-stroke0189,1
train/LVO/p149_sub-stroke0189/selected_ncct/050.jpg,sub-stroke0189,1
train/LVO/p149_sub-stroke0189/selected_ncct/051.jpg,sub-stroke0189,1
train/LVO/p149_sub-stroke0189/selected_ncct/052.jpg,sub-stroke0189,1
train/LVO/p149_sub-stroke0189/selected_ncct/053.jpg,sub-stroke0189,1
train/LVO/p149_sub-stroke0189/selected_ncct/054.jpg,sub-stroke0189,1
train/LVO/p149_sub-stroke0189/selected_ncct/055.jpg,sub-stroke0189,1
train/LVO/p149_sub-stroke0189/selected_ncct/061.jpg,sub-stroke0189,1
train/LVO/p149_sub-stroke0189/selected_ncct/062.jpg,sub-stroke0189,1
train/LVO/p149_sub-stroke0189/selected_ncct/063.jpg,sub-stroke0189,1
train/LVO/p14_sub-stroke0014/selected_ncct/018.jpg,sub-stroke0014,1
train/LVO/p14_sub-stroke0014/selected_ncct/019.jpg,sub-stroke0014,1
train/LVO/p14_sub-stroke0014/selected_ncct/020.jpg,sub-stroke0014,1
train/LVO/p14_sub-stroke0014/selected_ncct/021.jpg,sub-stroke0014,1
train/LVO/p14_sub-stroke0014/selected_ncct/022.jpg,sub-stroke0014,1
train/LVO/p14_sub-stroke0014/selected_ncct/023.jpg,sub-stroke0014,1
train/LVO/p14_sub-stroke0014/selected_ncct/025.jpg,sub-stroke0014,1
train/LVO/p14_sub-stroke0014/selected_ncct/026.jpg,sub-stroke0014,1
train/LVO/p14_sub-stroke0014/selected_ncct/027.jpg,sub-stroke0014,1
train/LVO/p14_sub-stroke0014/selected_ncct/028.jpg,sub-stroke0014,1
train/LVO/p14_sub-stroke0014/selected_ncct/029.jpg,sub-stroke0014,1
train/LVO/p14_sub-stroke0014/selected_ncct/030.jpg,sub-stroke0014,1
train/LVO/p14_sub-stroke0014/selected_ncct/031.jpg,sub-stroke0014,1
train/LVO/p14_sub-stroke0014/selected_ncct/032.jpg,sub-stroke0014,1
train/LVO/p14_sub-stroke0014/selected_ncct/033.jpg,sub-stroke0014,1
train/LVO/p14_sub-stroke0014/selected_ncct/034.jpg,sub-stroke0014,1
train/LVO/p14_sub-stroke0014/selected_ncct/035.jpg,sub-stroke0014,1
train/LVO/p14_sub-stroke0014/selected_ncct/036.jpg,sub-stroke0014,1
train/LVO/p14_sub-stroke0014/selected_ncct/037.jpg,sub-stroke0014,1
train/LVO/p14_sub-stroke0014/selected_ncct/038.jpg,sub-stroke0014,1
train/LVO/p14_sub-stroke0014/selected_ncct/039.jpg,sub-stroke0014,1
train/LVO/p14_sub-stroke0014/selected_ncct/040.jpg,sub-stroke0014,1
train/LVO/p14_sub-stroke0014/selected_ncct/041.jpg,sub-stroke0014,1
train/LVO/p14_sub-stroke0014/selected_ncct/042.jpg,sub-stroke0014,1
train/LVO/p14_sub-stroke0014/selected_ncct/043.jpg,sub-stroke0014,1
train/LVO/p14_sub-stroke0014/selected_ncct/044.jpg,sub-stroke0014,1
train/LVO/p14_sub-stroke0014/selected_ncct/045.jpg,sub-stroke0014,1
train/LVO/p14_sub-stroke0014/selected_ncct/046.jpg,sub-stroke0014,1
train/LVO/p14_sub-stroke0014/selected_ncct/047.jpg,sub-stroke0014,1
train/LVO/p14_sub-stroke0014/selected_ncct/048.jpg,sub-stroke0014,1
train/LVO/p14_sub-stroke0014/selected_ncct/049.jpg,sub-stroke0014,1
train/LVO/p14_sub-stroke0014/selected_ncct/050.jpg,sub-stroke0014,1
train/LVO/p14_sub-stroke0014/selected_ncct/051.jpg,sub-stroke0014,1
train/LVO/p14_sub-stroke0014/selected_ncct/052.jpg,sub-stroke0014,1
train/LVO/p14_sub-stroke0014/selected_ncct/053.jpg,sub-stroke0014,1
train/LVO/p14_sub-stroke0014/selected_ncct/054.jpg,sub-stroke0014,1
train/LVO/p14_sub-stroke0014/selected_ncct/055.jpg,sub-stroke0014,1
train/LVO/p14_sub-stroke0014/selected_ncct/056.jpg,sub-stroke0014,1
train/LVO/p14_sub-stroke0014/selected_ncct/057.jpg,sub-stroke0014,1
train/LVO/p14_sub-stroke0014/selected_ncct/058.jpg,sub-stroke0014,1
train/LVO/p14_sub-stroke0014/selected_ncct/059.jpg,sub-stroke0014,1
train/LVO/p14_sub-stroke0014/selected_ncct/060.jpg,sub-stroke0014,1
train/LVO/p14_sub-stroke0014/selected_ncct/061.jpg,sub-stroke0014,1
train/LVO/p14_sub-stroke0014/selected_ncct/062.jpg,sub-stroke0014,1
train/LVO/p14_sub-stroke0014/selected_ncct/063.jpg,sub-stroke0014,1
train/LVO/p15_sub-stroke0015/selected_ncct/029.jpg,sub-stroke0015,1
train/LVO/p15_sub-stroke0015/selected_ncct/030.jpg,sub-stroke0015,1
train/LVO/p15_sub-stroke0015/selected_ncct/031.jpg,sub-stroke0015,1
train/LVO/p15_sub-stroke0015/selected_ncct/032.jpg,sub-stroke0015,1
train/LVO/p15_sub-stroke0015/selected_ncct/033.jpg,sub-stroke0015,1
train/LVO/p15_sub-stroke0015/selected_ncct/034.jpg,sub-stroke0015,1
train/LVO/p15_sub-stroke0015/selected_ncct/035.jpg,sub-stroke0015,1
train/LVO/p15_sub-stroke0015/selected_ncct/036.jpg,sub-stroke0015,1
train/LVO/p15_sub-stroke0015/selected_ncct/037.jpg,sub-stroke0015,1
train/LVO/p15_sub-stroke0015/selected_ncct/038.jpg,sub-stroke0015,1
train/LVO/p15_sub-stroke0015/selected_ncct/039.jpg,sub-stroke0015,1
train/LVO/p15_sub-stroke0015/selected_ncct/040.jpg,sub-stroke0015,1
train/LVO/p16_sub-stroke0016/selected_ncct/038.jpg,sub-stroke0016,1
train/LVO/p16_sub-stroke0016/selected_ncct/039.jpg,sub-stroke0016,1
train/LVO/p16_sub-stroke0016/selected_ncct/040.jpg,sub-stroke0016,1
train/LVO/p16_sub-stroke0016/selected_ncct/041.jpg,sub-stroke0016,1
train/LVO/p16_sub-stroke0016/selected_ncct/042.jpg,sub-stroke0016,1
train/LVO/p16_sub-stroke0016/selected_ncct/043.jpg,sub-stroke0016,1
train/LVO/p16_sub-stroke0016/selected_ncct/044.jpg,sub-stroke0016,1
train/LVO/p16_sub-stroke0016/selected_ncct/045.jpg,sub-stroke0016,1
train/LVO/p16_sub-stroke0016/selected_ncct/046.jpg,sub-stroke0016,1
train/LVO/p16_sub-stroke0016/selected_ncct/047.jpg,sub-stroke0016,1
train/LVO/p16_sub-stroke0016/selected_ncct/048.jpg,sub-stroke0016,1
train/LVO/p16_sub-stroke0016/selected_ncct/049.jpg,sub-stroke0016,1
train/LVO/p16_sub-stroke0016/selected_ncct/050.jpg,sub-stroke0016,1
train/LVO/p16_sub-stroke0016/selected_ncct/051.jpg,sub-stroke0016,1
train/LVO/p16_sub-stroke0016/selected_ncct/052.jpg,sub-stroke0016,1
train/LVO/p16_sub-stroke0016/selected_ncct/053.jpg,sub-stroke0016,1
train/LVO/p16_sub-stroke0016/selected_ncct/054.jpg,sub-stroke0016,1
train/LVO/p16_sub-stroke0016/selected_ncct/055.jpg,sub-stroke0016,1
train/LVO/p16_sub-stroke0016/selected_ncct/056.jpg,sub-stroke0016,1
train/LVO/p16_sub-stroke0016/selected_ncct/057.jpg,sub-stroke0016,1
train/LVO/p16_sub-stroke0016/selected_ncct/058.jpg,sub-stroke0016,1
train/LVO/p16_sub-stroke0016/selected_ncct/059.jpg,sub-stroke0016,1
train/LVO/p16_sub-stroke0016/selected_ncct/060.jpg,sub-stroke0016,1
train/LVO/p16_sub-stroke0016/selected_ncct/061.jpg,sub-stroke0016,1
train/LVO/p16_sub-stroke0016/selected_ncct/062.jpg,sub-stroke0016,1
train/LVO/p16_sub-stroke0016/selected_ncct/063.jpg,sub-stroke0016,1
train/LVO/p16_sub-stroke0016/selected_ncct/064.jpg,sub-stroke0016,1
train/LVO/p16_sub-stroke0016/selected_ncct/065.jpg,sub-stroke0016,1
train/LVO/p17_sub-stroke0017/selected_ncct/017.jpg,sub-stroke0017,1
train/LVO/p17_sub-stroke0017/selected_ncct/018.jpg,sub-stroke0017,1
train/LVO/p17_sub-stroke0017/selected_ncct/019.jpg,sub-stroke0017,1
train/LVO/p17_sub-stroke0017/selected_ncct/020.jpg,sub-stroke0017,1
train/LVO/p17_sub-stroke0017/selected_ncct/021.jpg,sub-stroke0017,1
train/LVO/p17_sub-stroke0017/selected_ncct/022.jpg,sub-stroke0017,1
train/LVO/p17_sub-stroke0017/selected_ncct/023.jpg,sub-stroke0017,1
train/LVO/p17_sub-stroke0017/selected_ncct/024.jpg,sub-stroke0017,1
train/LVO/p17_sub-stroke0017/selected_ncct/025.jpg,sub-stroke0017,1
train/LVO/p17_sub-stroke0017/selected_ncct/026.jpg,sub-stroke0017,1
train/LVO/p17_sub-stroke0017/selected_ncct/027.jpg,sub-stroke0017,1
train/LVO/p17_sub-stroke0017/selected_ncct/028.jpg,sub-stroke0017,1
train/LVO/p17_sub-stroke0017/selected_ncct/029.jpg,sub-stroke0017,1
train/LVO/p17_sub-stroke0017/selected_ncct/030.jpg,sub-stroke0017,1
train/LVO/p17_sub-stroke0017/selected_ncct/031.jpg,sub-stroke0017,1
train/LVO/p17_sub-stroke0017/selected_ncct/032.jpg,sub-stroke0017,1
train/LVO/p17_sub-stroke0017/selected_ncct/033.jpg,sub-stroke0017,1
train/LVO/p17_sub-stroke0017/selected_ncct/034.jpg,sub-stroke0017,1
train/LVO/p17_sub-stroke0017/selected_ncct/035.jpg,sub-stroke0017,1
train/LVO/p17_sub-stroke0017/selected_ncct/036.jpg,sub-stroke0017,1
train/LVO/p17_sub-stroke0017/selected_ncct/037.jpg,sub-stroke0017,1
train/LVO/p17_sub-stroke0017/selected_ncct/038.jpg,sub-stroke0017,1
train/LVO/p17_sub-stroke0017/selected_ncct/039.jpg,sub-stroke0017,1
train/LVO/p17_sub-stroke0017/selected_ncct/040.jpg,sub-stroke0017,1
train/LVO/p17_sub-stroke0017/selected_ncct/041.jpg,sub-stroke0017,1
train/LVO/p17_sub-stroke0017/selected_ncct/042.jpg,sub-stroke0017,1
train/LVO/p17_sub-stroke0017/selected_ncct/043.jpg,sub-stroke0017,1
train/LVO/p17_sub-stroke0017/selected_ncct/044.jpg,sub-stroke0017,1
train/LVO/p17_sub-stroke0017/selected_ncct/045.jpg,sub-stroke0017,1
train/LVO/p17_sub-stroke0017/selected_ncct/046.jpg,sub-stroke0017,1
train/LVO/p17_sub-stroke0017/selected_ncct/047.jpg,sub-stroke0017,1
train/LVO/p17_sub-stroke0017/selected_ncct/048.jpg,sub-stroke0017,1
train/LVO/p17_sub-stroke0017/selected_ncct/049.jpg,sub-stroke0017,1
train/LVO/p17_sub-stroke0017/selected_ncct/050.jpg,sub-stroke0017,1
train/LVO/p17_sub-stroke0017/selected_ncct/051.jpg,sub-stroke0017,1
train/LVO/p17_sub-stroke0017/selected_ncct/052.jpg,sub-stroke0017,1
train/LVO/p17_sub-stroke0017/selected_ncct/053.jpg,sub-stroke0017,1
train/LVO/p17_sub-stroke0017/selected_ncct/054.jpg,sub-stroke0017,1
train/LVO/p17_sub-stroke0017/selected_ncct/055.jpg,sub-stroke0017,1
train/LVO/p17_sub-stroke0017/selected_ncct/056.jpg,sub-stroke0017,1
train/LVO/p17_sub-stroke0017/selected_ncct/057.jpg,sub-stroke0017,1
train/LVO/p17_sub-stroke0017/selected_ncct/058.jpg,sub-stroke0017,1
train/LVO/p18_sub-stroke0019/selected_ncct/026.jpg,sub-stroke0019,1
train/LVO/p18_sub-stroke0019/selected_ncct/027.jpg,sub-stroke0019,1
train/LVO/p18_sub-stroke0019/selected_ncct/028.jpg,sub-stroke0019,1
train/LVO/p18_sub-stroke0019/selected_ncct/029.jpg,sub-stroke0019,1
train/LVO/p18_sub-stroke0019/selected_ncct/030.jpg,sub-stroke0019,1
train/LVO/p18_sub-stroke0019/selected_ncct/031.jpg,sub-stroke0019,1
train/LVO/p18_sub-stroke0019/selected_ncct/032.jpg,sub-stroke0019,1
train/LVO/p18_sub-stroke0019/selected_ncct/033.jpg,sub-stroke0019,1
train/LVO/p18_sub-stroke0019/selected_ncct/034.jpg,sub-stroke0019,1
train/LVO/p18_sub-stroke0019/selected_ncct/035.jpg,sub-stroke0019,1
train/LVO/p18_sub-stroke0019/selected_ncct/036.jpg,sub-stroke0019,1
train/LVO/p18_sub-stroke0019/selected_ncct/037.jpg,sub-stroke0019,1
train/LVO/p18_sub-stroke0019/selected_ncct/038.jpg,sub-stroke0019,1
train/LVO/p18_sub-stroke0019/selected_ncct/039.jpg,sub-stroke0019,1
train/LVO/p18_sub-stroke0019/selected_ncct/040.jpg,sub-stroke0019,1
train/LVO/p18_sub-stroke0019/selected_ncct/041.jpg,sub-stroke0019,1
train/LVO/p18_sub-stroke0019/selected_ncct/042.jpg,sub-stroke0019,1
train/LVO/p18_sub-stroke0019/selected_ncct/043.jpg,sub-stroke0019,1
train/LVO/p18_sub-stroke0019/selected_ncct/044.jpg,sub-stroke0019,1
train/LVO/p18_sub-stroke0019/selected_ncct/045.jpg,sub-stroke0019,1
train/LVO/p18_sub-stroke0019/selected_ncct/046.jpg,sub-stroke0019,1
train/LVO/p18_sub-stroke0019/selected_ncct/047.jpg,sub-stroke0019,1
train/LVO/p18_sub-stroke0019/selected_ncct/048.jpg,sub-stroke0019,1
train/LVO/p18_sub-stroke0019/selected_ncct/049.jpg,sub-stroke0019,1
train/LVO/p18_sub-stroke0019/selected_ncct/050.jpg,sub-stroke0019,1
train/LVO/p18_sub-stroke0019/selected_ncct/051.jpg,sub-stroke0019,1
train/LVO/p18_sub-stroke0019/selected_ncct/052.jpg,sub-stroke0019,1
train/LVO/p18_sub-stroke0019/selected_ncct/054.jpg,sub-stroke0019,1
train/LVO/p18_sub-stroke0019/selected_ncct/055.jpg,sub-stroke0019,1
train/LVO/p18_sub-stroke0019/selected_ncct/056.jpg,sub-stroke0019,1
train/LVO/p18_sub-stroke0019/selected_ncct/057.jpg,sub-stroke0019,1
train/LVO/p18_sub-stroke0019/selected_ncct/060.jpg,sub-stroke0019,1
train/LVO/p18_sub-stroke0019/selected_ncct/061.jpg,sub-stroke0019,1
train/LVO/p18_sub-stroke0019/selected_ncct/062.jpg,sub-stroke0019,1
train/LVO/p19_sub-stroke0020/selected_ncct/032.jpg,sub-stroke0020,1
train/LVO/p19_sub-stroke0020/selected_ncct/033.jpg,sub-stroke0020,1
train/LVO/p19_sub-stroke0020/selected_ncct/034.jpg,sub-stroke0020,1
train/LVO/p19_sub-stroke0020/selected_ncct/035.jpg,sub-stroke0020,1
train/LVO/p19_sub-stroke0020/selected_ncct/036.jpg,sub-stroke0020,1
train/LVO/p19_sub-stroke0020/selected_ncct/037.jpg,sub-stroke0020,1
train/LVO/p19_sub-stroke0020/selected_ncct/038.jpg,sub-stroke0020,1
train/LVO/p19_sub-stroke0020/selected_ncct/039.jpg,sub-stroke0020,1
train/LVO/p19_sub-stroke0020/selected_ncct/040.jpg,sub-stroke0020,1
train/LVO/p19_sub-stroke0020/selected_ncct/041.jpg,sub-stroke0020,1
train/LVO/p19_sub-stroke0020/selected_ncct/042.jpg,sub-stroke0020,1
train/LVO/p19_sub-stroke0020/selected_ncct/044.jpg,sub-stroke0020,1
train/LVO/p19_sub-stroke0020/selected_ncct/045.jpg,sub-stroke0020,1
train/LVO/p19_sub-stroke0020/selected_ncct/046.jpg,sub-stroke0020,1
train/LVO/p19_sub-stroke0020/selected_ncct/047.jpg,sub-stroke0020,1
train/LVO/p19_sub-stroke0020/selected_ncct/048.jpg,sub-stroke0020,1
train/LVO/p19_sub-stroke0020/selected_ncct/049.jpg,sub-stroke0020,1
train/LVO/p19_sub-stroke0020/selected_ncct/050.jpg,sub-stroke0020,1
train/LVO/p19_sub-stroke0020/selected_ncct/051.jpg,sub-stroke0020,1
train/LVO/p19_sub-stroke0020/selected_ncct/054.jpg,sub-stroke0020,1
train/LVO/p19_sub-stroke0020/selected_ncct/055.jpg,sub-stroke0020,1
train/LVO/p19_sub-stroke0020/selected_ncct/062.jpg,sub-stroke0020,1
train/LVO/p19_sub-stroke0020/selected_ncct/063.jpg,sub-stroke0020,1
train/LVO/p19_sub-stroke0020/selected_ncct/064.jpg,sub-stroke0020,1
train/LVO/p19_sub-stroke0020/selected_ncct/065.jpg,sub-stroke0020,1
train/LVO/p1_sub-stroke0001/selected_ncct/012.jpg,sub-stroke0001,1
train/LVO/p1_sub-stroke0001/selected_ncct/013.jpg,sub-stroke0001,1
train/LVO/p1_sub-stroke0001/selected_ncct/014.jpg,sub-stroke0001,1
train/LVO/p1_sub-stroke0001/selected_ncct/015.jpg,sub-stroke0001,1
train/LVO/p1_sub-stroke0001/selected_ncct/016.jpg,sub-stroke0001,1
train/LVO/p1_sub-stroke0001/selected_ncct/017.jpg,sub-stroke0001,1
train/LVO/p1_sub-stroke0001/selected_ncct/018.jpg,sub-stroke0001,1
train/LVO/p1_sub-stroke0001/selected_ncct/019.jpg,sub-stroke0001,1
train/LVO/p1_sub-stroke0001/selected_ncct/020.jpg,sub-stroke0001,1
train/LVO/p1_sub-stroke0001/selected_ncct/022.jpg,sub-stroke0001,1
train/LVO/p1_sub-stroke0001/selected_ncct/023.jpg,sub-stroke0001,1
train/LVO/p1_sub-stroke0001/selected_ncct/024.jpg,sub-stroke0001,1
train/LVO/p1_sub-stroke0001/selected_ncct/025.jpg,sub-stroke0001,1
train/LVO/p1_sub-stroke0001/selected_ncct/026.jpg,sub-stroke0001,1
train/LVO/p1_sub-stroke0001/selected_ncct/030.jpg,sub-stroke0001,1
train/LVO/p1_sub-stroke0001/selected_ncct/031.jpg,sub-stroke0001,1
train/LVO/p1_sub-stroke0001/selected_ncct/032.jpg,sub-stroke0001,1
train/LVO/p1_sub-stroke0001/selected_ncct/033.jpg,sub-stroke0001,1
train/LVO/p1_sub-stroke0001/selected_ncct/034.jpg,sub-stroke0001,1
train/LVO/p1_sub-stroke0001/selected_ncct/035.jpg,sub-stroke0001,1
train/LVO/p1_sub-stroke0001/selected_ncct/036.jpg,sub-stroke0001,1
train/LVO/p1_sub-stroke0001/selected_ncct/037.jpg,sub-stroke0001,1
train/LVO/p1_sub-stroke0001/selected_ncct/038.jpg,sub-stroke0001,1
train/LVO/p1_sub-stroke0001/selected_ncct/041.jpg,sub-stroke0001,1
train/LVO/p1_sub-stroke0001/selected_ncct/042.jpg,sub-stroke0001,1
train/LVO/p1_sub-stroke0001/selected_ncct/043.jpg,sub-stroke0001,1
train/LVO/p1_sub-stroke0001/selected_ncct/044.jpg,sub-stroke0001,1
train/LVO/p1_sub-stroke0001/selected_ncct/045.jpg,sub-stroke0001,1
train/LVO/p1_sub-stroke0001/selected_ncct/046.jpg,sub-stroke0001,1
train/LVO/p1_sub-stroke0001/selected_ncct/047.jpg,sub-stroke0001,1
train/LVO/p1_sub-stroke0001/selected_ncct/048.jpg,sub-stroke0001,1
train/LVO/p1_sub-stroke0001/selected_ncct/049.jpg,sub-stroke0001,1
train/LVO/p1_sub-stroke0001/selected_ncct/050.jpg,sub-stroke0001,1
train/LVO/p1_sub-stroke0001/selected_ncct/051.jpg,sub-stroke0001,1
train/LVO/p1_sub-stroke0001/selected_ncct/052.jpg,sub-stroke0001,1
train/LVO/p1_sub-stroke0001/selected_ncct/053.jpg,sub-stroke0001,1
train/LVO/p21_sub-stroke0022/selected_ncct/025.jpg,sub-stroke0022,1
train/LVO/p21_sub-stroke0022/selected_ncct/027.jpg,sub-stroke0022,1
train/LVO/p21_sub-stroke0022/selected_ncct/028.jpg,sub-stroke0022,1
train/LVO/p21_sub-stroke0022/selected_ncct/029.jpg,sub-stroke0022,1
train/LVO/p21_sub-stroke0022/selected_ncct/030.jpg,sub-stroke0022,1
train/LVO/p21_sub-stroke0022/selected_ncct/031.jpg,sub-stroke0022,1
train/LVO/p21_sub-stroke0022/selected_ncct/032.jpg,sub-stroke0022,1
train/LVO/p21_sub-stroke0022/selected_ncct/033.jpg,sub-stroke0022,1
train/LVO/p21_sub-stroke0022/selected_ncct/034.jpg,sub-stroke0022,1
train/LVO/p21_sub-stroke0022/selected_ncct/035.jpg,sub-stroke0022,1
train/LVO/p21_sub-stroke0022/selected_ncct/036.jpg,sub-stroke0022,1
train/LVO/p21_sub-stroke0022/selected_ncct/037.jpg,sub-stroke0022,1
train/LVO/p21_sub-stroke0022/selected_ncct/038.jpg,sub-stroke0022,1
train/LVO/p21_sub-stroke0022/selected_ncct/039.jpg,sub-stroke0022,1
train/LVO/p21_sub-stroke0022/selected_ncct/040.jpg,sub-stroke0022,1
train/LVO/p21_sub-stroke0022/selected_ncct/041.jpg,sub-stroke0022,1
train/LVO/p21_sub-stroke0022/selected_ncct/042.jpg,sub-stroke0022,1
train/LVO/p21_sub-stroke0022/selected_ncct/043.jpg,sub-stroke0022,1
train/LVO/p21_sub-stroke0022/selected_ncct/044.jpg,sub-stroke0022,1
train/LVO/p21_sub-stroke0022/selected_ncct/045.jpg,sub-stroke0022,1
train/LVO/p21_sub-stroke0022/selected_ncct/046.jpg,sub-stroke0022,1
train/LVO/p21_sub-stroke0022/selected_ncct/047.jpg,sub-stroke0022,1
train/LVO/p21_sub-stroke0022/selected_ncct/048.jpg,sub-stroke0022,1
train/LVO/p21_sub-stroke0022/selected_ncct/053.jpg,sub-stroke0022,1
train/LVO/p22_sub-stroke0025/selected_ncct/015.jpg,sub-stroke0025,1
train/LVO/p22_sub-stroke0025/selected_ncct/017.jpg,sub-stroke0025,1
train/LVO/p22_sub-stroke0025/selected_ncct/018.jpg,sub-stroke0025,1
train/LVO/p22_sub-stroke0025/selected_ncct/019.jpg,sub-stroke0025,1
train/LVO/p22_sub-stroke0025/selected_ncct/020.jpg,sub-stroke0025,1
train/LVO/p22_sub-stroke0025/selected_ncct/021.jpg,sub-stroke0025,1
train/LVO/p22_sub-stroke0025/selected_ncct/022.jpg,sub-stroke0025,1
train/LVO/p22_sub-stroke0025/selected_ncct/023.jpg,sub-stroke0025,1
train/LVO/p22_sub-stroke0025/selected_ncct/024.jpg,sub-stroke0025,1
train/LVO/p22_sub-stroke0025/selected_ncct/025.jpg,sub-stroke0025,1
train/LVO/p22_sub-stroke0025/selected_ncct/026.jpg,sub-stroke0025,1
train/LVO/p22_sub-stroke0025/selected_ncct/027.jpg,sub-stroke0025,1
train/LVO/p22_sub-stroke0025/selected_ncct/028.jpg,sub-stroke0025,1
train/LVO/p22_sub-stroke0025/selected_ncct/029.jpg,sub-stroke0025,1
train/LVO/p22_sub-stroke0025/selected_ncct/030.jpg,sub-stroke0025,1
train/LVO/p22_sub-stroke0025/selected_ncct/031.jpg,sub-stroke0025,1
train/LVO/p22_sub-stroke0025/selected_ncct/032.jpg,sub-stroke0025,1
train/LVO/p22_sub-stroke0025/selected_ncct/033.jpg,sub-stroke0025,1
train/LVO/p22_sub-stroke0025/selected_ncct/034.jpg,sub-stroke0025,1
train/LVO/p22_sub-stroke0025/selected_ncct/035.jpg,sub-stroke0025,1
train/LVO/p22_sub-stroke0025/selected_ncct/036.jpg,sub-stroke0025,1
train/LVO/p22_sub-stroke0025/selected_ncct/037.jpg,sub-stroke0025,1
train/LVO/p22_sub-stroke0025/selected_ncct/038.jpg,sub-stroke0025,1
train/LVO/p22_sub-stroke0025/selected_ncct/039.jpg,sub-stroke0025,1
train/LVO/p22_sub-stroke0025/selected_ncct/040.jpg,sub-stroke0025,1
train/LVO/p22_sub-stroke0025/selected_ncct/041.jpg,sub-stroke0025,1
train/LVO/p22_sub-stroke0025/selected_ncct/042.jpg,sub-stroke0025,1
train/LVO/p22_sub-stroke0025/selected_ncct/043.jpg,sub-stroke0025,1
train/LVO/p22_sub-stroke0025/selected_ncct/044.jpg,sub-stroke0025,1
train/LVO/p22_sub-stroke0025/selected_ncct/045.jpg,sub-stroke0025,1
train/LVO/p22_sub-stroke0025/selected_ncct/046.jpg,sub-stroke0025,1
train/LVO/p22_sub-stroke0025/selected_ncct/047.jpg,sub-stroke0025,1
train/LVO/p22_sub-stroke0025/selected_ncct/048.jpg,sub-stroke0025,1
train/LVO/p22_sub-stroke0025/selected_ncct/049.jpg,sub-stroke0025,1
train/LVO/p22_sub-stroke0025/selected_ncct/050.jpg,sub-stroke0025,1
train/LVO/p22_sub-stroke0025/selected_ncct/051.jpg,sub-stroke0025,1
train/LVO/p22_sub-stroke0025/selected_ncct/052.jpg,sub-stroke0025,1
train/LVO/p22_sub-stroke0025/selected_ncct/053.jpg,sub-stroke0025,1
train/LVO/p23_sub-stroke0026/selected_ncct/023.jpg,sub-stroke0026,1
train/LVO/p23_sub-stroke0026/selected_ncct/024.jpg,sub-stroke0026,1
train/LVO/p23_sub-stroke0026/selected_ncct/025.jpg,sub-stroke0026,1
train/LVO/p23_sub-stroke0026/selected_ncct/026.jpg,sub-stroke0026,1
train/LVO/p23_sub-stroke0026/selected_ncct/027.jpg,sub-stroke0026,1
train/LVO/p23_sub-stroke0026/selected_ncct/028.jpg,sub-stroke0026,1
train/LVO/p23_sub-stroke0026/selected_ncct/029.jpg,sub-stroke0026,1
train/LVO/p23_sub-stroke0026/selected_ncct/030.jpg,sub-stroke0026,1
train/LVO/p23_sub-stroke0026/selected_ncct/031.jpg,sub-stroke0026,1
train/LVO/p23_sub-stroke0026/selected_ncct/032.jpg,sub-stroke0026,1
train/LVO/p23_sub-stroke0026/selected_ncct/033.jpg,sub-stroke0026,1
train/LVO/p23_sub-stroke0026/selected_ncct/034.jpg,sub-stroke0026,1
train/LVO/p23_sub-stroke0026/selected_ncct/035.jpg,sub-stroke0026,1
train/LVO/p23_sub-stroke0026/selected_ncct/036.jpg,sub-stroke0026,1
train/LVO/p23_sub-stroke0026/selected_ncct/037.jpg,sub-stroke0026,1
train/LVO/p23_sub-stroke0026/selected_ncct/038.jpg,sub-stroke0026,1
train/LVO/p23_sub-stroke0026/selected_ncct/039.jpg,sub-stroke0026,1
train/LVO/p23_sub-stroke0026/selected_ncct/040.jpg,sub-stroke0026,1
train/LVO/p23_sub-stroke0026/selected_ncct/041.jpg,sub-stroke0026,1
train/LVO/p23_sub-stroke0026/selected_ncct/042.jpg,sub-stroke0026,1
train/LVO/p23_sub-stroke0026/selected_ncct/043.jpg,sub-stroke0026,1
train/LVO/p23_sub-stroke0026/selected_ncct/044.jpg,sub-stroke0026,1
train/LVO/p23_sub-stroke0026/selected_ncct/045.jpg,sub-stroke0026,1
train/LVO/p23_sub-stroke0026/selected_ncct/046.jpg,sub-stroke0026,1
train/LVO/p23_sub-stroke0026/selected_ncct/047.jpg,sub-stroke0026,1
train/LVO/p23_sub-stroke0026/selected_ncct/048.jpg,sub-stroke0026,1
train/LVO/p23_sub-stroke0026/selected_ncct/049.jpg,sub-stroke0026,1
train/LVO/p23_sub-stroke0026/selected_ncct/050.jpg,sub-stroke0026,1
train/LVO/p23_sub-stroke0026/selected_ncct/051.jpg,sub-stroke0026,1
train/LVO/p23_sub-stroke0026/selected_ncct/052.jpg,sub-stroke0026,1
train/LVO/p23_sub-stroke0026/selected_ncct/053.jpg,sub-stroke0026,1
train/LVO/p23_sub-stroke0026/selected_ncct/054.jpg,sub-stroke0026,1
train/LVO/p23_sub-stroke0026/selected_ncct/055.jpg,sub-stroke0026,1
train/LVO/p23_sub-stroke0026/selected_ncct/056.jpg,sub-stroke0026,1
train/LVO/p23_sub-stroke0026/selected_ncct/057.jpg,sub-stroke0026,1
train/LVO/p23_sub-stroke0026/selected_ncct/058.jpg,sub-stroke0026,1
train/LVO/p23_sub-stroke0026/selected_ncct/059.jpg,sub-stroke0026,1
train/LVO/p23_sub-stroke0026/selected_ncct/060.jpg,sub-stroke0026,1
train/LVO/p26_sub-stroke0030/selected_ncct/019.jpg,sub-stroke0030,1
train/LVO/p26_sub-stroke0030/selected_ncct/020.jpg,sub-stroke0030,1
train/LVO/p26_sub-stroke0030/selected_ncct/021.jpg,sub-stroke0030,1
train/LVO/p26_sub-stroke0030/selected_ncct/022.jpg,sub-stroke0030,1
train/LVO/p26_sub-stroke0030/selected_ncct/023.jpg,sub-stroke0030,1
train/LVO/p26_sub-stroke0030/selected_ncct/024.jpg,sub-stroke0030,1
train/LVO/p26_sub-stroke0030/selected_ncct/025.jpg,sub-stroke0030,1
train/LVO/p26_sub-stroke0030/selected_ncct/026.jpg,sub-stroke0030,1
train/LVO/p26_sub-stroke0030/selected_ncct/027.jpg,sub-stroke0030,1
train/LVO/p26_sub-stroke0030/selected_ncct/028.jpg,sub-stroke0030,1
train/LVO/p26_sub-stroke0030/selected_ncct/029.jpg,sub-stroke0030,1
train/LVO/p26_sub-stroke0030/selected_ncct/030.jpg,sub-stroke0030,1
train/LVO/p26_sub-stroke0030/selected_ncct/031.jpg,sub-stroke0030,1
train/LVO/p26_sub-stroke0030/selected_ncct/032.jpg,sub-stroke0030,1
train/LVO/p26_sub-stroke0030/selected_ncct/033.jpg,sub-stroke0030,1
train/LVO/p26_sub-stroke0030/selected_ncct/034.jpg,sub-stroke0030,1
train/LVO/p26_sub-stroke0030/selected_ncct/035.jpg,sub-stroke0030,1
train/LVO/p26_sub-stroke0030/selected_ncct/036.jpg,sub-stroke0030,1
train/LVO/p26_sub-stroke0030/selected_ncct/037.jpg,sub-stroke0030,1
train/LVO/p26_sub-stroke0030/selected_ncct/038.jpg,sub-stroke0030,1
train/LVO/p26_sub-stroke0030/selected_ncct/039.jpg,sub-stroke0030,1
train/LVO/p27_sub-stroke0033/selected_ncct/018.jpg,sub-stroke0033,1
train/LVO/p27_sub-stroke0033/selected_ncct/019.jpg,sub-stroke0033,1
train/LVO/p27_sub-stroke0033/selected_ncct/020.jpg,sub-stroke0033,1
train/LVO/p27_sub-stroke0033/selected_ncct/021.jpg,sub-stroke0033,1
train/LVO/p27_sub-stroke0033/selected_ncct/022.jpg,sub-stroke0033,1
train/LVO/p27_sub-stroke0033/selected_ncct/025.jpg,sub-stroke0033,1
train/LVO/p27_sub-stroke0033/selected_ncct/026.jpg,sub-stroke0033,1
train/LVO/p27_sub-stroke0033/selected_ncct/027.jpg,sub-stroke0033,1
train/LVO/p27_sub-stroke0033/selected_ncct/028.jpg,sub-stroke0033,1
train/LVO/p27_sub-stroke0033/selected_ncct/029.jpg,sub-stroke0033,1
train/LVO/p27_sub-stroke0033/selected_ncct/030.jpg,sub-stroke0033,1
train/LVO/p27_sub-stroke0033/selected_ncct/031.jpg,sub-stroke0033,1
train/LVO/p27_sub-stroke0033/selected_ncct/032.jpg,sub-stroke0033,1
train/LVO/p27_sub-stroke0033/selected_ncct/033.jpg,sub-stroke0033,1
train/LVO/p27_sub-stroke0033/selected_ncct/034.jpg,sub-stroke0033,1
train/LVO/p27_sub-stroke0033/selected_ncct/036.jpg,sub-stroke0033,1
train/LVO/p27_sub-stroke0033/selected_ncct/037.jpg,sub-stroke0033,1
train/LVO/p27_sub-stroke0033/selected_ncct/038.jpg,sub-stroke0033,1
train/LVO/p27_sub-stroke0033/selected_ncct/039.jpg,sub-stroke0033,1
train/LVO/p27_sub-stroke0033/selected_ncct/041.jpg,sub-stroke0033,1
train/LVO/p27_sub-stroke0033/selected_ncct/042.jpg,sub-stroke0033,1
train/LVO/p27_sub-stroke0033/selected_ncct/043.jpg,sub-stroke0033,1
train/LVO/p27_sub-stroke0033/selected_ncct/044.jpg,sub-stroke0033,1
train/LVO/p27_sub-stroke0033/selected_ncct/045.jpg,sub-stroke0033,1
train/LVO/p27_sub-stroke0033/selected_ncct/046.jpg,sub-stroke0033,1
train/LVO/p27_sub-stroke0033/selected_ncct/047.jpg,sub-stroke0033,1
train/LVO/p27_sub-stroke0033/selected_ncct/048.jpg,sub-stroke0033,1
train/LVO/p27_sub-stroke0033/selected_ncct/049.jpg,sub-stroke0033,1
train/LVO/p27_sub-stroke0033/selected_ncct/050.jpg,sub-stroke0033,1
train/LVO/p27_sub-stroke0033/selected_ncct/051.jpg,sub-stroke0033,1
train/LVO/p27_sub-stroke0033/selected_ncct/052.jpg,sub-stroke0033,1
train/LVO/p27_sub-stroke0033/selected_ncct/053.jpg,sub-stroke0033,1
train/LVO/p27_sub-stroke0033/selected_ncct/054.jpg,sub-stroke0033,1
train/LVO/p27_sub-stroke0033/selected_ncct/055.jpg,sub-stroke0033,1
train/LVO/p27_sub-stroke0033/selected_ncct/060.jpg,sub-stroke0033,1
train/LVO/p27_sub-stroke0033/selected_ncct/061.jpg,sub-stroke0033,1
train/LVO/p28_sub-stroke0036/selected_ncct/012.jpg,sub-stroke0036,1
train/LVO/p28_sub-stroke0036/selected_ncct/013.jpg,sub-stroke0036,1
train/LVO/p28_sub-stroke0036/selected_ncct/015.jpg,sub-stroke0036,1
train/LVO/p28_sub-stroke0036/selected_ncct/016.jpg,sub-stroke0036,1
train/LVO/p28_sub-stroke0036/selected_ncct/017.jpg,sub-stroke0036,1
train/LVO/p28_sub-stroke0036/selected_ncct/018.jpg,sub-stroke0036,1
train/LVO/p28_sub-stroke0036/selected_ncct/019.jpg,sub-stroke0036,1
train/LVO/p28_sub-stroke0036/selected_ncct/020.jpg,sub-stroke0036,1
train/LVO/p28_sub-stroke0036/selected_ncct/021.jpg,sub-stroke0036,1
train/LVO/p28_sub-stroke0036/selected_ncct/022.jpg,sub-stroke0036,1
train/LVO/p28_sub-stroke0036/selected_ncct/023.jpg,sub-stroke0036,1
train/LVO/p28_sub-stroke0036/selected_ncct/024.jpg,sub-stroke0036,1
train/LVO/p28_sub-stroke0036/selected_ncct/025.jpg,sub-stroke0036,1
train/LVO/p28_sub-stroke0036/selected_ncct/026.jpg,sub-stroke0036,1
train/LVO/p28_sub-stroke0036/selected_ncct/027.jpg,sub-stroke0036,1
train/LVO/p28_sub-stroke0036/selected_ncct/028.jpg,sub-stroke0036,1
train/LVO/p28_sub-stroke0036/selected_ncct/029.jpg,sub-stroke0036,1
train/LVO/p28_sub-stroke0036/selected_ncct/030.jpg,sub-stroke0036,1
train/LVO/p28_sub-stroke0036/selected_ncct/031.jpg,sub-stroke0036,1
train/LVO/p28_sub-stroke0036/selected_ncct/032.jpg,sub-stroke0036,1
train/LVO/p28_sub-stroke0036/selected_ncct/033.jpg,sub-stroke0036,1
train/LVO/p28_sub-stroke0036/selected_ncct/034.jpg,sub-stroke0036,1
train/LVO/p28_sub-stroke0036/selected_ncct/035.jpg,sub-stroke0036,1
train/LVO/p28_sub-stroke0036/selected_ncct/036.jpg,sub-stroke0036,1
train/LVO/p28_sub-stroke0036/selected_ncct/037.jpg,sub-stroke0036,1
train/LVO/p28_sub-stroke0036/selected_ncct/038.jpg,sub-stroke0036,1
train/LVO/p28_sub-stroke0036/selected_ncct/039.jpg,sub-stroke0036,1
train/LVO/p28_sub-stroke0036/selected_ncct/040.jpg,sub-stroke0036,1
train/LVO/p28_sub-stroke0036/selected_ncct/041.jpg,sub-stroke0036,1
train/LVO/p28_sub-stroke0036/selected_ncct/042.jpg,sub-stroke0036,1
train/LVO/p28_sub-stroke0036/selected_ncct/043.jpg,sub-stroke0036,1
train/LVO/p28_sub-stroke0036/selected_ncct/044.jpg,sub-stroke0036,1
train/LVO/p28_sub-stroke0036/selected_ncct/046.jpg,sub-stroke0036,1
train/LVO/p28_sub-stroke0036/selected_ncct/047.jpg,sub-stroke0036,1
train/LVO/p28_sub-stroke0036/selected_ncct/048.jpg,sub-stroke0036,1
train/LVO/p28_sub-stroke0036/selected_ncct/049.jpg,sub-stroke0036,1
train/LVO/p28_sub-stroke0036/selected_ncct/051.jpg,sub-stroke0036,1
train/LVO/p28_sub-stroke0036/selected_ncct/052.jpg,sub-stroke0036,1
train/LVO/p28_sub-stroke0036/selected_ncct/055.jpg,sub-stroke0036,1
train/LVO/p28_sub-stroke0036/selected_ncct/056.jpg,sub-stroke0036,1
train/LVO/p28_sub-stroke0036/selected_ncct/057.jpg,sub-stroke0036,1
train/LVO/p28_sub-stroke0036/selected_ncct/058.jpg,sub-stroke0036,1
train/LVO/p28_sub-stroke0036/selected_ncct/059.jpg,sub-stroke0036,1
train/LVO/p28_sub-stroke0036/selected_ncct/060.jpg,sub-stroke0036,1
train/LVO/p28_sub-stroke0036/selected_ncct/061.jpg,sub-stroke0036,1
train/LVO/p29_sub-stroke0037/selected_ncct/015.jpg,sub-stroke0037,1
train/LVO/p29_sub-stroke0037/selected_ncct/016.jpg,sub-stroke0037,1
train/LVO/p29_sub-stroke0037/selected_ncct/017.jpg,sub-stroke0037,1
train/LVO/p29_sub-stroke0037/selected_ncct/018.jpg,sub-stroke0037,1
train/LVO/p29_sub-stroke0037/selected_ncct/019.jpg,sub-stroke0037,1
train/LVO/p29_sub-stroke0037/selected_ncct/020.jpg,sub-stroke0037,1
train/LVO/p29_sub-stroke0037/selected_ncct/021.jpg,sub-stroke0037,1
train/LVO/p29_sub-stroke0037/selected_ncct/022.jpg,sub-stroke0037,1
train/LVO/p29_sub-stroke0037/selected_ncct/023.jpg,sub-stroke0037,1
train/LVO/p29_sub-stroke0037/selected_ncct/024.jpg,sub-stroke0037,1
train/LVO/p29_sub-stroke0037/selected_ncct/025.jpg,sub-stroke0037,1
train/LVO/p29_sub-stroke0037/selected_ncct/026.jpg,sub-stroke0037,1
train/LVO/p29_sub-stroke0037/selected_ncct/027.jpg,sub-stroke0037,1
train/LVO/p29_sub-stroke0037/selected_ncct/028.jpg,sub-stroke0037,1
train/LVO/p29_sub-stroke0037/selected_ncct/029.jpg,sub-stroke0037,1
train/LVO/p29_sub-stroke0037/selected_ncct/030.jpg,sub-stroke0037,1
train/LVO/p2_sub-stroke0002/selected_ncct/003.jpg,sub-stroke0002,1
train/LVO/p2_sub-stroke0002/selected_ncct/004.jpg,sub-stroke0002,1
train/LVO/p2_sub-stroke0002/selected_ncct/005.jpg,sub-stroke0002,1
train/LVO/p2_sub-stroke0002/selected_ncct/006.jpg,sub-stroke0002,1
train/LVO/p2_sub-stroke0002/selected_ncct/007.jpg,sub-stroke0002,1
train/LVO/p2_sub-stroke0002/selected_ncct/008.jpg,sub-stroke0002,1
train/LVO/p2_sub-stroke0002/selected_ncct/009.jpg,sub-stroke0002,1
train/LVO/p2_sub-stroke0002/selected_ncct/010.jpg,sub-stroke0002,1
train/LVO/p2_sub-stroke0002/selected_ncct/011.jpg,sub-stroke0002,1
train/LVO/p2_sub-stroke0002/selected_ncct/012.jpg,sub-stroke0002,1
train/LVO/p2_sub-stroke0002/selected_ncct/013.jpg,sub-stroke0002,1
train/LVO/p2_sub-stroke0002/selected_ncct/014.jpg,sub-stroke0002,1
train/LVO/p2_sub-stroke0002/selected_ncct/015.jpg,sub-stroke0002,1
train/LVO/p2_sub-stroke0002/selected_ncct/016.jpg,sub-stroke0002,1
train/LVO/p2_sub-stroke0002/selected_ncct/017.jpg,sub-stroke0002,1
train/LVO/p2_sub-stroke0002/selected_ncct/018.jpg,sub-stroke0002,1
train/LVO/p2_sub-stroke0002/selected_ncct/019.jpg,sub-stroke0002,1
train/LVO/p2_sub-stroke0002/selected_ncct/022.jpg,sub-stroke0002,1
train/LVO/p2_sub-stroke0002/selected_ncct/023.jpg,sub-stroke0002,1
train/LVO/p2_sub-stroke0002/selected_ncct/024.jpg,sub-stroke0002,1
train/LVO/p2_sub-stroke0002/selected_ncct/026.jpg,sub-stroke0002,1
train/LVO/p2_sub-stroke0002/selected_ncct/027.jpg,sub-stroke0002,1
train/LVO/p2_sub-stroke0002/selected_ncct/028.jpg,sub-stroke0002,1
train/LVO/p2_sub-stroke0002/selected_ncct/029.jpg,sub-stroke0002,1
train/LVO/p2_sub-stroke0002/selected_ncct/030.jpg,sub-stroke0002,1
train/LVO/p2_sub-stroke0002/selected_ncct/031.jpg,sub-stroke0002,1
train/LVO/p2_sub-stroke0002/selected_ncct/032.jpg,sub-stroke0002,1
train/LVO/p2_sub-stroke0002/selected_ncct/033.jpg,sub-stroke0002,1
train/LVO/p2_sub-stroke0002/selected_ncct/034.jpg,sub-stroke0002,1
train/LVO/p2_sub-stroke0002/selected_ncct/035.jpg,sub-stroke0002,1
train/LVO/p2_sub-stroke0002/selected_ncct/036.jpg,sub-stroke0002,1
train/LVO/p2_sub-stroke0002/selected_ncct/037.jpg,sub-stroke0002,1
train/LVO/p2_sub-stroke0002/selected_ncct/038.jpg,sub-stroke0002,1
train/LVO/p2_sub-stroke0002/selected_ncct/039.jpg,sub-stroke0002,1
train/LVO/p2_sub-stroke0002/selected_ncct/040.jpg,sub-stroke0002,1
train/LVO/p2_sub-stroke0002/selected_ncct/041.jpg,sub-stroke0002,1
train/LVO/p2_sub-stroke0002/selected_ncct/042.jpg,sub-stroke0002,1
train/LVO/p2_sub-stroke0002/selected_ncct/043.jpg,sub-stroke0002,1
train/LVO/p2_sub-stroke0002/selected_ncct/044.jpg,sub-stroke0002,1
train/LVO/p2_sub-stroke0002/selected_ncct/045.jpg,sub-stroke0002,1
train/LVO/p2_sub-stroke0002/selected_ncct/046.jpg,sub-stroke0002,1
train/LVO/p2_sub-stroke0002/selected_ncct/047.jpg,sub-stroke0002,1
train/LVO/p2_sub-stroke0002/selected_ncct/048.jpg,sub-stroke0002,1
train/LVO/p2_sub-stroke0002/selected_ncct/049.jpg,sub-stroke0002,1
train/LVO/p2_sub-stroke0002/selected_ncct/050.jpg,sub-stroke0002,1
train/LVO/p2_sub-stroke0002/selected_ncct/051.jpg,sub-stroke0002,1
train/LVO/p2_sub-stroke0002/selected_ncct/052.jpg,sub-stroke0002,1
train/LVO/p2_sub-stroke0002/selected_ncct/053.jpg,sub-stroke0002,1
train/LVO/p2_sub-stroke0002/selected_ncct/054.jpg,sub-stroke0002,1
train/LVO/p2_sub-stroke0002/selected_ncct/055.jpg,sub-stroke0002,1
train/LVO/p2_sub-stroke0002/selected_ncct/056.jpg,sub-stroke0002,1
train/LVO/p2_sub-stroke0002/selected_ncct/057.jpg,sub-stroke0002,1
train/LVO/p2_sub-stroke0002/selected_ncct/058.jpg,sub-stroke0002,1
train/LVO/p2_sub-stroke0002/selected_ncct/059.jpg,sub-stroke0002,1
train/LVO/p31_sub-stroke0040/selected_ncct/059.jpg,sub-stroke0040,1
train/LVO/p31_sub-stroke0040/selected_ncct/060.jpg,sub-stroke0040,1
train/LVO/p31_sub-stroke0040/selected_ncct/061.jpg,sub-stroke0040,1
train/LVO/p31_sub-stroke0040/selected_ncct/062.jpg,sub-stroke0040,1
train/LVO/p31_sub-stroke0040/selected_ncct/063.jpg,sub-stroke0040,1
train/LVO/p31_sub-stroke0040/selected_ncct/064.jpg,sub-stroke0040,1
train/LVO/p31_sub-stroke0040/selected_ncct/065.jpg,sub-stroke0040,1
train/LVO/p31_sub-stroke0040/selected_ncct/066.jpg,sub-stroke0040,1
train/LVO/p31_sub-stroke0040/selected_ncct/067.jpg,sub-stroke0040,1
train/LVO/p31_sub-stroke0040/selected_ncct/068.jpg,sub-stroke0040,1
train/LVO/p31_sub-stroke0040/selected_ncct/069.jpg,sub-stroke0040,1
train/LVO/p31_sub-stroke0040/selected_ncct/070.jpg,sub-stroke0040,1
train/LVO/p31_sub-stroke0040/selected_ncct/071.jpg,sub-stroke0040,1
train/LVO/p31_sub-stroke0040/selected_ncct/072.jpg,sub-stroke0040,1
train/LVO/p31_sub-stroke0040/selected_ncct/073.jpg,sub-stroke0040,1
train/LVO/p31_sub-stroke0040/selected_ncct/074.jpg,sub-stroke0040,1
train/LVO/p31_sub-stroke0040/selected_ncct/075.jpg,sub-stroke0040,1
train/LVO/p31_sub-stroke0040/selected_ncct/076.jpg,sub-stroke0040,1
train/LVO/p31_sub-stroke0040/selected_ncct/077.jpg,sub-stroke0040,1
train/LVO/p31_sub-stroke0040/selected_ncct/078.jpg,sub-stroke0040,1
train/LVO/p31_sub-stroke0040/selected_ncct/079.jpg,sub-stroke0040,1
train/LVO/p31_sub-stroke0040/selected_ncct/080.jpg,sub-stroke0040,1
train/LVO/p31_sub-stroke0040/selected_ncct/081.jpg,sub-stroke0040,1
train/LVO/p31_sub-stroke0040/selected_ncct/082.jpg,sub-stroke0040,1
train/LVO/p31_sub-stroke0040/selected_ncct/083.jpg,sub-stroke0040,1
train/LVO/p31_sub-stroke0040/selected_ncct/084.jpg,sub-stroke0040,1
train/LVO/p31_sub-stroke0040/selected_ncct/085.jpg,sub-stroke0040,1
train/LVO/p31_sub-stroke0040/selected_ncct/086.jpg,sub-stroke0040,1
train/LVO/p31_sub-stroke0040/selected_ncct/087.jpg,sub-stroke0040,1
train/LVO/p31_sub-stroke0040/selected_ncct/088.jpg,sub-stroke0040,1
train/LVO/p31_sub-stroke0040/selected_ncct/089.jpg,sub-stroke0040,1
train/LVO/p31_sub-stroke0040/selected_ncct/090.jpg,sub-stroke0040,1
train/LVO/p31_sub-stroke0040/selected_ncct/091.jpg,sub-stroke0040,1
train/LVO/p31_sub-stroke0040/selected_ncct/092.jpg,sub-stroke0040,1
train/LVO/p31_sub-stroke0040/selected_ncct/093.jpg,sub-stroke0040,1
train/LVO/p31_sub-stroke0040/selected_ncct/094.jpg,sub-stroke0040,1
train/LVO/p31_sub-stroke0040/selected_ncct/095.jpg,sub-stroke0040,1
train/LVO/p31_sub-stroke0040/selected_ncct/096.jpg,sub-stroke0040,1
train/LVO/p31_sub-stroke0040/selected_ncct/097.jpg,sub-stroke0040,1
train/LVO/p31_sub-stroke0040/selected_ncct/098.jpg,sub-stroke0040,1
train/LVO/p31_sub-stroke0040/selected_ncct/099.jpg,sub-stroke0040,1
train/LVO/p31_sub-stroke0040/selected_ncct/100.jpg,sub-stroke0040,1
train/LVO/p31_sub-stroke0040/selected_ncct/101.jpg,sub-stroke0040,1
train/LVO/p31_sub-stroke0040/selected_ncct/102.jpg,sub-stroke0040,1
train/LVO/p31_sub-stroke0040/selected_ncct/103.jpg,sub-stroke0040,1
train/LVO/p31_sub-stroke0040/selected_ncct/104.jpg,sub-stroke0040,1
train/LVO/p31_sub-stroke0040/selected_ncct/105.jpg,sub-stroke0040,1
train/LVO/p31_sub-stroke0040/selected_ncct/106.jpg,sub-stroke0040,1
train/LVO/p31_sub-stroke0040/selected_ncct/115.jpg,sub-stroke0040,1
train/LVO/p31_sub-stroke0040/selected_ncct/116.jpg,sub-stroke0040,1
train/LVO/p31_sub-stroke0040/selected_ncct/117.jpg,sub-stroke0040,1
train/LVO/p31_sub-stroke0040/selected_ncct/118.jpg,sub-stroke0040,1
train/LVO/p31_sub-stroke0040/selected_ncct/119.jpg,sub-stroke0040,1
train/LVO/p31_sub-stroke0040/selected_ncct/120.jpg,sub-stroke0040,1
train/LVO/p31_sub-stroke0040/selected_ncct/121.jpg,sub-stroke0040,1
train/LVO/p31_sub-stroke0040/selected_ncct/122.jpg,sub-stroke0040,1
train/LVO/p32_sub-stroke0043/selected_ncct/019.jpg,sub-stroke0043,1
train/LVO/p32_sub-stroke0043/selected_ncct/020.jpg,sub-stroke0043,1
train/LVO/p32_sub-stroke0043/selected_ncct/021.jpg,sub-stroke0043,1
train/LVO/p32_sub-stroke0043/selected_ncct/022.jpg,sub-stroke0043,1
train/LVO/p32_sub-stroke0043/selected_ncct/023.jpg,sub-stroke0043,1
train/LVO/p32_sub-stroke0043/selected_ncct/024.jpg,sub-stroke0043,1
train/LVO/p32_sub-stroke0043/selected_ncct/025.jpg,sub-stroke0043,1
train/LVO/p32_sub-stroke0043/selected_ncct/026.jpg,sub-stroke0043,1
train/LVO/p32_sub-stroke0043/selected_ncct/027.jpg,sub-stroke0043,1
train/LVO/p32_sub-stroke0043/selected_ncct/028.jpg,sub-stroke0043,1
train/LVO/p32_sub-stroke0043/selected_ncct/030.jpg,sub-stroke0043,1
train/LVO/p32_sub-stroke0043/selected_ncct/031.jpg,sub-stroke0043,1
train/LVO/p32_sub-stroke0043/selected_ncct/032.jpg,sub-stroke0043,1
train/LVO/p32_sub-stroke0043/selected_ncct/033.jpg,sub-stroke0043,1
train/LVO/p32_sub-stroke0043/selected_ncct/034.jpg,sub-stroke0043,1
train/LVO/p32_sub-stroke0043/selected_ncct/035.jpg,sub-stroke0043,1
train/LVO/p32_sub-stroke0043/selected_ncct/036.jpg,sub-stroke0043,1
train/LVO/p32_sub-stroke0043/selected_ncct/041.jpg,sub-stroke0043,1
train/LVO/p33_sub-stroke0045/selected_ncct/030.jpg,sub-stroke0045,1
train/LVO/p33_sub-stroke0045/selected_ncct/031.jpg,sub-stroke0045,1
train/LVO/p33_sub-stroke0045/selected_ncct/032.jpg,sub-stroke0045,1
train/LVO/p33_sub-stroke0045/selected_ncct/033.jpg,sub-stroke0045,1
train/LVO/p33_sub-stroke0045/selected_ncct/034.jpg,sub-stroke0045,1
train/LVO/p33_sub-stroke0045/selected_ncct/035.jpg,sub-stroke0045,1
train/LVO/p33_sub-stroke0045/selected_ncct/036.jpg,sub-stroke0045,1
train/LVO/p33_sub-stroke0045/selected_ncct/037.jpg,sub-stroke0045,1
train/LVO/p33_sub-stroke0045/selected_ncct/038.jpg,sub-stroke0045,1
train/LVO/p33_sub-stroke0045/selected_ncct/039.jpg,sub-stroke0045,1
train/LVO/p33_sub-stroke0045/selected_ncct/040.jpg,sub-stroke0045,1
train/LVO/p33_sub-stroke0045/selected_ncct/041.jpg,sub-stroke0045,1
train/LVO/p33_sub-stroke0045/selected_ncct/042.jpg,sub-stroke0045,1
train/LVO/p33_sub-stroke0045/selected_ncct/043.jpg,sub-stroke0045,1
train/LVO/p33_sub-stroke0045/selected_ncct/044.jpg,sub-stroke0045,1
train/LVO/p33_sub-stroke0045/selected_ncct/045.jpg,sub-stroke0045,1
train/LVO/p33_sub-stroke0045/selected_ncct/046.jpg,sub-stroke0045,1
train/LVO/p33_sub-stroke0045/selected_ncct/047.jpg,sub-stroke0045,1
train/LVO/p33_sub-stroke0045/selected_ncct/056.jpg,sub-stroke0045,1
train/LVO/p33_sub-stroke0045/selected_ncct/057.jpg,sub-stroke0045,1
train/LVO/p33_sub-stroke0045/selected_ncct/058.jpg,sub-stroke0045,1
train/LVO/p33_sub-stroke0045/selected_ncct/059.jpg,sub-stroke0045,1
train/LVO/p33_sub-stroke0045/selected_ncct/060.jpg,sub-stroke0045,1
train/LVO/p33_sub-stroke0045/selected_ncct/061.jpg,sub-stroke0045,1
train/LVO/p34_sub-stroke0047/selected_ncct/023.jpg,sub-stroke0047,1
train/LVO/p34_sub-stroke0047/selected_ncct/024.jpg,sub-stroke0047,1
train/LVO/p34_sub-stroke0047/selected_ncct/025.jpg,sub-stroke0047,1
train/LVO/p34_sub-stroke0047/selected_ncct/026.jpg,sub-stroke0047,1
train/LVO/p34_sub-stroke0047/selected_ncct/027.jpg,sub-stroke0047,1
train/LVO/p34_sub-stroke0047/selected_ncct/028.jpg,sub-stroke0047,1
train/LVO/p34_sub-stroke0047/selected_ncct/029.jpg,sub-stroke0047,1
train/LVO/p34_sub-stroke0047/selected_ncct/030.jpg,sub-stroke0047,1
train/LVO/p34_sub-stroke0047/selected_ncct/031.jpg,sub-stroke0047,1
train/LVO/p34_sub-stroke0047/selected_ncct/032.jpg,sub-stroke0047,1
train/LVO/p34_sub-stroke0047/selected_ncct/033.jpg,sub-stroke0047,1
train/LVO/p34_sub-stroke0047/selected_ncct/034.jpg,sub-stroke0047,1
train/LVO/p34_sub-stroke0047/selected_ncct/035.jpg,sub-stroke0047,1
train/LVO/p34_sub-stroke0047/selected_ncct/036.jpg,sub-stroke0047,1
train/LVO/p34_sub-stroke0047/selected_ncct/037.jpg,sub-stroke0047,1
train/LVO/p34_sub-stroke0047/selected_ncct/044.jpg,sub-stroke0047,1
train/LVO/p34_sub-stroke0047/selected_ncct/049.jpg,sub-stroke0047,1
train/LVO/p34_sub-stroke0047/selected_ncct/050.jpg,sub-stroke0047,1
train/LVO/p34_sub-stroke0047/selected_ncct/051.jpg,sub-stroke0047,1
train/LVO/p34_sub-stroke0047/selected_ncct/052.jpg,sub-stroke0047,1
train/LVO/p34_sub-stroke0047/selected_ncct/053.jpg,sub-stroke0047,1
train/LVO/p35_sub-stroke0048/selected_ncct/016.jpg,sub-stroke0048,1
train/LVO/p35_sub-stroke0048/selected_ncct/018.jpg,sub-stroke0048,1
train/LVO/p35_sub-stroke0048/selected_ncct/019.jpg,sub-stroke0048,1
train/LVO/p35_sub-stroke0048/selected_ncct/020.jpg,sub-stroke0048,1
train/LVO/p35_sub-stroke0048/selected_ncct/021.jpg,sub-stroke0048,1
train/LVO/p35_sub-stroke0048/selected_ncct/022.jpg,sub-stroke0048,1
train/LVO/p35_sub-stroke0048/selected_ncct/023.jpg,sub-stroke0048,1
train/LVO/p35_sub-stroke0048/selected_ncct/024.jpg,sub-stroke0048,1
train/LVO/p35_sub-stroke0048/selected_ncct/025.jpg,sub-stroke0048,1
train/LVO/p35_sub-stroke0048/selected_ncct/026.jpg,sub-stroke0048,1
train/LVO/p35_sub-stroke0048/selected_ncct/027.jpg,sub-stroke0048,1
train/LVO/p35_sub-stroke0048/selected_ncct/028.jpg,sub-stroke0048,1
train/LVO/p35_sub-stroke0048/selected_ncct/030.jpg,sub-stroke0048,1
train/LVO/p35_sub-stroke0048/selected_ncct/035.jpg,sub-stroke0048,1
train/LVO/p35_sub-stroke0048/selected_ncct/036.jpg,sub-stroke0048,1
train/LVO/p35_sub-stroke0048/selected_ncct/037.jpg,sub-stroke0048,1
train/LVO/p35_sub-stroke0048/selected_ncct/038.jpg,sub-stroke0048,1
train/LVO/p35_sub-stroke0048/selected_ncct/039.jpg,sub-stroke0048,1
train/LVO/p35_sub-stroke0048/selected_ncct/040.jpg,sub-stroke0048,1
train/LVO/p35_sub-stroke0048/selected_ncct/042.jpg,sub-stroke0048,1
train/LVO/p35_sub-stroke0048/selected_ncct/043.jpg,sub-stroke0048,1
train/LVO/p35_sub-stroke0048/selected_ncct/049.jpg,sub-stroke0048,1
train/LVO/p35_sub-stroke0048/selected_ncct/050.jpg,sub-stroke0048,1
train/LVO/p35_sub-stroke0048/selected_ncct/051.jpg,sub-stroke0048,1
train/LVO/p35_sub-stroke0048/selected_ncct/052.jpg,sub-stroke0048,1
train/LVO/p35_sub-stroke0048/selected_ncct/053.jpg,sub-stroke0048,1
train/LVO/p35_sub-stroke0048/selected_ncct/056.jpg,sub-stroke0048,1
train/LVO/p35_sub-stroke0048/selected_ncct/057.jpg,sub-stroke0048,1
train/LVO/p35_sub-stroke0048/selected_ncct/058.jpg,sub-stroke0048,1
train/LVO/p36_sub-stroke0049/selected_ncct/021.jpg,sub-stroke0049,1
train/LVO/p36_sub-stroke0049/selected_ncct/022.jpg,sub-stroke0049,1
train/LVO/p36_sub-stroke0049/selected_ncct/023.jpg,sub-stroke0049,1
train/LVO/p36_sub-stroke0049/selected_ncct/024.jpg,sub-stroke0049,1
train/LVO/p36_sub-stroke0049/selected_ncct/025.jpg,sub-stroke0049,1
train/LVO/p36_sub-stroke0049/selected_ncct/026.jpg,sub-stroke0049,1
train/LVO/p36_sub-stroke0049/selected_ncct/027.jpg,sub-stroke0049,1
train/LVO/p36_sub-stroke0049/selected_ncct/028.jpg,sub-stroke0049,1
train/LVO/p36_sub-stroke0049/selected_ncct/029.jpg,sub-stroke0049,1
train/LVO/p36_sub-stroke0049/selected_ncct/030.jpg,sub-stroke0049,1
train/LVO/p36_sub-stroke0049/selected_ncct/031.jpg,sub-stroke0049,1
train/LVO/p36_sub-stroke0049/selected_ncct/032.jpg,sub-stroke0049,1
train/LVO/p36_sub-stroke0049/selected_ncct/033.jpg,sub-stroke0049,1
train/LVO/p36_sub-stroke0049/selected_ncct/034.jpg,sub-stroke0049,1
train/LVO/p36_sub-stroke0049/selected_ncct/035.jpg,sub-stroke0049,1
train/LVO/p36_sub-stroke0049/selected_ncct/036.jpg,sub-stroke0049,1
train/LVO/p36_sub-stroke0049/selected_ncct/039.jpg,sub-stroke0049,1
train/LVO/p36_sub-stroke0049/selected_ncct/040.jpg,sub-stroke0049,1
train/LVO/p36_sub-stroke0049/selected_ncct/041.jpg,sub-stroke0049,1
train/LVO/p36_sub-stroke0049/selected_ncct/042.jpg,sub-stroke0049,1
train/LVO/p36_sub-stroke0049/selected_ncct/043.jpg,sub-stroke0049,1
train/LVO/p36_sub-stroke0049/selected_ncct/044.jpg,sub-stroke0049,1
train/LVO/p36_sub-stroke0049/selected_ncct/045.jpg,sub-stroke0049,1
train/LVO/p36_sub-stroke0049/selected_ncct/046.jpg,sub-stroke0049,1
train/LVO/p36_sub-stroke0049/selected_ncct/047.jpg,sub-stroke0049,1
train/LVO/p36_sub-stroke0049/selected_ncct/048.jpg,sub-stroke0049,1
train/LVO/p36_sub-stroke0049/selected_ncct/049.jpg,sub-stroke0049,1
train/LVO/p36_sub-stroke0049/selected_ncct/050.jpg,sub-stroke0049,1
train/LVO/p36_sub-stroke0049/selected_ncct/051.jpg,sub-stroke0049,1
train/LVO/p36_sub-stroke0049/selected_ncct/052.jpg,sub-stroke0049,1
train/LVO/p36_sub-stroke0049/selected_ncct/053.jpg,sub-stroke0049,1
train/LVO/p36_sub-stroke0049/selected_ncct/054.jpg,sub-stroke0049,1
train/LVO/p36_sub-stroke0049/selected_ncct/055.jpg,sub-stroke0049,1
train/LVO/p36_sub-stroke0049/selected_ncct/056.jpg,sub-stroke0049,1
train/LVO/p37_sub-stroke0052/selected_ncct/012.jpg,sub-stroke0052,1
train/LVO/p37_sub-stroke0052/selected_ncct/013.jpg,sub-stroke0052,1
train/LVO/p37_sub-stroke0052/selected_ncct/014.jpg,sub-stroke0052,1
train/LVO/p37_sub-stroke0052/selected_ncct/015.jpg,sub-stroke0052,1
train/LVO/p37_sub-stroke0052/selected_ncct/017.jpg,sub-stroke0052,1
train/LVO/p37_sub-stroke0052/selected_ncct/018.jpg,sub-stroke0052,1
train/LVO/p37_sub-stroke0052/selected_ncct/019.jpg,sub-stroke0052,1
train/LVO/p37_sub-stroke0052/selected_ncct/020.jpg,sub-stroke0052,1
train/LVO/p37_sub-stroke0052/selected_ncct/021.jpg,sub-stroke0052,1
train/LVO/p37_sub-stroke0052/selected_ncct/022.jpg,sub-stroke0052,1
train/LVO/p37_sub-stroke0052/selected_ncct/023.jpg,sub-stroke0052,1
train/LVO/p37_sub-stroke0052/selected_ncct/024.jpg,sub-stroke0052,1
train/LVO/p37_sub-stroke0052/selected_ncct/025.jpg,sub-stroke0052,1
train/LVO/p37_sub-stroke0052/selected_ncct/026.jpg,sub-stroke0052,1
train/LVO/p37_sub-stroke0052/selected_ncct/027.jpg,sub-stroke0052,1
train/LVO/p37_sub-stroke0052/selected_ncct/028.jpg,sub-stroke0052,1
train/LVO/p37_sub-stroke0052/selected_ncct/029.jpg,sub-stroke0052,1
train/LVO/p37_sub-stroke0052/selected_ncct/030.jpg,sub-stroke0052,1
train/LVO/p37_sub-stroke0052/selected_ncct/031.jpg,sub-stroke0052,1
train/LVO/p37_sub-stroke0052/selected_ncct/032.jpg,sub-stroke0052,1
train/LVO/p37_sub-stroke0052/selected_ncct/033.jpg,sub-stroke0052,1
train/LVO/p37_sub-stroke0052/selected_ncct/034.jpg,sub-stroke0052,1
train/LVO/p37_sub-stroke0052/selected_ncct/035.jpg,sub-stroke0052,1
train/LVO/p37_sub-stroke0052/selected_ncct/036.jpg,sub-stroke0052,1
train/LVO/p37_sub-stroke0052/selected_ncct/037.jpg,sub-stroke0052,1
train/LVO/p37_sub-stroke0052/selected_ncct/038.jpg,sub-stroke0052,1
train/LVO/p37_sub-stroke0052/selected_ncct/039.jpg,sub-stroke0052,1
train/LVO/p37_sub-stroke0052/selected_ncct/040.jpg,sub-stroke0052,1
train/LVO/p37_sub-stroke0052/selected_ncct/041.jpg,sub-stroke0052,1
train/LVO/p37_sub-stroke0052/selected_ncct/042.jpg,sub-stroke0052,1
train/LVO/p37_sub-stroke0052/selected_ncct/043.jpg,sub-stroke0052,1
train/LVO/p37_sub-stroke0052/selected_ncct/044.jpg,sub-stroke0052,1
train/LVO/p37_sub-stroke0052/selected_ncct/045.jpg,sub-stroke0052,1
train/LVO/p37_sub-stroke0052/selected_ncct/046.jpg,sub-stroke0052,1
train/LVO/p37_sub-stroke0052/selected_ncct/047.jpg,sub-stroke0052,1
train/LVO/p37_sub-stroke0052/selected_ncct/048.jpg,sub-stroke0052,1
train/LVO/p37_sub-stroke0052/selected_ncct/049.jpg,sub-stroke0052,1
train/LVO/p37_sub-stroke0052/selected_ncct/050.jpg,sub-stroke0052,1
train/LVO/p37_sub-stroke0052/selected_ncct/051.jpg,sub-stroke0052,1
train/LVO/p37_sub-stroke0052/selected_ncct/052.jpg,sub-stroke0052,1
train/LVO/p37_sub-stroke0052/selected_ncct/053.jpg,sub-stroke0052,1
train/LVO/p37_sub-stroke0052/selected_ncct/056.jpg,sub-stroke0052,1
train/LVO/p37_sub-stroke0052/selected_ncct/057.jpg,sub-stroke0052,1
train/LVO/p37_sub-stroke0052/selected_ncct/058.jpg,sub-stroke0052,1
train/LVO/p37_sub-stroke0052/selected_ncct/059.jpg,sub-stroke0052,1
train/LVO/p37_sub-stroke0052/selected_ncct/060.jpg,sub-stroke0052,1
train/LVO/p37_sub-stroke0052/selected_ncct/061.jpg,sub-stroke0052,1
train/LVO/p37_sub-stroke0052/selected_ncct/062.jpg,sub-stroke0052,1
train/LVO/p37_sub-stroke0052/selected_ncct/063.jpg,sub-stroke0052,1
train/LVO/p37_sub-stroke0052/selected_ncct/064.jpg,sub-stroke0052,1
train/LVO/p37_sub-stroke0052/selected_ncct/065.jpg,sub-stroke0052,1
train/LVO/p38_sub-stroke0053/selected_ncct/020.jpg,sub-stroke0053,1
train/LVO/p38_sub-stroke0053/selected_ncct/021.jpg,sub-stroke0053,1
train/LVO/p38_sub-stroke0053/selected_ncct/022.jpg,sub-stroke0053,1
train/LVO/p38_sub-stroke0053/selected_ncct/023.jpg,sub-stroke0053,1
train/LVO/p38_sub-stroke0053/selected_ncct/024.jpg,sub-stroke0053,1
train/LVO/p38_sub-stroke0053/selected_ncct/025.jpg,sub-stroke0053,1
train/LVO/p38_sub-stroke0053/selected_ncct/026.jpg,sub-stroke0053,1
train/LVO/p38_sub-stroke0053/selected_ncct/027.jpg,sub-stroke0053,1
train/LVO/p38_sub-stroke0053/selected_ncct/028.jpg,sub-stroke0053,1
train/LVO/p38_sub-stroke0053/selected_ncct/029.jpg,sub-stroke0053,1
train/LVO/p38_sub-stroke0053/selected_ncct/030.jpg,sub-stroke0053,1
train/LVO/p38_sub-stroke0053/selected_ncct/031.jpg,sub-stroke0053,1
train/LVO/p38_sub-stroke0053/selected_ncct/032.jpg,sub-stroke0053,1
train/LVO/p38_sub-stroke0053/selected_ncct/033.jpg,sub-stroke0053,1
train/LVO/p38_sub-stroke0053/selected_ncct/034.jpg,sub-stroke0053,1
train/LVO/p38_sub-stroke0053/selected_ncct/035.jpg,sub-stroke0053,1
train/LVO/p38_sub-stroke0053/selected_ncct/036.jpg,sub-stroke0053,1
train/LVO/p39_sub-stroke0054/selected_ncct/021.jpg,sub-stroke0054,1
train/LVO/p39_sub-stroke0054/selected_ncct/022.jpg,sub-stroke0054,1
train/LVO/p39_sub-stroke0054/selected_ncct/023.jpg,sub-stroke0054,1
train/LVO/p39_sub-stroke0054/selected_ncct/024.jpg,sub-stroke0054,1
train/LVO/p39_sub-stroke0054/selected_ncct/025.jpg,sub-stroke0054,1
train/LVO/p39_sub-stroke0054/selected_ncct/026.jpg,sub-stroke0054,1
train/LVO/p39_sub-stroke0054/selected_ncct/027.jpg,sub-stroke0054,1
train/LVO/p39_sub-stroke0054/selected_ncct/028.jpg,sub-stroke0054,1
train/LVO/p39_sub-stroke0054/selected_ncct/029.jpg,sub-stroke0054,1
train/LVO/p39_sub-stroke0054/selected_ncct/030.jpg,sub-stroke0054,1
train/LVO/p39_sub-stroke0054/selected_ncct/031.jpg,sub-stroke0054,1
train/LVO/p39_sub-stroke0054/selected_ncct/032.jpg,sub-stroke0054,1
train/LVO/p39_sub-stroke0054/selected_ncct/033.jpg,sub-stroke0054,1
train/LVO/p39_sub-stroke0054/selected_ncct/034.jpg,sub-stroke0054,1
train/LVO/p39_sub-stroke0054/selected_ncct/035.jpg,sub-stroke0054,1
train/LVO/p39_sub-stroke0054/selected_ncct/036.jpg,sub-stroke0054,1
train/LVO/p39_sub-stroke0054/selected_ncct/037.jpg,sub-stroke0054,1
train/LVO/p39_sub-stroke0054/selected_ncct/038.jpg,sub-stroke0054,1
train/LVO/p39_sub-stroke0054/selected_ncct/039.jpg,sub-stroke0054,1
train/LVO/p39_sub-stroke0054/selected_ncct/040.jpg,sub-stroke0054,1
train/LVO/p39_sub-stroke0054/selected_ncct/041.jpg,sub-stroke0054,1
train/LVO/p39_sub-stroke0054/selected_ncct/042.jpg,sub-stroke0054,1
train/LVO/p41_sub-stroke0057/selected_ncct/023.jpg,sub-stroke0057,1
train/LVO/p41_sub-stroke0057/selected_ncct/024.jpg,sub-stroke0057,1
train/LVO/p41_sub-stroke0057/selected_ncct/025.jpg,sub-stroke0057,1
train/LVO/p41_sub-stroke0057/selected_ncct/026.jpg,sub-stroke0057,1
train/LVO/p41_sub-stroke0057/selected_ncct/027.jpg,sub-stroke0057,1
train/LVO/p41_sub-stroke0057/selected_ncct/028.jpg,sub-stroke0057,1
train/LVO/p41_sub-stroke0057/selected_ncct/029.jpg,sub-stroke0057,1
train/LVO/p41_sub-stroke0057/selected_ncct/030.jpg,sub-stroke0057,1
train/LVO/p41_sub-stroke0057/selected_ncct/031.jpg,sub-stroke0057,1
train/LVO/p41_sub-stroke0057/selected_ncct/032.jpg,sub-stroke0057,1
train/LVO/p41_sub-stroke0057/selected_ncct/033.jpg,sub-stroke0057,1
train/LVO/p41_sub-stroke0057/selected_ncct/034.jpg,sub-stroke0057,1
train/LVO/p41_sub-stroke0057/selected_ncct/035.jpg,sub-stroke0057,1
train/LVO/p41_sub-stroke0057/selected_ncct/036.jpg,sub-stroke0057,1
train/LVO/p41_sub-stroke0057/selected_ncct/038.jpg,sub-stroke0057,1
train/LVO/p41_sub-stroke0057/selected_ncct/046.jpg,sub-stroke0057,1
train/LVO/p41_sub-stroke0057/selected_ncct/047.jpg,sub-stroke0057,1
train/LVO/p41_sub-stroke0057/selected_ncct/048.jpg,sub-stroke0057,1
train/LVO/p41_sub-stroke0057/selected_ncct/049.jpg,sub-stroke0057,1
train/LVO/p41_sub-stroke0057/selected_ncct/051.jpg,sub-stroke0057,1
train/LVO/p42_sub-stroke0062/selected_ncct/019.jpg,sub-stroke0062,1
train/LVO/p42_sub-stroke0062/selected_ncct/020.jpg,sub-stroke0062,1
train/LVO/p42_sub-stroke0062/selected_ncct/021.jpg,sub-stroke0062,1
train/LVO/p42_sub-stroke0062/selected_ncct/022.jpg,sub-stroke0062,1
train/LVO/p42_sub-stroke0062/selected_ncct/023.jpg,sub-stroke0062,1
train/LVO/p42_sub-stroke0062/selected_ncct/024.jpg,sub-stroke0062,1
train/LVO/p42_sub-stroke0062/selected_ncct/025.jpg,sub-stroke0062,1
train/LVO/p42_sub-stroke0062/selected_ncct/026.jpg,sub-stroke0062,1
train/LVO/p42_sub-stroke0062/selected_ncct/027.jpg,sub-stroke0062,1
train/LVO/p42_sub-stroke0062/selected_ncct/028.jpg,sub-stroke0062,1
train/LVO/p42_sub-stroke0062/selected_ncct/029.jpg,sub-stroke0062,1
train/LVO/p42_sub-stroke0062/selected_ncct/030.jpg,sub-stroke0062,1
train/LVO/p42_sub-stroke0062/selected_ncct/031.jpg,sub-stroke0062,1
train/LVO/p42_sub-stroke0062/selected_ncct/032.jpg,sub-stroke0062,1
train/LVO/p42_sub-stroke0062/selected_ncct/033.jpg,sub-stroke0062,1
train/LVO/p42_sub-stroke0062/selected_ncct/034.jpg,sub-stroke0062,1
train/LVO/p42_sub-stroke0062/selected_ncct/035.jpg,sub-stroke0062,1
train/LVO/p42_sub-stroke0062/selected_ncct/036.jpg,sub-stroke0062,1
train/LVO/p42_sub-stroke0062/selected_ncct/037.jpg,sub-stroke0062,1
train/LVO/p42_sub-stroke0062/selected_ncct/038.jpg,sub-stroke0062,1
train/LVO/p42_sub-stroke0062/selected_ncct/039.jpg,sub-stroke0062,1
train/LVO/p42_sub-stroke0062/selected_ncct/040.jpg,sub-stroke0062,1
train/LVO/p42_sub-stroke0062/selected_ncct/043.jpg,sub-stroke0062,1
train/LVO/p42_sub-stroke0062/selected_ncct/044.jpg,sub-stroke0062,1
train/LVO/p42_sub-stroke0062/selected_ncct/045.jpg,sub-stroke0062,1
train/LVO/p42_sub-stroke0062/selected_ncct/046.jpg,sub-stroke0062,1
train/LVO/p42_sub-stroke0062/selected_ncct/048.jpg,sub-stroke0062,1
train/LVO/p42_sub-stroke0062/selected_ncct/049.jpg,sub-stroke0062,1
train/LVO/p42_sub-stroke0062/selected_ncct/050.jpg,sub-stroke0062,1
train/LVO/p42_sub-stroke0062/selected_ncct/051.jpg,sub-stroke0062,1
train/LVO/p42_sub-stroke0062/selected_ncct/052.jpg,sub-stroke0062,1
train/LVO/p43_sub-stroke0066/selected_ncct/019.jpg,sub-stroke0066,1
train/LVO/p43_sub-stroke0066/selected_ncct/021.jpg,sub-stroke0066,1
train/LVO/p43_sub-stroke0066/selected_ncct/022.jpg,sub-stroke0066,1
train/LVO/p43_sub-stroke0066/selected_ncct/023.jpg,sub-stroke0066,1
train/LVO/p43_sub-stroke0066/selected_ncct/024.jpg,sub-stroke0066,1
train/LVO/p43_sub-stroke0066/selected_ncct/025.jpg,sub-stroke0066,1
train/LVO/p43_sub-stroke0066/selected_ncct/026.jpg,sub-stroke0066,1
train/LVO/p43_sub-stroke0066/selected_ncct/027.jpg,sub-stroke0066,1
train/LVO/p43_sub-stroke0066/selected_ncct/028.jpg,sub-stroke0066,1
train/LVO/p43_sub-stroke0066/selected_ncct/029.jpg,sub-stroke0066,1
train/LVO/p43_sub-stroke0066/selected_ncct/030.jpg,sub-stroke0066,1
train/LVO/p43_sub-stroke0066/selected_ncct/031.jpg,sub-stroke0066,1
train/LVO/p43_sub-stroke0066/selected_ncct/032.jpg,sub-stroke0066,1
train/LVO/p43_sub-stroke0066/selected_ncct/033.jpg,sub-stroke0066,1
train/LVO/p43_sub-stroke0066/selected_ncct/034.jpg,sub-stroke0066,1
train/LVO/p43_sub-stroke0066/selected_ncct/035.jpg,sub-stroke0066,1
train/LVO/p43_sub-stroke0066/selected_ncct/036.jpg,sub-stroke0066,1
train/LVO/p43_sub-stroke0066/selected_ncct/037.jpg,sub-stroke0066,1
train/LVO/p43_sub-stroke0066/selected_ncct/038.jpg,sub-stroke0066,1
train/LVO/p43_sub-stroke0066/selected_ncct/039.jpg,sub-stroke0066,1
train/LVO/p43_sub-stroke0066/selected_ncct/040.jpg,sub-stroke0066,1
train/LVO/p43_sub-stroke0066/selected_ncct/041.jpg,sub-stroke0066,1
train/LVO/p43_sub-stroke0066/selected_ncct/042.jpg,sub-stroke0066,1
train/LVO/p43_sub-stroke0066/selected_ncct/043.jpg,sub-stroke0066,1
train/LVO/p43_sub-stroke0066/selected_ncct/044.jpg,sub-stroke0066,1
train/LVO/p43_sub-stroke0066/selected_ncct/045.jpg,sub-stroke0066,1
train/LVO/p43_sub-stroke0066/selected_ncct/046.jpg,sub-stroke0066,1
train/LVO/p43_sub-stroke0066/selected_ncct/047.jpg,sub-stroke0066,1
train/LVO/p43_sub-stroke0066/selected_ncct/048.jpg,sub-stroke0066,1
train/LVO/p43_sub-stroke0066/selected_ncct/049.jpg,sub-stroke0066,1
train/LVO/p43_sub-stroke0066/selected_ncct/050.jpg,sub-stroke0066,1
train/LVO/p43_sub-stroke0066/selected_ncct/051.jpg,sub-stroke0066,1
train/LVO/p43_sub-stroke0066/selected_ncct/052.jpg,sub-stroke0066,1
train/LVO/p43_sub-stroke0066/selected_ncct/053.jpg,sub-stroke0066,1
train/LVO/p43_sub-stroke0066/selected_ncct/054.jpg,sub-stroke0066,1
train/LVO/p43_sub-stroke0066/selected_ncct/055.jpg,sub-stroke0066,1
train/LVO/p43_sub-stroke0066/selected_ncct/056.jpg,sub-stroke0066,1
train/LVO/p43_sub-stroke0066/selected_ncct/057.jpg,sub-stroke0066,1
train/LVO/p43_sub-stroke0066/selected_ncct/058.jpg,sub-stroke0066,1
train/LVO/p43_sub-stroke0066/selected_ncct/059.jpg,sub-stroke0066,1
train/LVO/p44_sub-stroke0068/selected_ncct/013.jpg,sub-stroke0068,1
train/LVO/p44_sub-stroke0068/selected_ncct/015.jpg,sub-stroke0068,1
train/LVO/p44_sub-stroke0068/selected_ncct/016.jpg,sub-stroke0068,1
train/LVO/p44_sub-stroke0068/selected_ncct/017.jpg,sub-stroke0068,1
train/LVO/p44_sub-stroke0068/selected_ncct/018.jpg,sub-stroke0068,1
train/LVO/p44_sub-stroke0068/selected_ncct/019.jpg,sub-stroke0068,1
train/LVO/p44_sub-stroke0068/selected_ncct/020.jpg,sub-stroke0068,1
train/LVO/p44_sub-stroke0068/selected_ncct/021.jpg,sub-stroke0068,1
train/LVO/p44_sub-stroke0068/selected_ncct/022.jpg,sub-stroke0068,1
train/LVO/p44_sub-stroke0068/selected_ncct/023.jpg,sub-stroke0068,1
train/LVO/p44_sub-stroke0068/selected_ncct/024.jpg,sub-stroke0068,1
train/LVO/p44_sub-stroke0068/selected_ncct/025.jpg,sub-stroke0068,1
train/LVO/p44_sub-stroke0068/selected_ncct/026.jpg,sub-stroke0068,1
train/LVO/p44_sub-stroke0068/selected_ncct/027.jpg,sub-stroke0068,1
train/LVO/p44_sub-stroke0068/selected_ncct/028.jpg,sub-stroke0068,1
train/LVO/p44_sub-stroke0068/selected_ncct/029.jpg,sub-stroke0068,1
train/LVO/p44_sub-stroke0068/selected_ncct/030.jpg,sub-stroke0068,1
train/LVO/p44_sub-stroke0068/selected_ncct/031.jpg,sub-stroke0068,1
train/LVO/p44_sub-stroke0068/selected_ncct/032.jpg,sub-stroke0068,1
train/LVO/p44_sub-stroke0068/selected_ncct/033.jpg,sub-stroke0068,1
train/LVO/p44_sub-stroke0068/selected_ncct/034.jpg,sub-stroke0068,1
train/LVO/p44_sub-stroke0068/selected_ncct/035.jpg,sub-stroke0068,1
train/LVO/p44_sub-stroke0068/selected_ncct/036.jpg,sub-stroke0068,1
train/LVO/p44_sub-stroke0068/selected_ncct/037.jpg,sub-stroke0068,1
train/LVO/p44_sub-stroke0068/selected_ncct/038.jpg,sub-stroke0068,1
train/LVO/p44_sub-stroke0068/selected_ncct/039.jpg,sub-stroke0068,1
train/LVO/p44_sub-stroke0068/selected_ncct/040.jpg,sub-stroke0068,1
train/LVO/p44_sub-stroke0068/selected_ncct/041.jpg,sub-stroke0068,1
train/LVO/p44_sub-stroke0068/selected_ncct/042.jpg,sub-stroke0068,1
train/LVO/p44_sub-stroke0068/selected_ncct/043.jpg,sub-stroke0068,1
train/LVO/p44_sub-stroke0068/selected_ncct/044.jpg,sub-stroke0068,1
train/LVO/p44_sub-stroke0068/selected_ncct/045.jpg,sub-stroke0068,1
train/LVO/p44_sub-stroke0068/selected_ncct/046.jpg,sub-stroke0068,1
train/LVO/p44_sub-stroke0068/selected_ncct/047.jpg,sub-stroke0068,1
train/LVO/p47_sub-stroke0073/selected_ncct/010.jpg,sub-stroke0073,1
train/LVO/p47_sub-stroke0073/selected_ncct/011.jpg,sub-stroke0073,1
train/LVO/p47_sub-stroke0073/selected_ncct/012.jpg,sub-stroke0073,1
train/LVO/p47_sub-stroke0073/selected_ncct/013.jpg,sub-stroke0073,1
train/LVO/p47_sub-stroke0073/selected_ncct/014.jpg,sub-stroke0073,1
train/LVO/p47_sub-stroke0073/selected_ncct/015.jpg,sub-stroke0073,1
train/LVO/p47_sub-stroke0073/selected_ncct/016.jpg,sub-stroke0073,1
train/LVO/p47_sub-stroke0073/selected_ncct/017.jpg,sub-stroke0073,1
train/LVO/p47_sub-stroke0073/selected_ncct/019.jpg,sub-stroke0073,1
train/LVO/p47_sub-stroke0073/selected_ncct/020.jpg,sub-stroke0073,1
train/LVO/p47_sub-stroke0073/selected_ncct/021.jpg,sub-stroke0073,1
train/LVO/p47_sub-stroke0073/selected_ncct/022.jpg,sub-stroke0073,1
train/LVO/p47_sub-stroke0073/selected_ncct/023.jpg,sub-stroke0073,1
train/LVO/p47_sub-stroke0073/selected_ncct/024.jpg,sub-stroke0073,1
train/LVO/p47_sub-stroke0073/selected_ncct/025.jpg,sub-stroke0073,1
train/LVO/p47_sub-stroke0073/selected_ncct/026.jpg,sub-stroke0073,1
train/LVO/p47_sub-stroke0073/selected_ncct/027.jpg,sub-stroke0073,1
train/LVO/p47_sub-stroke0073/selected_ncct/028.jpg,sub-stroke0073,1
train/LVO/p47_sub-stroke0073/selected_ncct/029.jpg,sub-stroke0073,1
train/LVO/p47_sub-stroke0073/selected_ncct/030.jpg,sub-stroke0073,1
train/LVO/p47_sub-stroke0073/selected_ncct/031.jpg,sub-stroke0073,1
train/LVO/p47_sub-stroke0073/selected_ncct/032.jpg,sub-stroke0073,1
train/LVO/p47_sub-stroke0073/selected_ncct/033.jpg,sub-stroke0073,1
train/LVO/p47_sub-stroke0073/selected_ncct/035.jpg,sub-stroke0073,1
train/LVO/p47_sub-stroke0073/selected_ncct/036.jpg,sub-stroke0073,1
train/LVO/p47_sub-stroke0073/selected_ncct/037.jpg,sub-stroke0073,1
train/LVO/p47_sub-stroke0073/selected_ncct/038.jpg,sub-stroke0073,1
train/LVO/p47_sub-stroke0073/selected_ncct/044.jpg,sub-stroke0073,1
train/LVO/p47_sub-stroke0073/selected_ncct/045.jpg,sub-stroke0073,1
train/LVO/p47_sub-stroke0073/selected_ncct/046.jpg,sub-stroke0073,1
train/LVO/p47_sub-stroke0073/selected_ncct/047.jpg,sub-stroke0073,1
train/LVO/p47_sub-stroke0073/selected_ncct/048.jpg,sub-stroke0073,1
train/LVO/p47_sub-stroke0073/selected_ncct/049.jpg,sub-stroke0073,1
train/LVO/p48_sub-stroke0074/selected_ncct/028.jpg,sub-stroke0074,1
train/LVO/p48_sub-stroke0074/selected_ncct/029.jpg,sub-stroke0074,1
train/LVO/p48_sub-stroke0074/selected_ncct/030.jpg,sub-stroke0074,1
train/LVO/p48_sub-stroke0074/selected_ncct/031.jpg,sub-stroke0074,1
train/LVO/p48_sub-stroke0074/selected_ncct/032.jpg,sub-stroke0074,1
train/LVO/p48_sub-stroke0074/selected_ncct/033.jpg,sub-stroke0074,1
train/LVO/p48_sub-stroke0074/selected_ncct/034.jpg,sub-stroke0074,1
train/LVO/p48_sub-stroke0074/selected_ncct/035.jpg,sub-stroke0074,1
train/LVO/p48_sub-stroke0074/selected_ncct/036.jpg,sub-stroke0074,1
train/LVO/p48_sub-stroke0074/selected_ncct/037.jpg,sub-stroke0074,1
train/LVO/p48_sub-stroke0074/selected_ncct/038.jpg,sub-stroke0074,1
train/LVO/p48_sub-stroke0074/selected_ncct/039.jpg,sub-stroke0074,1
train/LVO/p48_sub-stroke0074/selected_ncct/040.jpg,sub-stroke0074,1
train/LVO/p48_sub-stroke0074/selected_ncct/041.jpg,sub-stroke0074,1
train/LVO/p48_sub-stroke0074/selected_ncct/042.jpg,sub-stroke0074,1
train/LVO/p48_sub-stroke0074/selected_ncct/043.jpg,sub-stroke0074,1
train/LVO/p48_sub-stroke0074/selected_ncct/044.jpg,sub-stroke0074,1
train/LVO/p48_sub-stroke0074/selected_ncct/045.jpg,sub-stroke0074,1
train/LVO/p48_sub-stroke0074/selected_ncct/046.jpg,sub-stroke0074,1
train/LVO/p48_sub-stroke0074/selected_ncct/047.jpg,sub-stroke0074,1
train/LVO/p48_sub-stroke0074/selected_ncct/048.jpg,sub-stroke0074,1
train/LVO/p48_sub-stroke0074/selected_ncct/049.jpg,sub-stroke0074,1
train/LVO/p48_sub-stroke0074/selected_ncct/050.jpg,sub-stroke0074,1
train/LVO/p48_sub-stroke0074/selected_ncct/051.jpg,sub-stroke0074,1
train/LVO/p48_sub-stroke0074/selected_ncct/052.jpg,sub-stroke0074,1
train/LVO/p48_sub-stroke0074/selected_ncct/053.jpg,sub-stroke0074,1
train/LVO/p48_sub-stroke0074/selected_ncct/054.jpg,sub-stroke0074,1
train/LVO/p49_sub-stroke0075/selected_ncct/021.jpg,sub-stroke0075,1
train/LVO/p49_sub-stroke0075/selected_ncct/022.jpg,sub-stroke0075,1
train/LVO/p49_sub-stroke0075/selected_ncct/023.jpg,sub-stroke0075,1
train/LVO/p49_sub-stroke0075/selected_ncct/024.jpg,sub-stroke0075,1
train/LVO/p49_sub-stroke0075/selected_ncct/025.jpg,sub-stroke0075,1
train/LVO/p49_sub-stroke0075/selected_ncct/026.jpg,sub-stroke0075,1
train/LVO/p49_sub-stroke0075/selected_ncct/027.jpg,sub-stroke0075,1
train/LVO/p49_sub-stroke0075/selected_ncct/028.jpg,sub-stroke0075,1
train/LVO/p49_sub-stroke0075/selected_ncct/029.jpg,sub-stroke0075,1
train/LVO/p49_sub-stroke0075/selected_ncct/030.jpg,sub-stroke0075,1
train/LVO/p49_sub-stroke0075/selected_ncct/031.jpg,sub-stroke0075,1
train/LVO/p49_sub-stroke0075/selected_ncct/032.jpg,sub-stroke0075,1
train/LVO/p49_sub-stroke0075/selected_ncct/033.jpg,sub-stroke0075,1
train/LVO/p49_sub-stroke0075/selected_ncct/034.jpg,sub-stroke0075,1
train/LVO/p49_sub-stroke0075/selected_ncct/035.jpg,sub-stroke0075,1
train/LVO/p49_sub-stroke0075/selected_ncct/036.jpg,sub-stroke0075,1
train/LVO/p49_sub-stroke0075/selected_ncct/037.jpg,sub-stroke0075,1
train/LVO/p49_sub-stroke0075/selected_ncct/043.jpg,sub-stroke0075,1
train/LVO/p49_sub-stroke0075/selected_ncct/044.jpg,sub-stroke0075,1
train/LVO/p49_sub-stroke0075/selected_ncct/045.jpg,sub-stroke0075,1
train/LVO/p49_sub-stroke0075/selected_ncct/046.jpg,sub-stroke0075,1
train/LVO/p49_sub-stroke0075/selected_ncct/052.jpg,sub-stroke0075,1
train/LVO/p49_sub-stroke0075/selected_ncct/053.jpg,sub-stroke0075,1
train/LVO/p49_sub-stroke0075/selected_ncct/054.jpg,sub-stroke0075,1
train/LVO/p49_sub-stroke0075/selected_ncct/055.jpg,sub-stroke0075,1
train/LVO/p49_sub-stroke0075/selected_ncct/056.jpg,sub-stroke0075,1
train/LVO/p49_sub-stroke0075/selected_ncct/057.jpg,sub-stroke0075,1
train/LVO/p50_sub-stroke0076/selected_ncct/031.jpg,sub-stroke0076,1
train/LVO/p50_sub-stroke0076/selected_ncct/032.jpg,sub-stroke0076,1
train/LVO/p50_sub-stroke0076/selected_ncct/033.jpg,sub-stroke0076,1
train/LVO/p50_sub-stroke0076/selected_ncct/034.jpg,sub-stroke0076,1
train/LVO/p50_sub-stroke0076/selected_ncct/035.jpg,sub-stroke0076,1
train/LVO/p50_sub-stroke0076/selected_ncct/036.jpg,sub-stroke0076,1
train/LVO/p50_sub-stroke0076/selected_ncct/037.jpg,sub-stroke0076,1
train/LVO/p50_sub-stroke0076/selected_ncct/038.jpg,sub-stroke0076,1
train/LVO/p50_sub-stroke0076/selected_ncct/039.jpg,sub-stroke0076,1
train/LVO/p50_sub-stroke0076/selected_ncct/040.jpg,sub-stroke0076,1
train/LVO/p50_sub-stroke0076/selected_ncct/041.jpg,sub-stroke0076,1
train/LVO/p50_sub-stroke0076/selected_ncct/042.jpg,sub-stroke0076,1
train/LVO/p50_sub-stroke0076/selected_ncct/043.jpg,sub-stroke0076,1
train/LVO/p50_sub-stroke0076/selected_ncct/044.jpg,sub-stroke0076,1
train/LVO/p50_sub-stroke0076/selected_ncct/045.jpg,sub-stroke0076,1
train/LVO/p50_sub-stroke0076/selected_ncct/046.jpg,sub-stroke0076,1
train/LVO/p50_sub-stroke0076/selected_ncct/054.jpg,sub-stroke0076,1
train/LVO/p50_sub-stroke0076/selected_ncct/055.jpg,sub-stroke0076,1
train/LVO/p50_sub-stroke0076/selected_ncct/056.jpg,sub-stroke0076,1
train/LVO/p50_sub-stroke0076/selected_ncct/057.jpg,sub-stroke0076,1
train/LVO/p50_sub-stroke0076/selected_ncct/058.jpg,sub-stroke0076,1
train/LVO/p51_sub-stroke0077/selected_ncct/013.jpg,sub-stroke0077,1
train/LVO/p51_sub-stroke0077/selected_ncct/014.jpg,sub-stroke0077,1
train/LVO/p51_sub-stroke0077/selected_ncct/015.jpg,sub-stroke0077,1
train/LVO/p51_sub-stroke0077/selected_ncct/016.jpg,sub-stroke0077,1
train/LVO/p51_sub-stroke0077/selected_ncct/026.jpg,sub-stroke0077,1
train/LVO/p51_sub-stroke0077/selected_ncct/027.jpg,sub-stroke0077,1
train/LVO/p51_sub-stroke0077/selected_ncct/028.jpg,sub-stroke0077,1
train/LVO/p51_sub-stroke0077/selected_ncct/029.jpg,sub-stroke0077,1
train/LVO/p51_sub-stroke0077/selected_ncct/032.jpg,sub-stroke0077,1
train/LVO/p51_sub-stroke0077/selected_ncct/033.jpg,sub-stroke0077,1
train/LVO/p51_sub-stroke0077/selected_ncct/034.jpg,sub-stroke0077,1
train/LVO/p51_sub-stroke0077/selected_ncct/035.jpg,sub-stroke0077,1
train/LVO/p51_sub-stroke0077/selected_ncct/036.jpg,sub-stroke0077,1
train/LVO/p51_sub-stroke0077/selected_ncct/037.jpg,sub-stroke0077,1
train/LVO/p51_sub-stroke0077/selected_ncct/038.jpg,sub-stroke0077,1
train/LVO/p51_sub-stroke0077/selected_ncct/039.jpg,sub-stroke0077,1
train/LVO/p51_sub-stroke0077/selected_ncct/040.jpg,sub-stroke0077,1
train/LVO/p51_sub-stroke0077/selected_ncct/041.jpg,sub-stroke0077,1
train/LVO/p51_sub-stroke0077/selected_ncct/042.jpg,sub-stroke0077,1
train/LVO/p51_sub-stroke0077/selected_ncct/043.jpg,sub-stroke0077,1
train/LVO/p51_sub-stroke0077/selected_ncct/044.jpg,sub-stroke0077,1
train/LVO/p51_sub-stroke0077/selected_ncct/045.jpg,sub-stroke0077,1
train/LVO/p51_sub-stroke0077/selected_ncct/046.jpg,sub-stroke0077,1
train/LVO/p51_sub-stroke0077/selected_ncct/047.jpg,sub-stroke0077,1
train/LVO/p51_sub-stroke0077/selected_ncct/048.jpg,sub-stroke0077,1
train/LVO/p51_sub-stroke0077/selected_ncct/049.jpg,sub-stroke0077,1
train/LVO/p51_sub-stroke0077/selected_ncct/050.jpg,sub-stroke0077,1
train/LVO/p51_sub-stroke0077/selected_ncct/051.jpg,sub-stroke0077,1
train/LVO/p51_sub-stroke0077/selected_ncct/052.jpg,sub-stroke0077,1
train/LVO/p51_sub-stroke0077/selected_ncct/053.jpg,sub-stroke0077,1
train/LVO/p51_sub-stroke0077/selected_ncct/054.jpg,sub-stroke0077,1
train/LVO/p51_sub-stroke0077/selected_ncct/055.jpg,sub-stroke0077,1
train/LVO/p51_sub-stroke0077/selected_ncct/056.jpg,sub-stroke0077,1
train/LVO/p51_sub-stroke0077/selected_ncct/057.jpg,sub-stroke0077,1
train/LVO/p51_sub-stroke0077/selected_ncct/058.jpg,sub-stroke0077,1
train/LVO/p51_sub-stroke0077/selected_ncct/059.jpg,sub-stroke0077,1
train/LVO/p51_sub-stroke0077/selected_ncct/060.jpg,sub-stroke0077,1
train/LVO/p52_sub-stroke0078/selected_ncct/015.jpg,sub-stroke0078,1
train/LVO/p52_sub-stroke0078/selected_ncct/016.jpg,sub-stroke0078,1
train/LVO/p52_sub-stroke0078/selected_ncct/017.jpg,sub-stroke0078,1
train/LVO/p52_sub-stroke0078/selected_ncct/018.jpg,sub-stroke0078,1
train/LVO/p52_sub-stroke0078/selected_ncct/019.jpg,sub-stroke0078,1
train/LVO/p52_sub-stroke0078/selected_ncct/020.jpg,sub-stroke0078,1
train/LVO/p52_sub-stroke0078/selected_ncct/021.jpg,sub-stroke0078,1
train/LVO/p52_sub-stroke0078/selected_ncct/024.jpg,sub-stroke0078,1
train/LVO/p52_sub-stroke0078/selected_ncct/025.jpg,sub-stroke0078,1
train/LVO/p52_sub-stroke0078/selected_ncct/026.jpg,sub-stroke0078,1
train/LVO/p52_sub-stroke0078/selected_ncct/027.jpg,sub-stroke0078,1
train/LVO/p52_sub-stroke0078/selected_ncct/028.jpg,sub-stroke0078,1
train/LVO/p52_sub-stroke0078/selected_ncct/029.jpg,sub-stroke0078,1
train/LVO/p52_sub-stroke0078/selected_ncct/030.jpg,sub-stroke0078,1
train/LVO/p52_sub-stroke0078/selected_ncct/031.jpg,sub-stroke0078,1
train/LVO/p52_sub-stroke0078/selected_ncct/032.jpg,sub-stroke0078,1
train/LVO/p52_sub-stroke0078/selected_ncct/033.jpg,sub-stroke0078,1
train/LVO/p52_sub-stroke0078/selected_ncct/034.jpg,sub-stroke0078,1
train/LVO/p52_sub-stroke0078/selected_ncct/035.jpg,sub-stroke0078,1
train/LVO/p52_sub-stroke0078/selected_ncct/036.jpg,sub-stroke0078,1
train/LVO/p52_sub-stroke0078/selected_ncct/037.jpg,sub-stroke0078,1
train/LVO/p52_sub-stroke0078/selected_ncct/038.jpg,sub-stroke0078,1
train/LVO/p52_sub-stroke0078/selected_ncct/039.jpg,sub-stroke0078,1
train/LVO/p52_sub-stroke0078/selected_ncct/040.jpg,sub-stroke0078,1
train/LVO/p52_sub-stroke0078/selected_ncct/041.jpg,sub-stroke0078,1
train/LVO/p52_sub-stroke0078/selected_ncct/042.jpg,sub-stroke0078,1
train/LVO/p52_sub-stroke0078/selected_ncct/043.jpg,sub-stroke0078,1
train/LVO/p52_sub-stroke0078/selected_ncct/044.jpg,sub-stroke0078,1
train/LVO/p52_sub-stroke0078/selected_ncct/045.jpg,sub-stroke0078,1
train/LVO/p52_sub-stroke0078/selected_ncct/046.jpg,sub-stroke0078,1
train/LVO/p52_sub-stroke0078/selected_ncct/047.jpg,sub-stroke0078,1
train/LVO/p52_sub-stroke0078/selected_ncct/048.jpg,sub-stroke0078,1
train/LVO/p52_sub-stroke0078/selected_ncct/049.jpg,sub-stroke0078,1
train/LVO/p52_sub-stroke0078/selected_ncct/050.jpg,sub-stroke0078,1
train/LVO/p52_sub-stroke0078/selected_ncct/051.jpg,sub-stroke0078,1
train/LVO/p52_sub-stroke0078/selected_ncct/052.jpg,sub-stroke0078,1
train/LVO/p53_sub-stroke0079/selected_ncct/031.jpg,sub-stroke0079,1
train/LVO/p53_sub-stroke0079/selected_ncct/032.jpg,sub-stroke0079,1
train/LVO/p53_sub-stroke0079/selected_ncct/033.jpg,sub-stroke0079,1
train/LVO/p53_sub-stroke0079/selected_ncct/034.jpg,sub-stroke0079,1
train/LVO/p53_sub-stroke0079/selected_ncct/035.jpg,sub-stroke0079,1
train/LVO/p53_sub-stroke0079/selected_ncct/036.jpg,sub-stroke0079,1
train/LVO/p53_sub-stroke0079/selected_ncct/037.jpg,sub-stroke0079,1
train/LVO/p53_sub-stroke0079/selected_ncct/038.jpg,sub-stroke0079,1
train/LVO/p53_sub-stroke0079/selected_ncct/039.jpg,sub-stroke0079,1
train/LVO/p53_sub-stroke0079/selected_ncct/040.jpg,sub-stroke0079,1
train/LVO/p53_sub-stroke0079/selected_ncct/041.jpg,sub-stroke0079,1
train/LVO/p53_sub-stroke0079/selected_ncct/042.jpg,sub-stroke0079,1
train/LVO/p53_sub-stroke0079/selected_ncct/043.jpg,sub-stroke0079,1
train/LVO/p53_sub-stroke0079/selected_ncct/044.jpg,sub-stroke0079,1
train/LVO/p53_sub-stroke0079/selected_ncct/045.jpg,sub-stroke0079,1
train/LVO/p53_sub-stroke0079/selected_ncct/046.jpg,sub-stroke0079,1
train/LVO/p53_sub-stroke0079/selected_ncct/049.jpg,sub-stroke0079,1
train/LVO/p53_sub-stroke0079/selected_ncct/053.jpg,sub-stroke0079,1
train/LVO/p53_sub-stroke0079/selected_ncct/059.jpg,sub-stroke0079,1
train/LVO/p54_sub-stroke0080/selected_ncct/015.jpg,sub-stroke0080,1
train/LVO/p54_sub-stroke0080/selected_ncct/016.jpg,sub-stroke0080,1
train/LVO/p54_sub-stroke0080/selected_ncct/017.jpg,sub-stroke0080,1
train/LVO/p54_sub-stroke0080/selected_ncct/018.jpg,sub-stroke0080,1
train/LVO/p54_sub-stroke0080/selected_ncct/019.jpg,sub-stroke0080,1
train/LVO/p54_sub-stroke0080/selected_ncct/020.jpg,sub-stroke0080,1
train/LVO/p54_sub-stroke0080/selected_ncct/021.jpg,sub-stroke0080,1
train/LVO/p54_sub-stroke0080/selected_ncct/023.jpg,sub-stroke0080,1
train/LVO/p54_sub-stroke0080/selected_ncct/024.jpg,sub-stroke0080,1
train/LVO/p54_sub-stroke0080/selected_ncct/025.jpg,sub-stroke0080,1
train/LVO/p54_sub-stroke0080/selected_ncct/026.jpg,sub-stroke0080,1
train/LVO/p54_sub-stroke0080/selected_ncct/027.jpg,sub-stroke0080,1
train/LVO/p54_sub-stroke0080/selected_ncct/028.jpg,sub-stroke0080,1
train/LVO/p54_sub-stroke0080/selected_ncct/029.jpg,sub-stroke0080,1
train/LVO/p54_sub-stroke0080/selected_ncct/030.jpg,sub-stroke0080,1
train/LVO/p54_sub-stroke0080/selected_ncct/031.jpg,sub-stroke0080,1
train/LVO/p54_sub-stroke0080/selected_ncct/032.jpg,sub-stroke0080,1
train/LVO/p54_sub-stroke0080/selected_ncct/033.jpg,sub-stroke0080,1
train/LVO/p54_sub-stroke0080/selected_ncct/034.jpg,sub-stroke0080,1
train/LVO/p54_sub-stroke0080/selected_ncct/035.jpg,sub-stroke0080,1
train/LVO/p54_sub-stroke0080/selected_ncct/036.jpg,sub-stroke0080,1
train/LVO/p54_sub-stroke0080/selected_ncct/037.jpg,sub-stroke0080,1
train/LVO/p54_sub-stroke0080/selected_ncct/038.jpg,sub-stroke0080,1
train/LVO/p54_sub-stroke0080/selected_ncct/039.jpg,sub-stroke0080,1
train/LVO/p54_sub-stroke0080/selected_ncct/040.jpg,sub-stroke0080,1
train/LVO/p54_sub-stroke0080/selected_ncct/041.jpg,sub-stroke0080,1
train/LVO/p54_sub-stroke0080/selected_ncct/042.jpg,sub-stroke0080,1
train/LVO/p54_sub-stroke0080/selected_ncct/043.jpg,sub-stroke0080,1
train/LVO/p54_sub-stroke0080/selected_ncct/044.jpg,sub-stroke0080,1
train/LVO/p54_sub-stroke0080/selected_ncct/045.jpg,sub-stroke0080,1
train/LVO/p54_sub-stroke0080/selected_ncct/046.jpg,sub-stroke0080,1
train/LVO/p54_sub-stroke0080/selected_ncct/047.jpg,sub-stroke0080,1
train/LVO/p54_sub-stroke0080/selected_ncct/048.jpg,sub-stroke0080,1
train/LVO/p54_sub-stroke0080/selected_ncct/049.jpg,sub-stroke0080,1
train/LVO/p54_sub-stroke0080/selected_ncct/050.jpg,sub-stroke0080,1
train/LVO/p54_sub-stroke0080/selected_ncct/051.jpg,sub-stroke0080,1
train/LVO/p54_sub-stroke0080/selected_ncct/052.jpg,sub-stroke0080,1
train/LVO/p54_sub-stroke0080/selected_ncct/053.jpg,sub-stroke0080,1
train/LVO/p54_sub-stroke0080/selected_ncct/054.jpg,sub-stroke0080,1
train/LVO/p54_sub-stroke0080/selected_ncct/055.jpg,sub-stroke0080,1
train/LVO/p54_sub-stroke0080/selected_ncct/056.jpg,sub-stroke0080,1
train/LVO/p54_sub-stroke0080/selected_ncct/057.jpg,sub-stroke0080,1
train/LVO/p54_sub-stroke0080/selected_ncct/058.jpg,sub-stroke0080,1
train/LVO/p54_sub-stroke0080/selected_ncct/059.jpg,sub-stroke0080,1
train/LVO/p54_sub-stroke0080/selected_ncct/060.jpg,sub-stroke0080,1
train/LVO/p54_sub-stroke0080/selected_ncct/061.jpg,sub-stroke0080,1
train/LVO/p54_sub-stroke0080/selected_ncct/062.jpg,sub-stroke0080,1
train/LVO/p54_sub-stroke0080/selected_ncct/063.jpg,sub-stroke0080,1
train/LVO/p56_sub-stroke0082/selected_ncct/008.jpg,sub-stroke0082,1
train/LVO/p56_sub-stroke0082/selected_ncct/009.jpg,sub-stroke0082,1
train/LVO/p56_sub-stroke0082/selected_ncct/010.jpg,sub-stroke0082,1
train/LVO/p56_sub-stroke0082/selected_ncct/011.jpg,sub-stroke0082,1
train/LVO/p56_sub-stroke0082/selected_ncct/012.jpg,sub-stroke0082,1
train/LVO/p56_sub-stroke0082/selected_ncct/013.jpg,sub-stroke0082,1
train/LVO/p56_sub-stroke0082/selected_ncct/014.jpg,sub-stroke0082,1
train/LVO/p56_sub-stroke0082/selected_ncct/015.jpg,sub-stroke0082,1
train/LVO/p56_sub-stroke0082/selected_ncct/016.jpg,sub-stroke0082,1
train/LVO/p56_sub-stroke0082/selected_ncct/017.jpg,sub-stroke0082,1
train/LVO/p56_sub-stroke0082/selected_ncct/018.jpg,sub-stroke0082,1
train/LVO/p56_sub-stroke0082/selected_ncct/020.jpg,sub-stroke0082,1
train/LVO/p56_sub-stroke0082/selected_ncct/021.jpg,sub-stroke0082,1
train/LVO/p56_sub-stroke0082/selected_ncct/022.jpg,sub-stroke0082,1
train/LVO/p56_sub-stroke0082/selected_ncct/023.jpg,sub-stroke0082,1
train/LVO/p56_sub-stroke0082/selected_ncct/024.jpg,sub-stroke0082,1
train/LVO/p56_sub-stroke0082/selected_ncct/025.jpg,sub-stroke0082,1
train/LVO/p56_sub-stroke0082/selected_ncct/026.jpg,sub-stroke0082,1
train/LVO/p56_sub-stroke0082/selected_ncct/027.jpg,sub-stroke0082,1
train/LVO/p56_sub-stroke0082/selected_ncct/028.jpg,sub-stroke0082,1
train/LVO/p56_sub-stroke0082/selected_ncct/029.jpg,sub-stroke0082,1
train/LVO/p56_sub-stroke0082/selected_ncct/030.jpg,sub-stroke0082,1
train/LVO/p56_sub-stroke0082/selected_ncct/031.jpg,sub-stroke0082,1
train/LVO/p56_sub-stroke0082/selected_ncct/032.jpg,sub-stroke0082,1
train/LVO/p56_sub-stroke0082/selected_ncct/033.jpg,sub-stroke0082,1
train/LVO/p56_sub-stroke0082/selected_ncct/034.jpg,sub-stroke0082,1
train/LVO/p56_sub-stroke0082/selected_ncct/035.jpg,sub-stroke0082,1
train/LVO/p56_sub-stroke0082/selected_ncct/036.jpg,sub-stroke0082,1
train/LVO/p56_sub-stroke0082/selected_ncct/037.jpg,sub-stroke0082,1
train/LVO/p56_sub-stroke0082/selected_ncct/038.jpg,sub-stroke0082,1
train/LVO/p56_sub-stroke0082/selected_ncct/039.jpg,sub-stroke0082,1
train/LVO/p56_sub-stroke0082/selected_ncct/040.jpg,sub-stroke0082,1
train/LVO/p56_sub-stroke0082/selected_ncct/041.jpg,sub-stroke0082,1
train/LVO/p56_sub-stroke0082/selected_ncct/042.jpg,sub-stroke0082,1
train/LVO/p56_sub-stroke0082/selected_ncct/043.jpg,sub-stroke0082,1
train/LVO/p56_sub-stroke0082/selected_ncct/044.jpg,sub-stroke0082,1
train/LVO/p56_sub-stroke0082/selected_ncct/045.jpg,sub-stroke0082,1
train/LVO/p56_sub-stroke0082/selected_ncct/046.jpg,sub-stroke0082,1
train/LVO/p56_sub-stroke0082/selected_ncct/047.jpg,sub-stroke0082,1
train/LVO/p56_sub-stroke0082/selected_ncct/048.jpg,sub-stroke0082,1
train/LVO/p56_sub-stroke0082/selected_ncct/049.jpg,sub-stroke0082,1
train/LVO/p56_sub-stroke0082/selected_ncct/050.jpg,sub-stroke0082,1
train/LVO/p56_sub-stroke0082/selected_ncct/051.jpg,sub-stroke0082,1
train/LVO/p56_sub-stroke0082/selected_ncct/052.jpg,sub-stroke0082,1
train/LVO/p56_sub-stroke0082/selected_ncct/053.jpg,sub-stroke0082,1
train/LVO/p56_sub-stroke0082/selected_ncct/054.jpg,sub-stroke0082,1
train/LVO/p58_sub-stroke0084/selected_ncct/023.jpg,sub-stroke0084,1
train/LVO/p58_sub-stroke0084/selected_ncct/024.jpg,sub-stroke0084,1
train/LVO/p58_sub-stroke0084/selected_ncct/037.jpg,sub-stroke0084,1
train/LVO/p58_sub-stroke0084/selected_ncct/038.jpg,sub-stroke0084,1
train/LVO/p58_sub-stroke0084/selected_ncct/039.jpg,sub-stroke0084,1
train/LVO/p58_sub-stroke0084/selected_ncct/040.jpg,sub-stroke0084,1
train/LVO/p58_sub-stroke0084/selected_ncct/041.jpg,sub-stroke0084,1
train/LVO/p58_sub-stroke0084/selected_ncct/042.jpg,sub-stroke0084,1
train/LVO/p58_sub-stroke0084/selected_ncct/043.jpg,sub-stroke0084,1
train/LVO/p58_sub-stroke0084/selected_ncct/044.jpg,sub-stroke0084,1
train/LVO/p58_sub-stroke0084/selected_ncct/045.jpg,sub-stroke0084,1
train/LVO/p58_sub-stroke0084/selected_ncct/046.jpg,sub-stroke0084,1
train/LVO/p59_sub-stroke0085/selected_ncct/029.jpg,sub-stroke0085,1
train/LVO/p59_sub-stroke0085/selected_ncct/030.jpg,sub-stroke0085,1
train/LVO/p59_sub-stroke0085/selected_ncct/031.jpg,sub-stroke0085,1
train/LVO/p59_sub-stroke0085/selected_ncct/032.jpg,sub-stroke0085,1
train/LVO/p59_sub-stroke0085/selected_ncct/033.jpg,sub-stroke0085,1
train/LVO/p59_sub-stroke0085/selected_ncct/034.jpg,sub-stroke0085,1
train/LVO/p59_sub-stroke0085/selected_ncct/035.jpg,sub-stroke0085,1
train/LVO/p59_sub-stroke0085/selected_ncct/036.jpg,sub-stroke0085,1
train/LVO/p59_sub-stroke0085/selected_ncct/037.jpg,sub-stroke0085,1
train/LVO/p59_sub-stroke0085/selected_ncct/039.jpg,sub-stroke0085,1
train/LVO/p59_sub-stroke0085/selected_ncct/040.jpg,sub-stroke0085,1
train/LVO/p59_sub-stroke0085/selected_ncct/041.jpg,sub-stroke0085,1
train/LVO/p59_sub-stroke0085/selected_ncct/042.jpg,sub-stroke0085,1
train/LVO/p59_sub-stroke0085/selected_ncct/043.jpg,sub-stroke0085,1
train/LVO/p59_sub-stroke0085/selected_ncct/044.jpg,sub-stroke0085,1
train/LVO/p59_sub-stroke0085/selected_ncct/045.jpg,sub-stroke0085,1
train/LVO/p59_sub-stroke0085/selected_ncct/046.jpg,sub-stroke0085,1
train/LVO/p59_sub-stroke0085/selected_ncct/047.jpg,sub-stroke0085,1
train/LVO/p59_sub-stroke0085/selected_ncct/048.jpg,sub-stroke0085,1
train/LVO/p59_sub-stroke0085/selected_ncct/049.jpg,sub-stroke0085,1
train/LVO/p59_sub-stroke0085/selected_ncct/050.jpg,sub-stroke0085,1
train/LVO/p59_sub-stroke0085/selected_ncct/051.jpg,sub-stroke0085,1
train/LVO/p59_sub-stroke0085/selected_ncct/052.jpg,sub-stroke0085,1
train/LVO/p59_sub-stroke0085/selected_ncct/053.jpg,sub-stroke0085,1
train/LVO/p59_sub-stroke0085/selected_ncct/054.jpg,sub-stroke0085,1
train/LVO/p59_sub-stroke0085/selected_ncct/055.jpg,sub-stroke0085,1
train/LVO/p59_sub-stroke0085/selected_ncct/056.jpg,sub-stroke0085,1
train/LVO/p59_sub-stroke0085/selected_ncct/057.jpg,sub-stroke0085,1
train/LVO/p59_sub-stroke0085/selected_ncct/058.jpg,sub-stroke0085,1
train/LVO/p59_sub-stroke0085/selected_ncct/059.jpg,sub-stroke0085,1
train/LVO/p59_sub-stroke0085/selected_ncct/060.jpg,sub-stroke0085,1
train/LVO/p59_sub-stroke0085/selected_ncct/063.jpg,sub-stroke0085,1
train/LVO/p59_sub-stroke0085/selected_ncct/064.jpg,sub-stroke0085,1
train/LVO/p59_sub-stroke0085/selected_ncct/065.jpg,sub-stroke0085,1
train/LVO/p5_sub-stroke0005/selected_ncct/002.jpg,sub-stroke0005,1
train/LVO/p5_sub-stroke0005/selected_ncct/003.jpg,sub-stroke0005,1
train/LVO/p5_sub-stroke0005/selected_ncct/004.jpg,sub-stroke0005,1
train/LVO/p5_sub-stroke0005/selected_ncct/005.jpg,sub-stroke0005,1
train/LVO/p5_sub-stroke0005/selected_ncct/006.jpg,sub-stroke0005,1
train/LVO/p5_sub-stroke0005/selected_ncct/007.jpg,sub-stroke0005,1
train/LVO/p5_sub-stroke0005/selected_ncct/008.jpg,sub-stroke0005,1
train/LVO/p5_sub-stroke0005/selected_ncct/009.jpg,sub-stroke0005,1
train/LVO/p5_sub-stroke0005/selected_ncct/010.jpg,sub-stroke0005,1
train/LVO/p5_sub-stroke0005/selected_ncct/011.jpg,sub-stroke0005,1
train/LVO/p5_sub-stroke0005/selected_ncct/012.jpg,sub-stroke0005,1
train/LVO/p5_sub-stroke0005/selected_ncct/013.jpg,sub-stroke0005,1
train/LVO/p5_sub-stroke0005/selected_ncct/014.jpg,sub-stroke0005,1
train/LVO/p5_sub-stroke0005/selected_ncct/015.jpg,sub-stroke0005,1
train/LVO/p5_sub-stroke0005/selected_ncct/017.jpg,sub-stroke0005,1
train/LVO/p5_sub-stroke0005/selected_ncct/018.jpg,sub-stroke0005,1
train/LVO/p5_sub-stroke0005/selected_ncct/019.jpg,sub-stroke0005,1
train/LVO/p5_sub-stroke0005/selected_ncct/020.jpg,sub-stroke0005,1
train/LVO/p5_sub-stroke0005/selected_ncct/021.jpg,sub-stroke0005,1
train/LVO/p5_sub-stroke0005/selected_ncct/022.jpg,sub-stroke0005,1
train/LVO/p5_sub-stroke0005/selected_ncct/023.jpg,sub-stroke0005,1
train/LVO/p5_sub-stroke0005/selected_ncct/024.jpg,sub-stroke0005,1
train/LVO/p5_sub-stroke0005/selected_ncct/025.jpg,sub-stroke0005,1
train/LVO/p5_sub-stroke0005/selected_ncct/026.jpg,sub-stroke0005,1
train/LVO/p5_sub-stroke0005/selected_ncct/027.jpg,sub-stroke0005,1
train/LVO/p5_sub-stroke0005/selected_ncct/028.jpg,sub-stroke0005,1
train/LVO/p5_sub-stroke0005/selected_ncct/029.jpg,sub-stroke0005,1
train/LVO/p5_sub-stroke0005/selected_ncct/030.jpg,sub-stroke0005,1
train/LVO/p5_sub-stroke0005/selected_ncct/031.jpg,sub-stroke0005,1
train/LVO/p5_sub-stroke0005/selected_ncct/032.jpg,sub-stroke0005,1
train/LVO/p5_sub-stroke0005/selected_ncct/033.jpg,sub-stroke0005,1
train/LVO/p5_sub-stroke0005/selected_ncct/034.jpg,sub-stroke0005,1
train/LVO/p5_sub-stroke0005/selected_ncct/035.jpg,sub-stroke0005,1
train/LVO/p5_sub-stroke0005/selected_ncct/036.jpg,sub-stroke0005,1
train/LVO/p5_sub-stroke0005/selected_ncct/037.jpg,sub-stroke0005,1
train/LVO/p5_sub-stroke0005/selected_ncct/038.jpg,sub-stroke0005,1
train/LVO/p5_sub-stroke0005/selected_ncct/039.jpg,sub-stroke0005,1
train/LVO/p5_sub-stroke0005/selected_ncct/040.jpg,sub-stroke0005,1
train/LVO/p5_sub-stroke0005/selected_ncct/041.jpg,sub-stroke0005,1
train/LVO/p5_sub-stroke0005/selected_ncct/042.jpg,sub-stroke0005,1
train/LVO/p5_sub-stroke0005/selected_ncct/043.jpg,sub-stroke0005,1
train/LVO/p5_sub-stroke0005/selected_ncct/044.jpg,sub-stroke0005,1
train/LVO/p5_sub-stroke0005/selected_ncct/045.jpg,sub-stroke0005,1
train/LVO/p5_sub-stroke0005/selected_ncct/046.jpg,sub-stroke0005,1
train/LVO/p5_sub-stroke0005/selected_ncct/047.jpg,sub-stroke0005,1
train/LVO/p5_sub-stroke0005/selected_ncct/048.jpg,sub-stroke0005,1
train/LVO/p5_sub-stroke0005/selected_ncct/049.jpg,sub-stroke0005,1
train/LVO/p5_sub-stroke0005/selected_ncct/050.jpg,sub-stroke0005,1
train/LVO/p5_sub-stroke0005/selected_ncct/051.jpg,sub-stroke0005,1
train/LVO/p5_sub-stroke0005/selected_ncct/052.jpg,sub-stroke0005,1
train/LVO/p60_sub-stroke0086/selected_ncct/028.jpg,sub-stroke0086,1
train/LVO/p60_sub-stroke0086/selected_ncct/029.jpg,sub-stroke0086,1
train/LVO/p60_sub-stroke0086/selected_ncct/030.jpg,sub-stroke0086,1
train/LVO/p60_sub-stroke0086/selected_ncct/031.jpg,sub-stroke0086,1
train/LVO/p60_sub-stroke0086/selected_ncct/032.jpg,sub-stroke0086,1
train/LVO/p60_sub-stroke0086/selected_ncct/039.jpg,sub-stroke0086,1
train/LVO/p60_sub-stroke0086/selected_ncct/040.jpg,sub-stroke0086,1
train/LVO/p60_sub-stroke0086/selected_ncct/041.jpg,sub-stroke0086,1
train/LVO/p60_sub-stroke0086/selected_ncct/048.jpg,sub-stroke0086,1
train/LVO/p60_sub-stroke0086/selected_ncct/049.jpg,sub-stroke0086,1
train/LVO/p61_sub-stroke0087/selected_ncct/023.jpg,sub-stroke0087,1
train/LVO/p61_sub-stroke0087/selected_ncct/024.jpg,sub-stroke0087,1
train/LVO/p61_sub-stroke0087/selected_ncct/025.jpg,sub-stroke0087,1
train/LVO/p61_sub-stroke0087/selected_ncct/026.jpg,sub-stroke0087,1
train/LVO/p61_sub-stroke0087/selected_ncct/027.jpg,sub-stroke0087,1
train/LVO/p61_sub-stroke0087/selected_ncct/028.jpg,sub-stroke0087,1
train/LVO/p61_sub-stroke0087/selected_ncct/029.jpg,sub-stroke0087,1
train/LVO/p61_sub-stroke0087/selected_ncct/030.jpg,sub-stroke0087,1
train/LVO/p61_sub-stroke0087/selected_ncct/031.jpg,sub-stroke0087,1
train/LVO/p61_sub-stroke0087/selected_ncct/032.jpg,sub-stroke0087,1
train/LVO/p61_sub-stroke0087/selected_ncct/033.jpg,sub-stroke0087,1
train/LVO/p61_sub-stroke0087/selected_ncct/034.jpg,sub-stroke0087,1
train/LVO/p61_sub-stroke0087/selected_ncct/035.jpg,sub-stroke0087,1
train/LVO/p61_sub-stroke0087/selected_ncct/036.jpg,sub-stroke0087,1
train/LVO/p61_sub-stroke0087/selected_ncct/037.jpg,sub-stroke0087,1
train/LVO/p61_sub-stroke0087/selected_ncct/038.jpg,sub-stroke0087,1
train/LVO/p61_sub-stroke0087/selected_ncct/039.jpg,sub-stroke0087,1
train/LVO/p61_sub-stroke0087/selected_ncct/040.jpg,sub-stroke0087,1
train/LVO/p61_sub-stroke0087/selected_ncct/042.jpg,sub-stroke0087,1
train/LVO/p61_sub-stroke0087/selected_ncct/043.jpg,sub-stroke0087,1
train/LVO/p62_sub-stroke0088/selected_ncct/011.jpg,sub-stroke0088,1
train/LVO/p62_sub-stroke0088/selected_ncct/012.jpg,sub-stroke0088,1
train/LVO/p62_sub-stroke0088/selected_ncct/027.jpg,sub-stroke0088,1
train/LVO/p62_sub-stroke0088/selected_ncct/028.jpg,sub-stroke0088,1
train/LVO/p62_sub-stroke0088/selected_ncct/029.jpg,sub-stroke0088,1
train/LVO/p62_sub-stroke0088/selected_ncct/030.jpg,sub-stroke0088,1
train/LVO/p62_sub-stroke0088/selected_ncct/031.jpg,sub-stroke0088,1
train/LVO/p62_sub-stroke0088/selected_ncct/032.jpg,sub-stroke0088,1
train/LVO/p62_sub-stroke0088/selected_ncct/033.jpg,sub-stroke0088,1
train/LVO/p62_sub-stroke0088/selected_ncct/034.jpg,sub-stroke0088,1
train/LVO/p62_sub-stroke0088/selected_ncct/035.jpg,sub-stroke0088,1
train/LVO/p62_sub-stroke0088/selected_ncct/036.jpg,sub-stroke0088,1
train/LVO/p62_sub-stroke0088/selected_ncct/037.jpg,sub-stroke0088,1
train/LVO/p62_sub-stroke0088/selected_ncct/038.jpg,sub-stroke0088,1
train/LVO/p62_sub-stroke0088/selected_ncct/039.jpg,sub-stroke0088,1
train/LVO/p62_sub-stroke0088/selected_ncct/040.jpg,sub-stroke0088,1
train/LVO/p62_sub-stroke0088/selected_ncct/041.jpg,sub-stroke0088,1
train/LVO/p62_sub-stroke0088/selected_ncct/042.jpg,sub-stroke0088,1
train/LVO/p62_sub-stroke0088/selected_ncct/043.jpg,sub-stroke0088,1
train/LVO/p62_sub-stroke0088/selected_ncct/044.jpg,sub-stroke0088,1
train/LVO/p62_sub-stroke0088/selected_ncct/045.jpg,sub-stroke0088,1
train/LVO/p62_sub-stroke0088/selected_ncct/046.jpg,sub-stroke0088,1
train/LVO/p62_sub-stroke0088/selected_ncct/047.jpg,sub-stroke0088,1
train/LVO/p62_sub-stroke0088/selected_ncct/048.jpg,sub-stroke0088,1
train/LVO/p62_sub-stroke0088/selected_ncct/049.jpg,sub-stroke0088,1
train/LVO/p62_sub-stroke0088/selected_ncct/050.jpg,sub-stroke0088,1
train/LVO/p62_sub-stroke0088/selected_ncct/051.jpg,sub-stroke0088,1
train/LVO/p62_sub-stroke0088/selected_ncct/052.jpg,sub-stroke0088,1
train/LVO/p62_sub-stroke0088/selected_ncct/053.jpg,sub-stroke0088,1
train/LVO/p62_sub-stroke0088/selected_ncct/054.jpg,sub-stroke0088,1
train/LVO/p62_sub-stroke0088/selected_ncct/055.jpg,sub-stroke0088,1
train/LVO/p62_sub-stroke0088/selected_ncct/056.jpg,sub-stroke0088,1
train/LVO/p62_sub-stroke0088/selected_ncct/057.jpg,sub-stroke0088,1
train/LVO/p62_sub-stroke0088/selected_ncct/058.jpg,sub-stroke0088,1
train/LVO/p62_sub-stroke0088/selected_ncct/059.jpg,sub-stroke0088,1
train/LVO/p62_sub-stroke0088/selected_ncct/060.jpg,sub-stroke0088,1
train/LVO/p62_sub-stroke0088/selected_ncct/061.jpg,sub-stroke0088,1
train/LVO/p62_sub-stroke0088/selected_ncct/062.jpg,sub-stroke0088,1
train/LVO/p62_sub-stroke0088/selected_ncct/063.jpg,sub-stroke0088,1
train/LVO/p64_sub-stroke0090/selected_ncct/014.jpg,sub-stroke0090,1
train/LVO/p64_sub-stroke0090/selected_ncct/015.jpg,sub-stroke0090,1
train/LVO/p64_sub-stroke0090/selected_ncct/016.jpg,sub-stroke0090,1
train/LVO/p64_sub-stroke0090/selected_ncct/017.jpg,sub-stroke0090,1
train/LVO/p64_sub-stroke0090/selected_ncct/018.jpg,sub-stroke0090,1
train/LVO/p64_sub-stroke0090/selected_ncct/019.jpg,sub-stroke0090,1
train/LVO/p64_sub-stroke0090/selected_ncct/021.jpg,sub-stroke0090,1
train/LVO/p64_sub-stroke0090/selected_ncct/022.jpg,sub-stroke0090,1
train/LVO/p64_sub-stroke0090/selected_ncct/023.jpg,sub-stroke0090,1
train/LVO/p64_sub-stroke0090/selected_ncct/024.jpg,sub-stroke0090,1
train/LVO/p64_sub-stroke0090/selected_ncct/025.jpg,sub-stroke0090,1
train/LVO/p64_sub-stroke0090/selected_ncct/026.jpg,sub-stroke0090,1
train/LVO/p64_sub-stroke0090/selected_ncct/027.jpg,sub-stroke0090,1
train/LVO/p64_sub-stroke0090/selected_ncct/028.jpg,sub-stroke0090,1
train/LVO/p64_sub-stroke0090/selected_ncct/029.jpg,sub-stroke0090,1
train/LVO/p64_sub-stroke0090/selected_ncct/030.jpg,sub-stroke0090,1
train/LVO/p64_sub-stroke0090/selected_ncct/031.jpg,sub-stroke0090,1
train/LVO/p64_sub-stroke0090/selected_ncct/032.jpg,sub-stroke0090,1
train/LVO/p64_sub-stroke0090/selected_ncct/033.jpg,sub-stroke0090,1
train/LVO/p64_sub-stroke0090/selected_ncct/034.jpg,sub-stroke0090,1
train/LVO/p64_sub-stroke0090/selected_ncct/035.jpg,sub-stroke0090,1
train/LVO/p64_sub-stroke0090/selected_ncct/036.jpg,sub-stroke0090,1
train/LVO/p64_sub-stroke0090/selected_ncct/037.jpg,sub-stroke0090,1
train/LVO/p64_sub-stroke0090/selected_ncct/038.jpg,sub-stroke0090,1
train/LVO/p64_sub-stroke0090/selected_ncct/039.jpg,sub-stroke0090,1
train/LVO/p64_sub-stroke0090/selected_ncct/040.jpg,sub-stroke0090,1
train/LVO/p64_sub-stroke0090/selected_ncct/041.jpg,sub-stroke0090,1
train/LVO/p64_sub-stroke0090/selected_ncct/042.jpg,sub-stroke0090,1
train/LVO/p64_sub-stroke0090/selected_ncct/043.jpg,sub-stroke0090,1
train/LVO/p64_sub-stroke0090/selected_ncct/044.jpg,sub-stroke0090,1
train/LVO/p64_sub-stroke0090/selected_ncct/045.jpg,sub-stroke0090,1
train/LVO/p64_sub-stroke0090/selected_ncct/046.jpg,sub-stroke0090,1
train/LVO/p64_sub-stroke0090/selected_ncct/047.jpg,sub-stroke0090,1
train/LVO/p64_sub-stroke0090/selected_ncct/048.jpg,sub-stroke0090,1
train/LVO/p64_sub-stroke0090/selected_ncct/049.jpg,sub-stroke0090,1
train/LVO/p64_sub-stroke0090/selected_ncct/050.jpg,sub-stroke0090,1
train/LVO/p64_sub-stroke0090/selected_ncct/051.jpg,sub-stroke0090,1
train/LVO/p64_sub-stroke0090/selected_ncct/052.jpg,sub-stroke0090,1
train/LVO/p64_sub-stroke0090/selected_ncct/053.jpg,sub-stroke0090,1
train/LVO/p64_sub-stroke0090/selected_ncct/054.jpg,sub-stroke0090,1
train/LVO/p64_sub-stroke0090/selected_ncct/055.jpg,sub-stroke0090,1
train/LVO/p64_sub-stroke0090/selected_ncct/056.jpg,sub-stroke0090,1
train/LVO/p64_sub-stroke0090/selected_ncct/057.jpg,sub-stroke0090,1
train/LVO/p65_sub-stroke0091/selected_ncct/037.jpg,sub-stroke0091,1
train/LVO/p65_sub-stroke0091/selected_ncct/038.jpg,sub-stroke0091,1
train/LVO/p65_sub-stroke0091/selected_ncct/039.jpg,sub-stroke0091,1
train/LVO/p65_sub-stroke0091/selected_ncct/040.jpg,sub-stroke0091,1
train/LVO/p65_sub-stroke0091/selected_ncct/041.jpg,sub-stroke0091,1
train/LVO/p65_sub-stroke0091/selected_ncct/042.jpg,sub-stroke0091,1
train/LVO/p65_sub-stroke0091/selected_ncct/043.jpg,sub-stroke0091,1
train/LVO/p65_sub-stroke0091/selected_ncct/044.jpg,sub-stroke0091,1
train/LVO/p65_sub-stroke0091/selected_ncct/045.jpg,sub-stroke0091,1
train/LVO/p65_sub-stroke0091/selected_ncct/046.jpg,sub-stroke0091,1
train/LVO/p65_sub-stroke0091/selected_ncct/047.jpg,sub-stroke0091,1
train/LVO/p65_sub-stroke0091/selected_ncct/048.jpg,sub-stroke0091,1
train/LVO/p66_sub-stroke0092/selected_ncct/014.jpg,sub-stroke0092,1
train/LVO/p66_sub-stroke0092/selected_ncct/021.jpg,sub-stroke0092,1
train/LVO/p66_sub-stroke0092/selected_ncct/022.jpg,sub-stroke0092,1
train/LVO/p66_sub-stroke0092/selected_ncct/023.jpg,sub-stroke0092,1
train/LVO/p66_sub-stroke0092/selected_ncct/026.jpg,sub-stroke0092,1
train/LVO/p66_sub-stroke0092/selected_ncct/027.jpg,sub-stroke0092,1
train/LVO/p66_sub-stroke0092/selected_ncct/028.jpg,sub-stroke0092,1
train/LVO/p66_sub-stroke0092/selected_ncct/029.jpg,sub-stroke0092,1
train/LVO/p66_sub-stroke0092/selected_ncct/030.jpg,sub-stroke0092,1
train/LVO/p66_sub-stroke0092/selected_ncct/031.jpg,sub-stroke0092,1
train/LVO/p66_sub-stroke0092/selected_ncct/032.jpg,sub-stroke0092,1
train/LVO/p66_sub-stroke0092/selected_ncct/033.jpg,sub-stroke0092,1
train/LVO/p66_sub-stroke0092/selected_ncct/035.jpg,sub-stroke0092,1
train/LVO/p66_sub-stroke0092/selected_ncct/036.jpg,sub-stroke0092,1
train/LVO/p66_sub-stroke0092/selected_ncct/037.jpg,sub-stroke0092,1
train/LVO/p66_sub-stroke0092/selected_ncct/038.jpg,sub-stroke0092,1
train/LVO/p66_sub-stroke0092/selected_ncct/039.jpg,sub-stroke0092,1
train/LVO/p66_sub-stroke0092/selected_ncct/040.jpg,sub-stroke0092,1
train/LVO/p66_sub-stroke0092/selected_ncct/041.jpg,sub-stroke0092,1
train/LVO/p66_sub-stroke0092/selected_ncct/042.jpg,sub-stroke0092,1
train/LVO/p66_sub-stroke0092/selected_ncct/044.jpg,sub-stroke0092,1
train/LVO/p66_sub-stroke0092/selected_ncct/045.jpg,sub-stroke0092,1
train/LVO/p66_sub-stroke0092/selected_ncct/046.jpg,sub-stroke0092,1
train/LVO/p66_sub-stroke0092/selected_ncct/047.jpg,sub-stroke0092,1
train/LVO/p66_sub-stroke0092/selected_ncct/048.jpg,sub-stroke0092,1
train/LVO/p66_sub-stroke0092/selected_ncct/059.jpg,sub-stroke0092,1
train/LVO/p67_sub-stroke0093/selected_ncct/008.jpg,sub-stroke0093,1
train/LVO/p67_sub-stroke0093/selected_ncct/009.jpg,sub-stroke0093,1
train/LVO/p67_sub-stroke0093/selected_ncct/010.jpg,sub-stroke0093,1
train/LVO/p67_sub-stroke0093/selected_ncct/011.jpg,sub-stroke0093,1
train/LVO/p67_sub-stroke0093/selected_ncct/012.jpg,sub-stroke0093,1
train/LVO/p67_sub-stroke0093/selected_ncct/013.jpg,sub-stroke0093,1
train/LVO/p67_sub-stroke0093/selected_ncct/015.jpg,sub-stroke0093,1
train/LVO/p67_sub-stroke0093/selected_ncct/016.jpg,sub-stroke0093,1
train/LVO/p67_sub-stroke0093/selected_ncct/017.jpg,sub-stroke0093,1
train/LVO/p67_sub-stroke0093/selected_ncct/018.jpg,sub-stroke0093,1
train/LVO/p67_sub-stroke0093/selected_ncct/019.jpg,sub-stroke0093,1
train/LVO/p67_sub-stroke0093/selected_ncct/020.jpg,sub-stroke0093,1
train/LVO/p67_sub-stroke0093/selected_ncct/021.jpg,sub-stroke0093,1
train/LVO/p67_sub-stroke0093/selected_ncct/022.jpg,sub-stroke0093,1
train/LVO/p67_sub-stroke0093/selected_ncct/023.jpg,sub-stroke0093,1
train/LVO/p67_sub-stroke0093/selected_ncct/024.jpg,sub-stroke0093,1
train/LVO/p67_sub-stroke0093/selected_ncct/025.jpg,sub-stroke0093,1
train/LVO/p67_sub-stroke0093/selected_ncct/026.jpg,sub-stroke0093,1
train/LVO/p67_sub-stroke0093/selected_ncct/027.jpg,sub-stroke0093,1
train/LVO/p67_sub-stroke0093/selected_ncct/028.jpg,sub-stroke0093,1
train/LVO/p67_sub-stroke0093/selected_ncct/029.jpg,sub-stroke0093,1
train/LVO/p67_sub-stroke0093/selected_ncct/030.jpg,sub-stroke0093,1
train/LVO/p67_sub-stroke0093/selected_ncct/031.jpg,sub-stroke0093,1
train/LVO/p67_sub-stroke0093/selected_ncct/032.jpg,sub-stroke0093,1
train/LVO/p67_sub-stroke0093/selected_ncct/033.jpg,sub-stroke0093,1
train/LVO/p67_sub-stroke0093/selected_ncct/034.jpg,sub-stroke0093,1
train/LVO/p67_sub-stroke0093/selected_ncct/035.jpg,sub-stroke0093,1
train/LVO/p67_sub-stroke0093/selected_ncct/036.jpg,sub-stroke0093,1
train/LVO/p67_sub-stroke0093/selected_ncct/037.jpg,sub-stroke0093,1
train/LVO/p67_sub-stroke0093/selected_ncct/044.jpg,sub-stroke0093,1
train/LVO/p67_sub-stroke0093/selected_ncct/045.jpg,sub-stroke0093,1
train/LVO/p67_sub-stroke0093/selected_ncct/046.jpg,sub-stroke0093,1
train/LVO/p67_sub-stroke0093/selected_ncct/047.jpg,sub-stroke0093,1
train/LVO/p67_sub-stroke0093/selected_ncct/048.jpg,sub-stroke0093,1
train/LVO/p67_sub-stroke0093/selected_ncct/049.jpg,sub-stroke0093,1
train/LVO/p67_sub-stroke0093/selected_ncct/050.jpg,sub-stroke0093,1
train/LVO/p67_sub-stroke0093/selected_ncct/051.jpg,sub-stroke0093,1
train/LVO/p67_sub-stroke0093/selected_ncct/053.jpg,sub-stroke0093,1
train/LVO/p69_sub-stroke0095/selected_ncct/018.jpg,sub-stroke0095,1
train/LVO/p69_sub-stroke0095/selected_ncct/019.jpg,sub-stroke0095,1
train/LVO/p69_sub-stroke0095/selected_ncct/020.jpg,sub-stroke0095,1
train/LVO/p69_sub-stroke0095/selected_ncct/021.jpg,sub-stroke0095,1
train/LVO/p69_sub-stroke0095/selected_ncct/023.jpg,sub-stroke0095,1
train/LVO/p69_sub-stroke0095/selected_ncct/024.jpg,sub-stroke0095,1
train/LVO/p69_sub-stroke0095/selected_ncct/025.jpg,sub-stroke0095,1
train/LVO/p69_sub-stroke0095/selected_ncct/026.jpg,sub-stroke0095,1
train/LVO/p69_sub-stroke0095/selected_ncct/027.jpg,sub-stroke0095,1
train/LVO/p69_sub-stroke0095/selected_ncct/028.jpg,sub-stroke0095,1
train/LVO/p69_sub-stroke0095/selected_ncct/029.jpg,sub-stroke0095,1
train/LVO/p69_sub-stroke0095/selected_ncct/030.jpg,sub-stroke0095,1
train/LVO/p69_sub-stroke0095/selected_ncct/031.jpg,sub-stroke0095,1
train/LVO/p69_sub-stroke0095/selected_ncct/032.jpg,sub-stroke0095,1
train/LVO/p69_sub-stroke0095/selected_ncct/033.jpg,sub-stroke0095,1
train/LVO/p69_sub-stroke0095/selected_ncct/034.jpg,sub-stroke0095,1
train/LVO/p69_sub-stroke0095/selected_ncct/035.jpg,sub-stroke0095,1
train/LVO/p69_sub-stroke0095/selected_ncct/036.jpg,sub-stroke0095,1
train/LVO/p69_sub-stroke0095/selected_ncct/037.jpg,sub-stroke0095,1
train/LVO/p69_sub-stroke0095/selected_ncct/038.jpg,sub-stroke0095,1
train/LVO/p69_sub-stroke0095/selected_ncct/039.jpg,sub-stroke0095,1
train/LVO/p69_sub-stroke0095/selected_ncct/040.jpg,sub-stroke0095,1
train/LVO/p69_sub-stroke0095/selected_ncct/041.jpg,sub-stroke0095,1
train/LVO/p69_sub-stroke0095/selected_ncct/042.jpg,sub-stroke0095,1
train/LVO/p69_sub-stroke0095/selected_ncct/043.jpg,sub-stroke0095,1
train/LVO/p69_sub-stroke0095/selected_ncct/044.jpg,sub-stroke0095,1
train/LVO/p69_sub-stroke0095/selected_ncct/045.jpg,sub-stroke0095,1
train/LVO/p69_sub-stroke0095/selected_ncct/046.jpg,sub-stroke0095,1
train/LVO/p69_sub-stroke0095/selected_ncct/047.jpg,sub-stroke0095,1
train/LVO/p69_sub-stroke0095/selected_ncct/048.jpg,sub-stroke0095,1
train/LVO/p69_sub-stroke0095/selected_ncct/049.jpg,sub-stroke0095,1
train/LVO/p69_sub-stroke0095/selected_ncct/050.jpg,sub-stroke0095,1
train/LVO/p69_sub-stroke0095/selected_ncct/051.jpg,sub-stroke0095,1
train/LVO/p69_sub-stroke0095/selected_ncct/052.jpg,sub-stroke0095,1
train/LVO/p69_sub-stroke0095/selected_ncct/053.jpg,sub-stroke0095,1
train/LVO/p69_sub-stroke0095/selected_ncct/054.jpg,sub-stroke0095,1
train/LVO/p69_sub-stroke0095/selected_ncct/055.jpg,sub-stroke0095,1
train/LVO/p6_sub-stroke0006/selected_ncct/006.jpg,sub-stroke0006,1
train/LVO/p6_sub-stroke0006/selected_ncct/007.jpg,sub-stroke0006,1
train/LVO/p6_sub-stroke0006/selected_ncct/008.jpg,sub-stroke0006,1
train/LVO/p6_sub-stroke0006/selected_ncct/009.jpg,sub-stroke0006,1
train/LVO/p6_sub-stroke0006/selected_ncct/011.jpg,sub-stroke0006,1
train/LVO/p6_sub-stroke0006/selected_ncct/012.jpg,sub-stroke0006,1
train/LVO/p6_sub-stroke0006/selected_ncct/013.jpg,sub-stroke0006,1
train/LVO/p6_sub-stroke0006/selected_ncct/014.jpg,sub-stroke0006,1
train/LVO/p6_sub-stroke0006/selected_ncct/015.jpg,sub-stroke0006,1
train/LVO/p6_sub-stroke0006/selected_ncct/016.jpg,sub-stroke0006,1
train/LVO/p6_sub-stroke0006/selected_ncct/017.jpg,sub-stroke0006,1
train/LVO/p6_sub-stroke0006/selected_ncct/018.jpg,sub-stroke0006,1
train/LVO/p6_sub-stroke0006/selected_ncct/019.jpg,sub-stroke0006,1
train/LVO/p6_sub-stroke0006/selected_ncct/020.jpg,sub-stroke0006,1
train/LVO/p6_sub-stroke0006/selected_ncct/021.jpg,sub-stroke0006,1
train/LVO/p6_sub-stroke0006/selected_ncct/022.jpg,sub-stroke0006,1
train/LVO/p6_sub-stroke0006/selected_ncct/023.jpg,sub-stroke0006,1
train/LVO/p6_sub-stroke0006/selected_ncct/024.jpg,sub-stroke0006,1
train/LVO/p6_sub-stroke0006/selected_ncct/025.jpg,sub-stroke0006,1
train/LVO/p6_sub-stroke0006/selected_ncct/026.jpg,sub-stroke0006,1
train/LVO/p6_sub-stroke0006/selected_ncct/027.jpg,sub-stroke0006,1
train/LVO/p6_sub-stroke0006/selected_ncct/028.jpg,sub-stroke0006,1
train/LVO/p6_sub-stroke0006/selected_ncct/029.jpg,sub-stroke0006,1
train/LVO/p6_sub-stroke0006/selected_ncct/030.jpg,sub-stroke0006,1
train/LVO/p6_sub-stroke0006/selected_ncct/031.jpg,sub-stroke0006,1
train/LVO/p6_sub-stroke0006/selected_ncct/032.jpg,sub-stroke0006,1
train/LVO/p6_sub-stroke0006/selected_ncct/033.jpg,sub-stroke0006,1
train/LVO/p6_sub-stroke0006/selected_ncct/034.jpg,sub-stroke0006,1
train/LVO/p6_sub-stroke0006/selected_ncct/035.jpg,sub-stroke0006,1
train/LVO/p6_sub-stroke0006/selected_ncct/036.jpg,sub-stroke0006,1
train/LVO/p6_sub-stroke0006/selected_ncct/037.jpg,sub-stroke0006,1
train/LVO/p6_sub-stroke0006/selected_ncct/038.jpg,sub-stroke0006,1
train/LVO/p6_sub-stroke0006/selected_ncct/039.jpg,sub-stroke0006,1
train/LVO/p6_sub-stroke0006/selected_ncct/040.jpg,sub-stroke0006,1
train/LVO/p6_sub-stroke0006/selected_ncct/041.jpg,sub-stroke0006,1
train/LVO/p6_sub-stroke0006/selected_ncct/042.jpg,sub-stroke0006,1
train/LVO/p6_sub-stroke0006/selected_ncct/043.jpg,sub-stroke0006,1
train/LVO/p6_sub-stroke0006/selected_ncct/044.jpg,sub-stroke0006,1
train/LVO/p6_sub-stroke0006/selected_ncct/045.jpg,sub-stroke0006,1
train/LVO/p6_sub-stroke0006/selected_ncct/046.jpg,sub-stroke0006,1
train/LVO/p6_sub-stroke0006/selected_ncct/047.jpg,sub-stroke0006,1
train/LVO/p6_sub-stroke0006/selected_ncct/048.jpg,sub-stroke0006,1
train/LVO/p6_sub-stroke0006/selected_ncct/049.jpg,sub-stroke0006,1
train/LVO/p70_sub-stroke0096/selected_ncct/012.jpg,sub-stroke0096,1
train/LVO/p70_sub-stroke0096/selected_ncct/013.jpg,sub-stroke0096,1
train/LVO/p70_sub-stroke0096/selected_ncct/015.jpg,sub-stroke0096,1
train/LVO/p70_sub-stroke0096/selected_ncct/016.jpg,sub-stroke0096,1
train/LVO/p70_sub-stroke0096/selected_ncct/019.jpg,sub-stroke0096,1
train/LVO/p70_sub-stroke0096/selected_ncct/020.jpg,sub-stroke0096,1
train/LVO/p70_sub-stroke0096/selected_ncct/021.jpg,sub-stroke0096,1
train/LVO/p70_sub-stroke0096/selected_ncct/022.jpg,sub-stroke0096,1
train/LVO/p70_sub-stroke0096/selected_ncct/023.jpg,sub-stroke0096,1
train/LVO/p70_sub-stroke0096/selected_ncct/024.jpg,sub-stroke0096,1
train/LVO/p70_sub-stroke0096/selected_ncct/025.jpg,sub-stroke0096,1
train/LVO/p70_sub-stroke0096/selected_ncct/026.jpg,sub-stroke0096,1
train/LVO/p70_sub-stroke0096/selected_ncct/027.jpg,sub-stroke0096,1
train/LVO/p70_sub-stroke0096/selected_ncct/028.jpg,sub-stroke0096,1
train/LVO/p70_sub-stroke0096/selected_ncct/029.jpg,sub-stroke0096,1
train/LVO/p70_sub-stroke0096/selected_ncct/030.jpg,sub-stroke0096,1
train/LVO/p70_sub-stroke0096/selected_ncct/031.jpg,sub-stroke0096,1
train/LVO/p70_sub-stroke0096/selected_ncct/034.jpg,sub-stroke0096,1
train/LVO/p70_sub-stroke0096/selected_ncct/035.jpg,sub-stroke0096,1
train/LVO/p70_sub-stroke0096/selected_ncct/036.jpg,sub-stroke0096,1
train/LVO/p70_sub-stroke0096/selected_ncct/037.jpg,sub-stroke0096,1
train/LVO/p70_sub-stroke0096/selected_ncct/038.jpg,sub-stroke0096,1
train/LVO/p70_sub-stroke0096/selected_ncct/039.jpg,sub-stroke0096,1
train/LVO/p70_sub-stroke0096/selected_ncct/040.jpg,sub-stroke0096,1
train/LVO/p70_sub-stroke0096/selected_ncct/041.jpg,sub-stroke0096,1
train/LVO/p70_sub-stroke0096/selected_ncct/042.jpg,sub-stroke0096,1
train/LVO/p70_sub-stroke0096/selected_ncct/043.jpg,sub-stroke0096,1
train/LVO/p70_sub-stroke0096/selected_ncct/044.jpg,sub-stroke0096,1
train/LVO/p70_sub-stroke0096/selected_ncct/045.jpg,sub-stroke0096,1
train/LVO/p70_sub-stroke0096/selected_ncct/046.jpg,sub-stroke0096,1
train/LVO/p70_sub-stroke0096/selected_ncct/047.jpg,sub-stroke0096,1
train/LVO/p70_sub-stroke0096/selected_ncct/048.jpg,sub-stroke0096,1
train/LVO/p70_sub-stroke0096/selected_ncct/049.jpg,sub-stroke0096,1
train/LVO/p70_sub-stroke0096/selected_ncct/050.jpg,sub-stroke0096,1
train/LVO/p70_sub-stroke0096/selected_ncct/051.jpg,sub-stroke0096,1
train/LVO/p70_sub-stroke0096/selected_ncct/052.jpg,sub-stroke0096,1
train/LVO/p70_sub-stroke0096/selected_ncct/053.jpg,sub-stroke0096,1
train/LVO/p70_sub-stroke0096/selected_ncct/054.jpg,sub-stroke0096,1
train/LVO/p70_sub-stroke0096/selected_ncct/055.jpg,sub-stroke0096,1
train/LVO/p70_sub-stroke0096/selected_ncct/056.jpg,sub-stroke0096,1
train/LVO/p70_sub-stroke0096/selected_ncct/057.jpg,sub-stroke0096,1
train/LVO/p70_sub-stroke0096/selected_ncct/058.jpg,sub-stroke0096,1
train/LVO/p70_sub-stroke0096/selected_ncct/059.jpg,sub-stroke0096,1
train/LVO/p70_sub-stroke0096/selected_ncct/060.jpg,sub-stroke0096,1
train/LVO/p70_sub-stroke0096/selected_ncct/061.jpg,sub-stroke0096,1
train/LVO/p71_sub-stroke0097/selected_ncct/025.jpg,sub-stroke0097,1
train/LVO/p71_sub-stroke0097/selected_ncct/026.jpg,sub-stroke0097,1
train/LVO/p71_sub-stroke0097/selected_ncct/028.jpg,sub-stroke0097,1
train/LVO/p71_sub-stroke0097/selected_ncct/029.jpg,sub-stroke0097,1
train/LVO/p71_sub-stroke0097/selected_ncct/030.jpg,sub-stroke0097,1
train/LVO/p71_sub-stroke0097/selected_ncct/031.jpg,sub-stroke0097,1
train/LVO/p71_sub-stroke0097/selected_ncct/032.jpg,sub-stroke0097,1
train/LVO/p71_sub-stroke0097/selected_ncct/033.jpg,sub-stroke0097,1
train/LVO/p71_sub-stroke0097/selected_ncct/034.jpg,sub-stroke0097,1
train/LVO/p71_sub-stroke0097/selected_ncct/035.jpg,sub-stroke0097,1
train/LVO/p71_sub-stroke0097/selected_ncct/036.jpg,sub-stroke0097,1
train/LVO/p71_sub-stroke0097/selected_ncct/037.jpg,sub-stroke0097,1
train/LVO/p71_sub-stroke0097/selected_ncct/038.jpg,sub-stroke0097,1
train/LVO/p71_sub-stroke0097/selected_ncct/039.jpg,sub-stroke0097,1
train/LVO/p71_sub-stroke0097/selected_ncct/040.jpg,sub-stroke0097,1
train/LVO/p71_sub-stroke0097/selected_ncct/041.jpg,sub-stroke0097,1
train/LVO/p71_sub-stroke0097/selected_ncct/042.jpg,sub-stroke0097,1
train/LVO/p71_sub-stroke0097/selected_ncct/043.jpg,sub-stroke0097,1
train/LVO/p71_sub-stroke0097/selected_ncct/044.jpg,sub-stroke0097,1
train/LVO/p71_sub-stroke0097/selected_ncct/045.jpg,sub-stroke0097,1
train/LVO/p71_sub-stroke0097/selected_ncct/046.jpg,sub-stroke0097,1
train/LVO/p71_sub-stroke0097/selected_ncct/047.jpg,sub-stroke0097,1
train/LVO/p71_sub-stroke0097/selected_ncct/048.jpg,sub-stroke0097,1
train/LVO/p71_sub-stroke0097/selected_ncct/049.jpg,sub-stroke0097,1
train/LVO/p71_sub-stroke0097/selected_ncct/050.jpg,sub-stroke0097,1
train/LVO/p71_sub-stroke0097/selected_ncct/051.jpg,sub-stroke0097,1
train/LVO/p71_sub-stroke0097/selected_ncct/052.jpg,sub-stroke0097,1
train/LVO/p71_sub-stroke0097/selected_ncct/053.jpg,sub-stroke0097,1
train/LVO/p71_sub-stroke0097/selected_ncct/054.jpg,sub-stroke0097,1
train/LVO/p71_sub-stroke0097/selected_ncct/055.jpg,sub-stroke0097,1
train/LVO/p71_sub-stroke0097/selected_ncct/056.jpg,sub-stroke0097,1
train/LVO/p71_sub-stroke0097/selected_ncct/057.jpg,sub-stroke0097,1
train/LVO/p72_sub-stroke0098/selected_ncct/007.jpg,sub-stroke0098,1
train/LVO/p72_sub-stroke0098/selected_ncct/008.jpg,sub-stroke0098,1
train/LVO/p72_sub-stroke0098/selected_ncct/009.jpg,sub-stroke0098,1
train/LVO/p72_sub-stroke0098/selected_ncct/010.jpg,sub-stroke0098,1
train/LVO/p72_sub-stroke0098/selected_ncct/011.jpg,sub-stroke0098,1
train/LVO/p72_sub-stroke0098/selected_ncct/012.jpg,sub-stroke0098,1
train/LVO/p72_sub-stroke0098/selected_ncct/013.jpg,sub-stroke0098,1
train/LVO/p72_sub-stroke0098/selected_ncct/014.jpg,sub-stroke0098,1
train/LVO/p72_sub-stroke0098/selected_ncct/015.jpg,sub-stroke0098,1
train/LVO/p72_sub-stroke0098/selected_ncct/016.jpg,sub-stroke0098,1
train/LVO/p72_sub-stroke0098/selected_ncct/017.jpg,sub-stroke0098,1
train/LVO/p72_sub-stroke0098/selected_ncct/018.jpg,sub-stroke0098,1
train/LVO/p72_sub-stroke0098/selected_ncct/019.jpg,sub-stroke0098,1
train/LVO/p72_sub-stroke0098/selected_ncct/020.jpg,sub-stroke0098,1
train/LVO/p72_sub-stroke0098/selected_ncct/022.jpg,sub-stroke0098,1
train/LVO/p72_sub-stroke0098/selected_ncct/023.jpg,sub-stroke0098,1
train/LVO/p72_sub-stroke0098/selected_ncct/024.jpg,sub-stroke0098,1
train/LVO/p72_sub-stroke0098/selected_ncct/025.jpg,sub-stroke0098,1
train/LVO/p72_sub-stroke0098/selected_ncct/026.jpg,sub-stroke0098,1
train/LVO/p72_sub-stroke0098/selected_ncct/027.jpg,sub-stroke0098,1
train/LVO/p72_sub-stroke0098/selected_ncct/028.jpg,sub-stroke0098,1
train/LVO/p72_sub-stroke0098/selected_ncct/029.jpg,sub-stroke0098,1
train/LVO/p72_sub-stroke0098/selected_ncct/030.jpg,sub-stroke0098,1
train/LVO/p72_sub-stroke0098/selected_ncct/031.jpg,sub-stroke0098,1
train/LVO/p72_sub-stroke0098/selected_ncct/032.jpg,sub-stroke0098,1
train/LVO/p72_sub-stroke0098/selected_ncct/033.jpg,sub-stroke0098,1
train/LVO/p72_sub-stroke0098/selected_ncct/034.jpg,sub-stroke0098,1
train/LVO/p72_sub-stroke0098/selected_ncct/035.jpg,sub-stroke0098,1
train/LVO/p72_sub-stroke0098/selected_ncct/036.jpg,sub-stroke0098,1
train/LVO/p72_sub-stroke0098/selected_ncct/037.jpg,sub-stroke0098,1
train/LVO/p72_sub-stroke0098/selected_ncct/038.jpg,sub-stroke0098,1
train/LVO/p72_sub-stroke0098/selected_ncct/039.jpg,sub-stroke0098,1
train/LVO/p72_sub-stroke0098/selected_ncct/040.jpg,sub-stroke0098,1
train/LVO/p72_sub-stroke0098/selected_ncct/041.jpg,sub-stroke0098,1
train/LVO/p72_sub-stroke0098/selected_ncct/042.jpg,sub-stroke0098,1
train/LVO/p72_sub-stroke0098/selected_ncct/043.jpg,sub-stroke0098,1
train/LVO/p72_sub-stroke0098/selected_ncct/044.jpg,sub-stroke0098,1
train/LVO/p72_sub-stroke0098/selected_ncct/045.jpg,sub-stroke0098,1
train/LVO/p72_sub-stroke0098/selected_ncct/046.jpg,sub-stroke0098,1
train/LVO/p72_sub-stroke0098/selected_ncct/047.jpg,sub-stroke0098,1
train/LVO/p72_sub-stroke0098/selected_ncct/048.jpg,sub-stroke0098,1
train/LVO/p72_sub-stroke0098/selected_ncct/049.jpg,sub-stroke0098,1
train/LVO/p72_sub-stroke0098/selected_ncct/050.jpg,sub-stroke0098,1
train/LVO/p72_sub-stroke0098/selected_ncct/051.jpg,sub-stroke0098,1
train/LVO/p72_sub-stroke0098/selected_ncct/052.jpg,sub-stroke0098,1
train/LVO/p72_sub-stroke0098/selected_ncct/053.jpg,sub-stroke0098,1
train/LVO/p72_sub-stroke0098/selected_ncct/054.jpg,sub-stroke0098,1
train/LVO/p72_sub-stroke0098/selected_ncct/055.jpg,sub-stroke0098,1
train/LVO/p73_sub-stroke0099/selected_ncct/026.jpg,sub-stroke0099,1
train/LVO/p73_sub-stroke0099/selected_ncct/027.jpg,sub-stroke0099,1
train/LVO/p73_sub-stroke0099/selected_ncct/028.jpg,sub-stroke0099,1
train/LVO/p73_sub-stroke0099/selected_ncct/029.jpg,sub-stroke0099,1
train/LVO/p73_sub-stroke0099/selected_ncct/030.jpg,sub-stroke0099,1
train/LVO/p73_sub-stroke0099/selected_ncct/031.jpg,sub-stroke0099,1
train/LVO/p73_sub-stroke0099/selected_ncct/032.jpg,sub-stroke0099,1
train/LVO/p73_sub-stroke0099/selected_ncct/033.jpg,sub-stroke0099,1
train/LVO/p73_sub-stroke0099/selected_ncct/037.jpg,sub-stroke0099,1
train/LVO/p73_sub-stroke0099/selected_ncct/038.jpg,sub-stroke0099,1
train/LVO/p73_sub-stroke0099/selected_ncct/039.jpg,sub-stroke0099,1
train/LVO/p73_sub-stroke0099/selected_ncct/040.jpg,sub-stroke0099,1
train/LVO/p73_sub-stroke0099/selected_ncct/041.jpg,sub-stroke0099,1
train/LVO/p73_sub-stroke0099/selected_ncct/044.jpg,sub-stroke0099,1
train/LVO/p73_sub-stroke0099/selected_ncct/045.jpg,sub-stroke0099,1
train/LVO/p73_sub-stroke0099/selected_ncct/046.jpg,sub-stroke0099,1
train/LVO/p73_sub-stroke0099/selected_ncct/047.jpg,sub-stroke0099,1
train/LVO/p74_sub-stroke0100/selected_ncct/052.jpg,sub-stroke0100,0
train/LVO/p74_sub-stroke0100/selected_ncct/053.jpg,sub-stroke0100,0
train/LVO/p74_sub-stroke0100/selected_ncct/054.jpg,sub-stroke0100,0
train/LVO/p74_sub-stroke0100/selected_ncct/055.jpg,sub-stroke0100,0
train/LVO/p74_sub-stroke0100/selected_ncct/056.jpg,sub-stroke0100,0
train/LVO/p74_sub-stroke0100/selected_ncct/057.jpg,sub-stroke0100,0
train/LVO/p75_sub-stroke0101/selected_ncct/009.jpg,sub-stroke0101,1
train/LVO/p75_sub-stroke0101/selected_ncct/010.jpg,sub-stroke0101,1
train/LVO/p75_sub-stroke0101/selected_ncct/011.jpg,sub-stroke0101,1
train/LVO/p75_sub-stroke0101/selected_ncct/012.jpg,sub-stroke0101,1
train/LVO/p75_sub-stroke0101/selected_ncct/013.jpg,sub-stroke0101,1
train/LVO/p75_sub-stroke0101/selected_ncct/014.jpg,sub-stroke0101,1
train/LVO/p75_sub-stroke0101/selected_ncct/015.jpg,sub-stroke0101,1
train/LVO/p75_sub-stroke0101/selected_ncct/016.jpg,sub-stroke0101,1
train/LVO/p75_sub-stroke0101/selected_ncct/017.jpg,sub-stroke0101,1
train/LVO/p75_sub-stroke0101/selected_ncct/018.jpg,sub-stroke0101,1
train/LVO/p75_sub-stroke0101/selected_ncct/019.jpg,sub-stroke0101,1
train/LVO/p75_sub-stroke0101/selected_ncct/020.jpg,sub-stroke0101,1
train/LVO/p75_sub-stroke0101/selected_ncct/021.jpg,sub-stroke0101,1
train/LVO/p75_sub-stroke0101/selected_ncct/022.jpg,sub-stroke0101,1
train/LVO/p75_sub-stroke0101/selected_ncct/023.jpg,sub-stroke0101,1
train/LVO/p75_sub-stroke0101/selected_ncct/024.jpg,sub-stroke0101,1
train/LVO/p75_sub-stroke0101/selected_ncct/025.jpg,sub-stroke0101,1
train/LVO/p75_sub-stroke0101/selected_ncct/027.jpg,sub-stroke0101,1
train/LVO/p75_sub-stroke0101/selected_ncct/028.jpg,sub-stroke0101,1
train/LVO/p75_sub-stroke0101/selected_ncct/029.jpg,sub-stroke0101,1
train/LVO/p75_sub-stroke0101/selected_ncct/030.jpg,sub-stroke0101,1
train/LVO/p75_sub-stroke0101/selected_ncct/031.jpg,sub-stroke0101,1
train/LVO/p75_sub-stroke0101/selected_ncct/032.jpg,sub-stroke0101,1
train/LVO/p75_sub-stroke0101/selected_ncct/033.jpg,sub-stroke0101,1
train/LVO/p75_sub-stroke0101/selected_ncct/034.jpg,sub-stroke0101,1
train/LVO/p75_sub-stroke0101/selected_ncct/035.jpg,sub-stroke0101,1
train/LVO/p75_sub-stroke0101/selected_ncct/036.jpg,sub-stroke0101,1
train/LVO/p75_sub-stroke0101/selected_ncct/037.jpg,sub-stroke0101,1
train/LVO/p75_sub-stroke0101/selected_ncct/038.jpg,sub-stroke0101,1
train/LVO/p75_sub-stroke0101/selected_ncct/039.jpg,sub-stroke0101,1
train/LVO/p75_sub-stroke0101/selected_ncct/040.jpg,sub-stroke0101,1
train/LVO/p75_sub-stroke0101/selected_ncct/041.jpg,sub-stroke0101,1
train/LVO/p75_sub-stroke0101/selected_ncct/042.jpg,sub-stroke0101,1
train/LVO/p75_sub-stroke0101/selected_ncct/043.jpg,sub-stroke0101,1
train/LVO/p75_sub-stroke0101/selected_ncct/044.jpg,sub-stroke0101,1
train/LVO/p75_sub-stroke0101/selected_ncct/045.jpg,sub-stroke0101,1
train/LVO/p75_sub-stroke0101/selected_ncct/046.jpg,sub-stroke0101,1
train/LVO/p75_sub-stroke0101/selected_ncct/047.jpg,sub-stroke0101,1
train/LVO/p75_sub-stroke0101/selected_ncct/048.jpg,sub-stroke0101,1
train/LVO/p75_sub-stroke0101/selected_ncct/049.jpg,sub-stroke0101,1
train/LVO/p75_sub-stroke0101/selected_ncct/050.jpg,sub-stroke0101,1
train/LVO/p75_sub-stroke0101/selected_ncct/051.jpg,sub-stroke0101,1
train/LVO/p75_sub-stroke0101/selected_ncct/052.jpg,sub-stroke0101,1
train/LVO/p75_sub-stroke0101/selected_ncct/053.jpg,sub-stroke0101,1
train/LVO/p75_sub-stroke0101/selected_ncct/054.jpg,sub-stroke0101,1
train/LVO/p75_sub-stroke0101/selected_ncct/055.jpg,sub-stroke0101,1
train/LVO/p75_sub-stroke0101/selected_ncct/056.jpg,sub-stroke0101,1
train/LVO/p75_sub-stroke0101/selected_ncct/057.jpg,sub-stroke0101,1
train/LVO/p75_sub-stroke0101/selected_ncct/058.jpg,sub-stroke0101,1
train/LVO/p75_sub-stroke0101/selected_ncct/059.jpg,sub-stroke0101,1
train/LVO/p75_sub-stroke0101/selected_ncct/060.jpg,sub-stroke0101,1
train/LVO/p75_sub-stroke0101/selected_ncct/061.jpg,sub-stroke0101,1
train/LVO/p75_sub-stroke0101/selected_ncct/062.jpg,sub-stroke0101,1
train/LVO/p77_sub-stroke0103/selected_ncct/023.jpg,sub-stroke0103,1
train/LVO/p77_sub-stroke0103/selected_ncct/024.jpg,sub-stroke0103,1
train/LVO/p77_sub-stroke0103/selected_ncct/025.jpg,sub-stroke0103,1
train/LVO/p77_sub-stroke0103/selected_ncct/026.jpg,sub-stroke0103,1
train/LVO/p77_sub-stroke0103/selected_ncct/027.jpg,sub-stroke0103,1
train/LVO/p77_sub-stroke0103/selected_ncct/028.jpg,sub-stroke0103,1
train/LVO/p77_sub-stroke0103/selected_ncct/029.jpg,sub-stroke0103,1
train/LVO/p77_sub-stroke0103/selected_ncct/030.jpg,sub-stroke0103,1
train/LVO/p77_sub-stroke0103/selected_ncct/031.jpg,sub-stroke0103,1
train/LVO/p77_sub-stroke0103/selected_ncct/032.jpg,sub-stroke0103,1
train/LVO/p77_sub-stroke0103/selected_ncct/033.jpg,sub-stroke0103,1
train/LVO/p77_sub-stroke0103/selected_ncct/034.jpg,sub-stroke0103,1
train/LVO/p77_sub-stroke0103/selected_ncct/035.jpg,sub-stroke0103,1
train/LVO/p77_sub-stroke0103/selected_ncct/036.jpg,sub-stroke0103,1
train/LVO/p77_sub-stroke0103/selected_ncct/037.jpg,sub-stroke0103,1
train/LVO/p77_sub-stroke0103/selected_ncct/038.jpg,sub-stroke0103,1
train/LVO/p77_sub-stroke0103/selected_ncct/039.jpg,sub-stroke0103,1
train/LVO/p77_sub-stroke0103/selected_ncct/040.jpg,sub-stroke0103,1
train/LVO/p77_sub-stroke0103/selected_ncct/041.jpg,sub-stroke0103,1
train/LVO/p77_sub-stroke0103/selected_ncct/044.jpg,sub-stroke0103,1
train/LVO/p77_sub-stroke0103/selected_ncct/045.jpg,sub-stroke0103,1
train/LVO/p77_sub-stroke0103/selected_ncct/046.jpg,sub-stroke0103,1
train/LVO/p77_sub-stroke0103/selected_ncct/047.jpg,sub-stroke0103,1
train/LVO/p77_sub-stroke0103/selected_ncct/048.jpg,sub-stroke0103,1
train/LVO/p77_sub-stroke0103/selected_ncct/049.jpg,sub-stroke0103,1
train/LVO/p77_sub-stroke0103/selected_ncct/050.jpg,sub-stroke0103,1
train/LVO/p77_sub-stroke0103/selected_ncct/051.jpg,sub-stroke0103,1
train/LVO/p77_sub-stroke0103/selected_ncct/052.jpg,sub-stroke0103,1
train/LVO/p77_sub-stroke0103/selected_ncct/053.jpg,sub-stroke0103,1
train/LVO/p77_sub-stroke0103/selected_ncct/054.jpg,sub-stroke0103,1
train/LVO/p77_sub-stroke0103/selected_ncct/055.jpg,sub-stroke0103,1
train/LVO/p77_sub-stroke0103/selected_ncct/056.jpg,sub-stroke0103,1
train/LVO/p77_sub-stroke0103/selected_ncct/057.jpg,sub-stroke0103,1
train/LVO/p77_sub-stroke0103/selected_ncct/058.jpg,sub-stroke0103,1
train/LVO/p77_sub-stroke0103/selected_ncct/059.jpg,sub-stroke0103,1
train/LVO/p77_sub-stroke0103/selected_ncct/060.jpg,sub-stroke0103,1
train/LVO/p77_sub-stroke0103/selected_ncct/061.jpg,sub-stroke0103,1
train/LVO/p77_sub-stroke0103/selected_ncct/062.jpg,sub-stroke0103,1
train/LVO/p78_sub-stroke0104/selected_ncct/015.jpg,sub-stroke0104,1
train/LVO/p78_sub-stroke0104/selected_ncct/016.jpg,sub-stroke0104,1
train/LVO/p78_sub-stroke0104/selected_ncct/018.jpg,sub-stroke0104,1
train/LVO/p78_sub-stroke0104/selected_ncct/019.jpg,sub-stroke0104,1
train/LVO/p78_sub-stroke0104/selected_ncct/020.jpg,sub-stroke0104,1
train/LVO/p78_sub-stroke0104/selected_ncct/021.jpg,sub-stroke0104,1
train/LVO/p78_sub-stroke0104/selected_ncct/022.jpg,sub-stroke0104,1
train/LVO/p78_sub-stroke0104/selected_ncct/023.jpg,sub-stroke0104,1
train/LVO/p78_sub-stroke0104/selected_ncct/024.jpg,sub-stroke0104,1
train/LVO/p78_sub-stroke0104/selected_ncct/025.jpg,sub-stroke0104,1
train/LVO/p78_sub-stroke0104/selected_ncct/026.jpg,sub-stroke0104,1
train/LVO/p78_sub-stroke0104/selected_ncct/027.jpg,sub-stroke0104,1
train/LVO/p78_sub-stroke0104/selected_ncct/028.jpg,sub-stroke0104,1
train/LVO/p78_sub-stroke0104/selected_ncct/029.jpg,sub-stroke0104,1
train/LVO/p78_sub-stroke0104/selected_ncct/030.jpg,sub-stroke0104,1
train/LVO/p78_sub-stroke0104/selected_ncct/031.jpg,sub-stroke0104,1
train/LVO/p78_sub-stroke0104/selected_ncct/032.jpg,sub-stroke0104,1
train/LVO/p78_sub-stroke0104/selected_ncct/033.jpg,sub-stroke0104,1
train/LVO/p78_sub-stroke0104/selected_ncct/034.jpg,sub-stroke0104,1
train/LVO/p78_sub-stroke0104/selected_ncct/035.jpg,sub-stroke0104,1
train/LVO/p78_sub-stroke0104/selected_ncct/036.jpg,sub-stroke0104,1
train/LVO/p78_sub-stroke0104/selected_ncct/037.jpg,sub-stroke0104,1
train/LVO/p78_sub-stroke0104/selected_ncct/038.jpg,sub-stroke0104,1
train/LVO/p78_sub-stroke0104/selected_ncct/039.jpg,sub-stroke0104,1
train/LVO/p78_sub-stroke0104/selected_ncct/040.jpg,sub-stroke0104,1
train/LVO/p78_sub-stroke0104/selected_ncct/041.jpg,sub-stroke0104,1
train/LVO/p78_sub-stroke0104/selected_ncct/042.jpg,sub-stroke0104,1
train/LVO/p78_sub-stroke0104/selected_ncct/043.jpg,sub-stroke0104,1
train/LVO/p78_sub-stroke0104/selected_ncct/044.jpg,sub-stroke0104,1
train/LVO/p78_sub-stroke0104/selected_ncct/045.jpg,sub-stroke0104,1
train/LVO/p78_sub-stroke0104/selected_ncct/046.jpg,sub-stroke0104,1
train/LVO/p78_sub-stroke0104/selected_ncct/047.jpg,sub-stroke0104,1
train/LVO/p78_sub-stroke0104/selected_ncct/048.jpg,sub-stroke0104,1
train/LVO/p78_sub-stroke0104/selected_ncct/049.jpg,sub-stroke0104,1
train/LVO/p78_sub-stroke0104/selected_ncct/050.jpg,sub-stroke0104,1
train/LVO/p78_sub-stroke0104/selected_ncct/051.jpg,sub-stroke0104,1
train/LVO/p78_sub-stroke0104/selected_ncct/052.jpg,sub-stroke0104,1
train/LVO/p7_sub-stroke0007/selected_ncct/007.jpg,sub-stroke0007,1
train/LVO/p7_sub-stroke0007/selected_ncct/008.jpg,sub-stroke0007,1
train/LVO/p7_sub-stroke0007/selected_ncct/009.jpg,sub-stroke0007,1
train/LVO/p7_sub-stroke0007/selected_ncct/010.jpg,sub-stroke0007,1
train/LVO/p7_sub-stroke0007/selected_ncct/011.jpg,sub-stroke0007,1
train/LVO/p7_sub-stroke0007/selected_ncct/012.jpg,sub-stroke0007,1
train/LVO/p7_sub-stroke0007/selected_ncct/013.jpg,sub-stroke0007,1
train/LVO/p7_sub-stroke0007/selected_ncct/014.jpg,sub-stroke0007,1
train/LVO/p7_sub-stroke0007/selected_ncct/015.jpg,sub-stroke0007,1
train/LVO/p7_sub-stroke0007/selected_ncct/016.jpg,sub-stroke0007,1
train/LVO/p7_sub-stroke0007/selected_ncct/017.jpg,sub-stroke0007,1
train/LVO/p7_sub-stroke0007/selected_ncct/018.jpg,sub-stroke0007,1
train/LVO/p7_sub-stroke0007/selected_ncct/019.jpg,sub-stroke0007,1
train/LVO/p7_sub-stroke0007/selected_ncct/020.jpg,sub-stroke0007,1
train/LVO/p7_sub-stroke0007/selected_ncct/021.jpg,sub-stroke0007,1
train/LVO/p7_sub-stroke0007/selected_ncct/022.jpg,sub-stroke0007,1
train/LVO/p7_sub-stroke0007/selected_ncct/023.jpg,sub-stroke0007,1
train/LVO/p7_sub-stroke0007/selected_ncct/024.jpg,sub-stroke0007,1
train/LVO/p7_sub-stroke0007/selected_ncct/025.jpg,sub-stroke0007,1
train/LVO/p7_sub-stroke0007/selected_ncct/026.jpg,sub-stroke0007,1
train/LVO/p7_sub-stroke0007/selected_ncct/027.jpg,sub-stroke0007,1
train/LVO/p7_sub-stroke0007/selected_ncct/028.jpg,sub-stroke0007,1
train/LVO/p7_sub-stroke0007/selected_ncct/029.jpg,sub-stroke0007,1
train/LVO/p7_sub-stroke0007/selected_ncct/030.jpg,sub-stroke0007,1
train/LVO/p7_sub-stroke0007/selected_ncct/031.jpg,sub-stroke0007,1
train/LVO/p7_sub-stroke0007/selected_ncct/032.jpg,sub-stroke0007,1
train/LVO/p7_sub-stroke0007/selected_ncct/033.jpg,sub-stroke0007,1
train/LVO/p7_sub-stroke0007/selected_ncct/034.jpg,sub-stroke0007,1
train/LVO/p7_sub-stroke0007/selected_ncct/035.jpg,sub-stroke0007,1
train/LVO/p7_sub-stroke0007/selected_ncct/036.jpg,sub-stroke0007,1
train/LVO/p7_sub-stroke0007/selected_ncct/037.jpg,sub-stroke0007,1
train/LVO/p7_sub-stroke0007/selected_ncct/038.jpg,sub-stroke0007,1
train/LVO/p7_sub-stroke0007/selected_ncct/039.jpg,sub-stroke0007,1
train/LVO/p7_sub-stroke0007/selected_ncct/040.jpg,sub-stroke0007,1
train/LVO/p7_sub-stroke0007/selected_ncct/041.jpg,sub-stroke0007,1
train/LVO/p7_sub-stroke0007/selected_ncct/042.jpg,sub-stroke0007,1
train/LVO/p7_sub-stroke0007/selected_ncct/043.jpg,sub-stroke0007,1
train/LVO/p7_sub-stroke0007/selected_ncct/044.jpg,sub-stroke0007,1
train/LVO/p7_sub-stroke0007/selected_ncct/045.jpg,sub-stroke0007,1
train/LVO/p7_sub-stroke0007/selected_ncct/046.jpg,sub-stroke0007,1
train/LVO/p7_sub-stroke0007/selected_ncct/047.jpg,sub-stroke0007,1
train/LVO/p7_sub-stroke0007/selected_ncct/048.jpg,sub-stroke0007,1
train/LVO/p7_sub-stroke0007/selected_ncct/049.jpg,sub-stroke0007,1
train/LVO/p7_sub-stroke0007/selected_ncct/050.jpg,sub-stroke0007,1
train/LVO/p7_sub-stroke0007/selected_ncct/051.jpg,sub-stroke0007,1
train/LVO/p7_sub-stroke0007/selected_ncct/052.jpg,sub-stroke0007,1
train/LVO/p7_sub-stroke0007/selected_ncct/053.jpg,sub-stroke0007,1
train/LVO/p7_sub-stroke0007/selected_ncct/054.jpg,sub-stroke0007,1
train/LVO/p7_sub-stroke0007/selected_ncct/055.jpg,sub-stroke0007,1
train/LVO/p7_sub-stroke0007/selected_ncct/056.jpg,sub-stroke0007,1
train/LVO/p7_sub-stroke0007/selected_ncct/058.jpg,sub-stroke0007,1
train/LVO/p7_sub-stroke0007/selected_ncct/059.jpg,sub-stroke0007,1
train/LVO/p7_sub-stroke0007/selected_ncct/060.jpg,sub-stroke0007,1
train/LVO/p7_sub-stroke0007/selected_ncct/061.jpg,sub-stroke0007,1
train/LVO/p7_sub-stroke0007/selected_ncct/062.jpg,sub-stroke0007,1
train/LVO/p81_sub-stroke0107/selected_ncct/009.jpg,sub-stroke0107,1
train/LVO/p81_sub-stroke0107/selected_ncct/010.jpg,sub-stroke0107,1
train/LVO/p81_sub-stroke0107/selected_ncct/011.jpg,sub-stroke0107,1
train/LVO/p81_sub-stroke0107/selected_ncct/012.jpg,sub-stroke0107,1
train/LVO/p81_sub-stroke0107/selected_ncct/013.jpg,sub-stroke0107,1
train/LVO/p81_sub-stroke0107/selected_ncct/014.jpg,sub-stroke0107,1
train/LVO/p81_sub-stroke0107/selected_ncct/015.jpg,sub-stroke0107,1
train/LVO/p81_sub-stroke0107/selected_ncct/016.jpg,sub-stroke0107,1
train/LVO/p81_sub-stroke0107/selected_ncct/018.jpg,sub-stroke0107,1
train/LVO/p81_sub-stroke0107/selected_ncct/019.jpg,sub-stroke0107,1
train/LVO/p81_sub-stroke0107/selected_ncct/020.jpg,sub-stroke0107,1
train/LVO/p81_sub-stroke0107/selected_ncct/021.jpg,sub-stroke0107,1
train/LVO/p81_sub-stroke0107/selected_ncct/022.jpg,sub-stroke0107,1
train/LVO/p81_sub-stroke0107/selected_ncct/023.jpg,sub-stroke0107,1
train/LVO/p81_sub-stroke0107/selected_ncct/024.jpg,sub-stroke0107,1
train/LVO/p81_sub-stroke0107/selected_ncct/025.jpg,sub-stroke0107,1
train/LVO/p81_sub-stroke0107/selected_ncct/026.jpg,sub-stroke0107,1
train/LVO/p81_sub-stroke0107/selected_ncct/027.jpg,sub-stroke0107,1
train/LVO/p81_sub-stroke0107/selected_ncct/028.jpg,sub-stroke0107,1
train/LVO/p81_sub-stroke0107/selected_ncct/029.jpg,sub-stroke0107,1
train/LVO/p81_sub-stroke0107/selected_ncct/030.jpg,sub-stroke0107,1
train/LVO/p81_sub-stroke0107/selected_ncct/031.jpg,sub-stroke0107,1
train/LVO/p81_sub-stroke0107/selected_ncct/032.jpg,sub-stroke0107,1
train/LVO/p81_sub-stroke0107/selected_ncct/033.jpg,sub-stroke0107,1
train/LVO/p81_sub-stroke0107/selected_ncct/034.jpg,sub-stroke0107,1
train/LVO/p81_sub-stroke0107/selected_ncct/035.jpg,sub-stroke0107,1
train/LVO/p81_sub-stroke0107/selected_ncct/036.jpg,sub-stroke0107,1
train/LVO/p81_sub-stroke0107/selected_ncct/037.jpg,sub-stroke0107,1
train/LVO/p81_sub-stroke0107/selected_ncct/038.jpg,sub-stroke0107,1
train/LVO/p81_sub-stroke0107/selected_ncct/039.jpg,sub-stroke0107,1
train/LVO/p81_sub-stroke0107/selected_ncct/040.jpg,sub-stroke0107,1
train/LVO/p81_sub-stroke0107/selected_ncct/041.jpg,sub-stroke0107,1
train/LVO/p81_sub-stroke0107/selected_ncct/042.jpg,sub-stroke0107,1
train/LVO/p81_sub-stroke0107/selected_ncct/043.jpg,sub-stroke0107,1
train/LVO/p81_sub-stroke0107/selected_ncct/044.jpg,sub-stroke0107,1
train/LVO/p81_sub-stroke0107/selected_ncct/045.jpg,sub-stroke0107,1
train/LVO/p81_sub-stroke0107/selected_ncct/046.jpg,sub-stroke0107,1
train/LVO/p81_sub-stroke0107/selected_ncct/047.jpg,sub-stroke0107,1
train/LVO/p81_sub-stroke0107/selected_ncct/048.jpg,sub-stroke0107,1
train/LVO/p81_sub-stroke0107/selected_ncct/049.jpg,sub-stroke0107,1
train/LVO/p81_sub-stroke0107/selected_ncct/050.jpg,sub-stroke0107,1
train/LVO/p81_sub-stroke0107/selected_ncct/051.jpg,sub-stroke0107,1
train/LVO/p81_sub-stroke0107/selected_ncct/052.jpg,sub-stroke0107,1
train/LVO/p81_sub-stroke0107/selected_ncct/053.jpg,sub-stroke0107,1
train/LVO/p81_sub-stroke0107/selected_ncct/054.jpg,sub-stroke0107,1
train/LVO/p81_sub-stroke0107/selected_ncct/055.jpg,sub-stroke0107,1
train/LVO/p81_sub-stroke0107/selected_ncct/056.jpg,sub-stroke0107,1
train/LVO/p81_sub-stroke0107/selected_ncct/057.jpg,sub-stroke0107,1
train/LVO/p81_sub-stroke0107/selected_ncct/058.jpg,sub-stroke0107,1
train/LVO/p81_sub-stroke0107/selected_ncct/059.jpg,sub-stroke0107,1
train/LVO/p81_sub-stroke0107/selected_ncct/060.jpg,sub-stroke0107,1
train/LVO/p81_sub-stroke0107/selected_ncct/061.jpg,sub-stroke0107,1
train/LVO/p81_sub-stroke0107/selected_ncct/062.jpg,sub-stroke0107,1
train/LVO/p81_sub-stroke0107/selected_ncct/063.jpg,sub-stroke0107,1
train/LVO/p82_sub-stroke0108/selected_ncct/017.jpg,sub-stroke0108,1
train/LVO/p82_sub-stroke0108/selected_ncct/018.jpg,sub-stroke0108,1
train/LVO/p82_sub-stroke0108/selected_ncct/019.jpg,sub-stroke0108,1
train/LVO/p82_sub-stroke0108/selected_ncct/020.jpg,sub-stroke0108,1
train/LVO/p82_sub-stroke0108/selected_ncct/022.jpg,sub-stroke0108,1
train/LVO/p82_sub-stroke0108/selected_ncct/023.jpg,sub-stroke0108,1
train/LVO/p82_sub-stroke0108/selected_ncct/024.jpg,sub-stroke0108,1
train/LVO/p82_sub-stroke0108/selected_ncct/025.jpg,sub-stroke0108,1
train/LVO/p82_sub-stroke0108/selected_ncct/026.jpg,sub-stroke0108,1
train/LVO/p82_sub-stroke0108/selected_ncct/027.jpg,sub-stroke0108,1
train/LVO/p82_sub-stroke0108/selected_ncct/028.jpg,sub-stroke0108,1
train/LVO/p82_sub-stroke0108/selected_ncct/029.jpg,sub-stroke0108,1
train/LVO/p82_sub-stroke0108/selected_ncct/030.jpg,sub-stroke0108,1
train/LVO/p82_sub-stroke0108/selected_ncct/031.jpg,sub-stroke0108,1
train/LVO/p82_sub-stroke0108/selected_ncct/032.jpg,sub-stroke0108,1
train/LVO/p82_sub-stroke0108/selected_ncct/033.jpg,sub-stroke0108,1
train/LVO/p82_sub-stroke0108/selected_ncct/034.jpg,sub-stroke0108,1
train/LVO/p82_sub-stroke0108/selected_ncct/035.jpg,sub-stroke0108,1
train/LVO/p82_sub-stroke0108/selected_ncct/036.jpg,sub-stroke0108,1
train/LVO/p82_sub-stroke0108/selected_ncct/037.jpg,sub-stroke0108,1
train/LVO/p83_sub-stroke0109/selected_ncct/019.jpg,sub-stroke0109,1
train/LVO/p83_sub-stroke0109/selected_ncct/020.jpg,sub-stroke0109,1
train/LVO/p83_sub-stroke0109/selected_ncct/021.jpg,sub-stroke0109,1
train/LVO/p83_sub-stroke0109/selected_ncct/030.jpg,sub-stroke0109,1
train/LVO/p83_sub-stroke0109/selected_ncct/031.jpg,sub-stroke0109,1
train/LVO/p83_sub-stroke0109/selected_ncct/032.jpg,sub-stroke0109,1
train/LVO/p83_sub-stroke0109/selected_ncct/033.jpg,sub-stroke0109,1
train/LVO/p83_sub-stroke0109/selected_ncct/034.jpg,sub-stroke0109,1
train/LVO/p83_sub-stroke0109/selected_ncct/035.jpg,sub-stroke0109,1
train/LVO/p83_sub-stroke0109/selected_ncct/036.jpg,sub-stroke0109,1
train/LVO/p83_sub-stroke0109/selected_ncct/037.jpg,sub-stroke0109,1
train/LVO/p83_sub-stroke0109/selected_ncct/038.jpg,sub-stroke0109,1
train/LVO/p83_sub-stroke0109/selected_ncct/039.jpg,sub-stroke0109,1
train/LVO/p83_sub-stroke0109/selected_ncct/040.jpg,sub-stroke0109,1
train/LVO/p86_sub-stroke0112/selected_ncct/029.jpg,sub-stroke0112,1
train/LVO/p86_sub-stroke0112/selected_ncct/030.jpg,sub-stroke0112,1
train/LVO/p86_sub-stroke0112/selected_ncct/031.jpg,sub-stroke0112,1
train/LVO/p86_sub-stroke0112/selected_ncct/032.jpg,sub-stroke0112,1
train/LVO/p86_sub-stroke0112/selected_ncct/033.jpg,sub-stroke0112,1
train/LVO/p86_sub-stroke0112/selected_ncct/034.jpg,sub-stroke0112,1
train/LVO/p86_sub-stroke0112/selected_ncct/035.jpg,sub-stroke0112,1
train/LVO/p86_sub-stroke0112/selected_ncct/036.jpg,sub-stroke0112,1
train/LVO/p86_sub-stroke0112/selected_ncct/037.jpg,sub-stroke0112,1
train/LVO/p86_sub-stroke0112/selected_ncct/038.jpg,sub-stroke0112,1
train/LVO/p86_sub-stroke0112/selected_ncct/039.jpg,sub-stroke0112,1
train/LVO/p86_sub-stroke0112/selected_ncct/040.jpg,sub-stroke0112,1
train/LVO/p86_sub-stroke0112/selected_ncct/041.jpg,sub-stroke0112,1
train/LVO/p86_sub-stroke0112/selected_ncct/042.jpg,sub-stroke0112,1
train/LVO/p86_sub-stroke0112/selected_ncct/043.jpg,sub-stroke0112,1
train/LVO/p86_sub-stroke0112/selected_ncct/044.jpg,sub-stroke0112,1
train/LVO/p86_sub-stroke0112/selected_ncct/045.jpg,sub-stroke0112,1
train/LVO/p86_sub-stroke0112/selected_ncct/046.jpg,sub-stroke0112,1
train/LVO/p87_sub-stroke0113/selected_ncct/025.jpg,sub-stroke0113,1
train/LVO/p87_sub-stroke0113/selected_ncct/026.jpg,sub-stroke0113,1
train/LVO/p87_sub-stroke0113/selected_ncct/027.jpg,sub-stroke0113,1
train/LVO/p87_sub-stroke0113/selected_ncct/028.jpg,sub-stroke0113,1
train/LVO/p87_sub-stroke0113/selected_ncct/029.jpg,sub-stroke0113,1
train/LVO/p87_sub-stroke0113/selected_ncct/030.jpg,sub-stroke0113,1
train/LVO/p87_sub-stroke0113/selected_ncct/031.jpg,sub-stroke0113,1
train/LVO/p87_sub-stroke0113/selected_ncct/032.jpg,sub-stroke0113,1
train/LVO/p87_sub-stroke0113/selected_ncct/033.jpg,sub-stroke0113,1
train/LVO/p87_sub-stroke0113/selected_ncct/035.jpg,sub-stroke0113,1
train/LVO/p87_sub-stroke0113/selected_ncct/036.jpg,sub-stroke0113,1
train/LVO/p87_sub-stroke0113/selected_ncct/037.jpg,sub-stroke0113,1
train/LVO/p87_sub-stroke0113/selected_ncct/038.jpg,sub-stroke0113,1
train/LVO/p87_sub-stroke0113/selected_ncct/039.jpg,sub-stroke0113,1
train/LVO/p87_sub-stroke0113/selected_ncct/040.jpg,sub-stroke0113,1
train/LVO/p87_sub-stroke0113/selected_ncct/041.jpg,sub-stroke0113,1
train/LVO/p87_sub-stroke0113/selected_ncct/042.jpg,sub-stroke0113,1
train/LVO/p87_sub-stroke0113/selected_ncct/043.jpg,sub-stroke0113,1
train/LVO/p87_sub-stroke0113/selected_ncct/044.jpg,sub-stroke0113,1
train/LVO/p87_sub-stroke0113/selected_ncct/045.jpg,sub-stroke0113,1
train/LVO/p87_sub-stroke0113/selected_ncct/046.jpg,sub-stroke0113,1
train/LVO/p87_sub-stroke0113/selected_ncct/047.jpg,sub-stroke0113,1
train/LVO/p87_sub-stroke0113/selected_ncct/048.jpg,sub-stroke0113,1
train/LVO/p87_sub-stroke0113/selected_ncct/049.jpg,sub-stroke0113,1
train/LVO/p88_sub-stroke0114/selected_ncct/013.jpg,sub-stroke0114,1
train/LVO/p88_sub-stroke0114/selected_ncct/014.jpg,sub-stroke0114,1
train/LVO/p88_sub-stroke0114/selected_ncct/015.jpg,sub-stroke0114,1
train/LVO/p88_sub-stroke0114/selected_ncct/016.jpg,sub-stroke0114,1
train/LVO/p88_sub-stroke0114/selected_ncct/017.jpg,sub-stroke0114,1
train/LVO/p88_sub-stroke0114/selected_ncct/018.jpg,sub-stroke0114,1
train/LVO/p88_sub-stroke0114/selected_ncct/019.jpg,sub-stroke0114,1
train/LVO/p88_sub-stroke0114/selected_ncct/020.jpg,sub-stroke0114,1
train/LVO/p88_sub-stroke0114/selected_ncct/022.jpg,sub-stroke0114,1
train/LVO/p88_sub-stroke0114/selected_ncct/023.jpg,sub-stroke0114,1
train/LVO/p88_sub-stroke0114/selected_ncct/024.jpg,sub-stroke0114,1
train/LVO/p88_sub-stroke0114/selected_ncct/025.jpg,sub-stroke0114,1
train/LVO/p88_sub-stroke0114/selected_ncct/026.jpg,sub-stroke0114,1
train/LVO/p88_sub-stroke0114/selected_ncct/027.jpg,sub-stroke0114,1
train/LVO/p88_sub-stroke0114/selected_ncct/028.jpg,sub-stroke0114,1
train/LVO/p88_sub-stroke0114/selected_ncct/029.jpg,sub-stroke0114,1
train/LVO/p88_sub-stroke0114/selected_ncct/030.jpg,sub-stroke0114,1
train/LVO/p88_sub-stroke0114/selected_ncct/031.jpg,sub-stroke0114,1
train/LVO/p88_sub-stroke0114/selected_ncct/032.jpg,sub-stroke0114,1
train/LVO/p88_sub-stroke0114/selected_ncct/033.jpg,sub-stroke0114,1
train/LVO/p88_sub-stroke0114/selected_ncct/034.jpg,sub-stroke0114,1
train/LVO/p88_sub-stroke0114/selected_ncct/035.jpg,sub-stroke0114,1
train/LVO/p88_sub-stroke0114/selected_ncct/036.jpg,sub-stroke0114,1
train/LVO/p88_sub-stroke0114/selected_ncct/037.jpg,sub-stroke0114,1
train/LVO/p88_sub-stroke0114/selected_ncct/038.jpg,sub-stroke0114,1
train/LVO/p88_sub-stroke0114/selected_ncct/039.jpg,sub-stroke0114,1
train/LVO/p88_sub-stroke0114/selected_ncct/040.jpg,sub-stroke0114,1
train/LVO/p88_sub-stroke0114/selected_ncct/041.jpg,sub-stroke0114,1
train/LVO/p89_sub-stroke0115/selected_ncct/010.jpg,sub-stroke0115,1
train/LVO/p89_sub-stroke0115/selected_ncct/011.jpg,sub-stroke0115,1
train/LVO/p89_sub-stroke0115/selected_ncct/012.jpg,sub-stroke0115,1
train/LVO/p89_sub-stroke0115/selected_ncct/013.jpg,sub-stroke0115,1
train/LVO/p89_sub-stroke0115/selected_ncct/014.jpg,sub-stroke0115,1
train/LVO/p89_sub-stroke0115/selected_ncct/015.jpg,sub-stroke0115,1
train/LVO/p89_sub-stroke0115/selected_ncct/016.jpg,sub-stroke0115,1
train/LVO/p89_sub-stroke0115/selected_ncct/018.jpg,sub-stroke0115,1
train/LVO/p89_sub-stroke0115/selected_ncct/019.jpg,sub-stroke0115,1
train/LVO/p89_sub-stroke0115/selected_ncct/020.jpg,sub-stroke0115,1
train/LVO/p89_sub-stroke0115/selected_ncct/021.jpg,sub-stroke0115,1
train/LVO/p89_sub-stroke0115/selected_ncct/022.jpg,sub-stroke0115,1
train/LVO/p89_sub-stroke0115/selected_ncct/023.jpg,sub-stroke0115,1
train/LVO/p89_sub-stroke0115/selected_ncct/024.jpg,sub-stroke0115,1
train/LVO/p89_sub-stroke0115/selected_ncct/025.jpg,sub-stroke0115,1
train/LVO/p89_sub-stroke0115/selected_ncct/026.jpg,sub-stroke0115,1
train/LVO/p89_sub-stroke0115/selected_ncct/027.jpg,sub-stroke0115,1
train/LVO/p89_sub-stroke0115/selected_ncct/028.jpg,sub-stroke0115,1
train/LVO/p89_sub-stroke0115/selected_ncct/029.jpg,sub-stroke0115,1
train/LVO/p89_sub-stroke0115/selected_ncct/030.jpg,sub-stroke0115,1
train/LVO/p89_sub-stroke0115/selected_ncct/031.jpg,sub-stroke0115,1
train/LVO/p89_sub-stroke0115/selected_ncct/032.jpg,sub-stroke0115,1
train/LVO/p89_sub-stroke0115/selected_ncct/033.jpg,sub-stroke0115,1
train/LVO/p89_sub-stroke0115/selected_ncct/034.jpg,sub-stroke0115,1
train/LVO/p89_sub-stroke0115/selected_ncct/035.jpg,sub-stroke0115,1
train/LVO/p89_sub-stroke0115/selected_ncct/036.jpg,sub-stroke0115,1
train/LVO/p89_sub-stroke0115/selected_ncct/037.jpg,sub-stroke0115,1
train/LVO/p89_sub-stroke0115/selected_ncct/038.jpg,sub-stroke0115,1
train/LVO/p89_sub-stroke0115/selected_ncct/039.jpg,sub-stroke0115,1
train/LVO/p89_sub-stroke0115/selected_ncct/040.jpg,sub-stroke0115,1
train/LVO/p89_sub-stroke0115/selected_ncct/041.jpg,sub-stroke0115,1
train/LVO/p89_sub-stroke0115/selected_ncct/042.jpg,sub-stroke0115,1
train/LVO/p89_sub-stroke0115/selected_ncct/043.jpg,sub-stroke0115,1
train/LVO/p89_sub-stroke0115/selected_ncct/044.jpg,sub-stroke0115,1
train/LVO/p89_sub-stroke0115/selected_ncct/045.jpg,sub-stroke0115,1
train/LVO/p89_sub-stroke0115/selected_ncct/046.jpg,sub-stroke0115,1
train/LVO/p89_sub-stroke0115/selected_ncct/047.jpg,sub-stroke0115,1
train/LVO/p89_sub-stroke0115/selected_ncct/048.jpg,sub-stroke0115,1
train/LVO/p89_sub-stroke0115/selected_ncct/049.jpg,sub-stroke0115,1
train/LVO/p89_sub-stroke0115/selected_ncct/050.jpg,sub-stroke0115,1
train/LVO/p89_sub-stroke0115/selected_ncct/051.jpg,sub-stroke0115,1
train/LVO/p89_sub-stroke0115/selected_ncct/052.jpg,sub-stroke0115,1
train/LVO/p89_sub-stroke0115/selected_ncct/053.jpg,sub-stroke0115,1
train/LVO/p89_sub-stroke0115/selected_ncct/054.jpg,sub-stroke0115,1
train/LVO/p89_sub-stroke0115/selected_ncct/055.jpg,sub-stroke0115,1
train/LVO/p89_sub-stroke0115/selected_ncct/056.jpg,sub-stroke0115,1
train/LVO/p89_sub-stroke0115/selected_ncct/057.jpg,sub-stroke0115,1
train/LVO/p89_sub-stroke0115/selected_ncct/058.jpg,sub-stroke0115,1
train/LVO/p89_sub-stroke0115/selected_ncct/059.jpg,sub-stroke0115,1
train/LVO/p8_sub-stroke0008/selected_ncct/025.jpg,sub-stroke0008,1
train/LVO/p8_sub-stroke0008/selected_ncct/026.jpg,sub-stroke0008,1
train/LVO/p8_sub-stroke0008/selected_ncct/028.jpg,sub-stroke0008,1
train/LVO/p8_sub-stroke0008/selected_ncct/029.jpg,sub-stroke0008,1
train/LVO/p8_sub-stroke0008/selected_ncct/030.jpg,sub-stroke0008,1
train/LVO/p8_sub-stroke0008/selected_ncct/031.jpg,sub-stroke0008,1
train/LVO/p8_sub-stroke0008/selected_ncct/044.jpg,sub-stroke0008,1
train/LVO/p8_sub-stroke0008/selected_ncct/045.jpg,sub-stroke0008,1
train/LVO/p8_sub-stroke0008/selected_ncct/046.jpg,sub-stroke0008,1
train/LVO/p8_sub-stroke0008/selected_ncct/047.jpg,sub-stroke0008,1
train/LVO/p8_sub-stroke0008/selected_ncct/048.jpg,sub-stroke0008,1
train/LVO/p8_sub-stroke0008/selected_ncct/049.jpg,sub-stroke0008,1
train/LVO/p8_sub-stroke0008/selected_ncct/050.jpg,sub-stroke0008,1
train/LVO/p8_sub-stroke0008/selected_ncct/051.jpg,sub-stroke0008,1
train/LVO/p8_sub-stroke0008/selected_ncct/052.jpg,sub-stroke0008,1
train/LVO/p8_sub-stroke0008/selected_ncct/053.jpg,sub-stroke0008,1
train/LVO/p8_sub-stroke0008/selected_ncct/054.jpg,sub-stroke0008,1
train/LVO/p8_sub-stroke0008/selected_ncct/055.jpg,sub-stroke0008,1
train/LVO/p8_sub-stroke0008/selected_ncct/056.jpg,sub-stroke0008,1
train/LVO/p8_sub-stroke0008/selected_ncct/057.jpg,sub-stroke0008,1
train/LVO/p8_sub-stroke0008/selected_ncct/058.jpg,sub-stroke0008,1
train/LVO/p8_sub-stroke0008/selected_ncct/059.jpg,sub-stroke0008,1
train/LVO/p8_sub-stroke0008/selected_ncct/060.jpg,sub-stroke0008,1
train/LVO/p8_sub-stroke0008/selected_ncct/061.jpg,sub-stroke0008,1
train/LVO/p8_sub-stroke0008/selected_ncct/062.jpg,sub-stroke0008,1
train/LVO/p8_sub-stroke0008/selected_ncct/063.jpg,sub-stroke0008,1
train/LVO/p8_sub-stroke0008/selected_ncct/064.jpg,sub-stroke0008,1
train/LVO/p8_sub-stroke0008/selected_ncct/065.jpg,sub-stroke0008,1
train/LVO/p8_sub-stroke0008/selected_ncct/066.jpg,sub-stroke0008,1
train/LVO/p90_sub-stroke0116/selected_ncct/024.jpg,sub-stroke0116,1
train/LVO/p90_sub-stroke0116/selected_ncct/025.jpg,sub-stroke0116,1
train/LVO/p90_sub-stroke0116/selected_ncct/026.jpg,sub-stroke0116,1
train/LVO/p90_sub-stroke0116/selected_ncct/027.jpg,sub-stroke0116,1
train/LVO/p90_sub-stroke0116/selected_ncct/035.jpg,sub-stroke0116,1
train/LVO/p90_sub-stroke0116/selected_ncct/036.jpg,sub-stroke0116,1
train/LVO/p90_sub-stroke0116/selected_ncct/037.jpg,sub-stroke0116,1
train/LVO/p90_sub-stroke0116/selected_ncct/038.jpg,sub-stroke0116,1
train/LVO/p90_sub-stroke0116/selected_ncct/039.jpg,sub-stroke0116,1
train/LVO/p90_sub-stroke0116/selected_ncct/040.jpg,sub-stroke0116,1
train/LVO/p90_sub-stroke0116/selected_ncct/041.jpg,sub-stroke0116,1
train/LVO/p90_sub-stroke0116/selected_ncct/042.jpg,sub-stroke0116,1
train/LVO/p90_sub-stroke0116/selected_ncct/043.jpg,sub-stroke0116,1
train/LVO/p90_sub-stroke0116/selected_ncct/044.jpg,sub-stroke0116,1
train/LVO/p90_sub-stroke0116/selected_ncct/045.jpg,sub-stroke0116,1
train/LVO/p90_sub-stroke0116/selected_ncct/046.jpg,sub-stroke0116,1
train/LVO/p90_sub-stroke0116/selected_ncct/047.jpg,sub-stroke0116,1
train/LVO/p90_sub-stroke0116/selected_ncct/048.jpg,sub-stroke0116,1
train/LVO/p90_sub-stroke0116/selected_ncct/049.jpg,sub-stroke0116,1
train/LVO/p90_sub-stroke0116/selected_ncct/050.jpg,sub-stroke0116,1
train/LVO/p90_sub-stroke0116/selected_ncct/051.jpg,sub-stroke0116,1
train/LVO/p90_sub-stroke0116/selected_ncct/052.jpg,sub-stroke0116,1
train/LVO/p90_sub-stroke0116/selected_ncct/053.jpg,sub-stroke0116,1
train/LVO/p90_sub-stroke0116/selected_ncct/054.jpg,sub-stroke0116,1
train/LVO/p90_sub-stroke0116/selected_ncct/055.jpg,sub-stroke0116,1
train/LVO/p90_sub-stroke0116/selected_ncct/056.jpg,sub-stroke0116,1
train/LVO/p90_sub-stroke0116/selected_ncct/057.jpg,sub-stroke0116,1
train/LVO/p90_sub-stroke0116/selected_ncct/058.jpg,sub-stroke0116,1
train/LVO/p90_sub-stroke0116/selected_ncct/059.jpg,sub-stroke0116,1
train/LVO/p90_sub-stroke0116/selected_ncct/060.jpg,sub-stroke0116,1
train/LVO/p90_sub-stroke0116/selected_ncct/061.jpg,sub-stroke0116,1
train/LVO/p90_sub-stroke0116/selected_ncct/062.jpg,sub-stroke0116,1
train/LVO/p90_sub-stroke0116/selected_ncct/063.jpg,sub-stroke0116,1
train/LVO/p90_sub-stroke0116/selected_ncct/064.jpg,sub-stroke0116,1
train/LVO/p91_sub-stroke0117/selected_ncct/018.jpg,sub-stroke0117,1
train/LVO/p91_sub-stroke0117/selected_ncct/020.jpg,sub-stroke0117,1
train/LVO/p91_sub-stroke0117/selected_ncct/021.jpg,sub-stroke0117,1
train/LVO/p91_sub-stroke0117/selected_ncct/022.jpg,sub-stroke0117,1
train/LVO/p91_sub-stroke0117/selected_ncct/023.jpg,sub-stroke0117,1
train/LVO/p91_sub-stroke0117/selected_ncct/024.jpg,sub-stroke0117,1
train/LVO/p91_sub-stroke0117/selected_ncct/025.jpg,sub-stroke0117,1
train/LVO/p91_sub-stroke0117/selected_ncct/026.jpg,sub-stroke0117,1
train/LVO/p91_sub-stroke0117/selected_ncct/027.jpg,sub-stroke0117,1
train/LVO/p91_sub-stroke0117/selected_ncct/028.jpg,sub-stroke0117,1
train/LVO/p91_sub-stroke0117/selected_ncct/033.jpg,sub-stroke0117,1
train/LVO/p92_sub-stroke0118/selected_ncct/036.jpg,sub-stroke0118,1
train/LVO/p92_sub-stroke0118/selected_ncct/037.jpg,sub-stroke0118,1
train/LVO/p92_sub-stroke0118/selected_ncct/038.jpg,sub-stroke0118,1
train/LVO/p92_sub-stroke0118/selected_ncct/039.jpg,sub-stroke0118,1
train/LVO/p92_sub-stroke0118/selected_ncct/040.jpg,sub-stroke0118,1
train/LVO/p92_sub-stroke0118/selected_ncct/041.jpg,sub-stroke0118,1
train/LVO/p92_sub-stroke0118/selected_ncct/042.jpg,sub-stroke0118,1
train/LVO/p92_sub-stroke0118/selected_ncct/043.jpg,sub-stroke0118,1
train/LVO/p92_sub-stroke0118/selected_ncct/044.jpg,sub-stroke0118,1
train/LVO/p92_sub-stroke0118/selected_ncct/045.jpg,sub-stroke0118,1
train/LVO/p92_sub-stroke0118/selected_ncct/046.jpg,sub-stroke0118,1
train/LVO/p92_sub-stroke0118/selected_ncct/047.jpg,sub-stroke0118,1
train/LVO/p92_sub-stroke0118/selected_ncct/048.jpg,sub-stroke0118,1
train/LVO/p92_sub-stroke0118/selected_ncct/049.jpg,sub-stroke0118,1
train/LVO/p92_sub-stroke0118/selected_ncct/050.jpg,sub-stroke0118,1
train/LVO/p92_sub-stroke0118/selected_ncct/051.jpg,sub-stroke0118,1
train/LVO/p92_sub-stroke0118/selected_ncct/052.jpg,sub-stroke0118,1
train/LVO/p92_sub-stroke0118/selected_ncct/053.jpg,sub-stroke0118,1
train/LVO/p92_sub-stroke0118/selected_ncct/054.jpg,sub-stroke0118,1
train/LVO/p92_sub-stroke0118/selected_ncct/055.jpg,sub-stroke0118,1
train/LVO/p92_sub-stroke0118/selected_ncct/056.jpg,sub-stroke0118,1
train/LVO/p92_sub-stroke0118/selected_ncct/057.jpg,sub-stroke0118,1
train/LVO/p92_sub-stroke0118/selected_ncct/058.jpg,sub-stroke0118,1
train/LVO/p92_sub-stroke0118/selected_ncct/059.jpg,sub-stroke0118,1
train/LVO/p92_sub-stroke0118/selected_ncct/060.jpg,sub-stroke0118,1
train/LVO/p92_sub-stroke0118/selected_ncct/061.jpg,sub-stroke0118,1
train/LVO/p92_sub-stroke0118/selected_ncct/062.jpg,sub-stroke0118,1
train/LVO/p92_sub-stroke0118/selected_ncct/063.jpg,sub-stroke0118,1
train/LVO/p92_sub-stroke0118/selected_ncct/064.jpg,sub-stroke0118,1
train/LVO/p92_sub-stroke0118/selected_ncct/065.jpg,sub-stroke0118,1
train/LVO/p92_sub-stroke0118/selected_ncct/066.jpg,sub-stroke0118,1
train/LVO/p92_sub-stroke0118/selected_ncct/067.jpg,sub-stroke0118,1
train/LVO/p94_sub-stroke0133/selected_ncct/011.jpg,sub-stroke0133,1
train/LVO/p94_sub-stroke0133/selected_ncct/012.jpg,sub-stroke0133,1
train/LVO/p94_sub-stroke0133/selected_ncct/013.jpg,sub-stroke0133,1
train/LVO/p94_sub-stroke0133/selected_ncct/014.jpg,sub-stroke0133,1
train/LVO/p94_sub-stroke0133/selected_ncct/015.jpg,sub-stroke0133,1
train/LVO/p94_sub-stroke0133/selected_ncct/017.jpg,sub-stroke0133,1
train/LVO/p94_sub-stroke0133/selected_ncct/018.jpg,sub-stroke0133,1
train/LVO/p94_sub-stroke0133/selected_ncct/019.jpg,sub-stroke0133,1
train/LVO/p94_sub-stroke0133/selected_ncct/020.jpg,sub-stroke0133,1
train/LVO/p94_sub-stroke0133/selected_ncct/021.jpg,sub-stroke0133,1
train/LVO/p94_sub-stroke0133/selected_ncct/022.jpg,sub-stroke0133,1
train/LVO/p94_sub-stroke0133/selected_ncct/023.jpg,sub-stroke0133,1
train/LVO/p94_sub-stroke0133/selected_ncct/024.jpg,sub-stroke0133,1
train/LVO/p94_sub-stroke0133/selected_ncct/025.jpg,sub-stroke0133,1
train/LVO/p94_sub-stroke0133/selected_ncct/026.jpg,sub-stroke0133,1
train/LVO/p94_sub-stroke0133/selected_ncct/027.jpg,sub-stroke0133,1
train/LVO/p94_sub-stroke0133/selected_ncct/028.jpg,sub-stroke0133,1
train/LVO/p94_sub-stroke0133/selected_ncct/029.jpg,sub-stroke0133,1
train/LVO/p94_sub-stroke0133/selected_ncct/030.jpg,sub-stroke0133,1
train/LVO/p94_sub-stroke0133/selected_ncct/031.jpg,sub-stroke0133,1
train/LVO/p94_sub-stroke0133/selected_ncct/032.jpg,sub-stroke0133,1
train/LVO/p94_sub-stroke0133/selected_ncct/033.jpg,sub-stroke0133,1
train/LVO/p95_sub-stroke0134/selected_ncct/015.jpg,sub-stroke0134,1
train/LVO/p95_sub-stroke0134/selected_ncct/016.jpg,sub-stroke0134,1
train/LVO/p95_sub-stroke0134/selected_ncct/017.jpg,sub-stroke0134,1
train/LVO/p95_sub-stroke0134/selected_ncct/018.jpg,sub-stroke0134,1
train/LVO/p95_sub-stroke0134/selected_ncct/019.jpg,sub-stroke0134,1
train/LVO/p95_sub-stroke0134/selected_ncct/020.jpg,sub-stroke0134,1
train/LVO/p95_sub-stroke0134/selected_ncct/021.jpg,sub-stroke0134,1
train/LVO/p95_sub-stroke0134/selected_ncct/022.jpg,sub-stroke0134,1
train/LVO/p95_sub-stroke0134/selected_ncct/023.jpg,sub-stroke0134,1
train/LVO/p95_sub-stroke0134/selected_ncct/024.jpg,sub-stroke0134,1
train/LVO/p95_sub-stroke0134/selected_ncct/025.jpg,sub-stroke0134,1
train/LVO/p95_sub-stroke0134/selected_ncct/026.jpg,sub-stroke0134,1
train/LVO/p95_sub-stroke0134/selected_ncct/027.jpg,sub-stroke0134,1
train/LVO/p95_sub-stroke0134/selected_ncct/028.jpg,sub-stroke0134,1
train/LVO/p95_sub-stroke0134/selected_ncct/029.jpg,sub-stroke0134,1
train/LVO/p97_sub-stroke0136/selected_ncct/017.jpg,sub-stroke0136,1
train/LVO/p97_sub-stroke0136/selected_ncct/018.jpg,sub-stroke0136,1
train/LVO/p97_sub-stroke0136/selected_ncct/020.jpg,sub-stroke0136,1
train/LVO/p97_sub-stroke0136/selected_ncct/021.jpg,sub-stroke0136,1
train/LVO/p97_sub-stroke0136/selected_ncct/022.jpg,sub-stroke0136,1
train/LVO/p97_sub-stroke0136/selected_ncct/023.jpg,sub-stroke0136,1
train/LVO/p97_sub-stroke0136/selected_ncct/024.jpg,sub-stroke0136,1
train/LVO/p97_sub-stroke0136/selected_ncct/025.jpg,sub-stroke0136,1
train/LVO/p97_sub-stroke0136/selected_ncct/028.jpg,sub-stroke0136,1
train/LVO/p98_sub-stroke0137/selected_ncct/014.jpg,sub-stroke0137,1
train/LVO/p98_sub-stroke0137/selected_ncct/015.jpg,sub-stroke0137,1
train/LVO/p98_sub-stroke0137/selected_ncct/016.jpg,sub-stroke0137,1
train/LVO/p98_sub-stroke0137/selected_ncct/017.jpg,sub-stroke0137,1
train/LVO/p98_sub-stroke0137/selected_ncct/018.jpg,sub-stroke0137,1
train/LVO/p98_sub-stroke0137/selected_ncct/025.jpg,sub-stroke0137,1
train/LVO/p98_sub-stroke0137/selected_ncct/026.jpg,sub-stroke0137,1
train/LVO/p98_sub-stroke0137/selected_ncct/027.jpg,sub-stroke0137,1
train/LVO/p98_sub-stroke0137/selected_ncct/028.jpg,sub-stroke0137,1
train/LVO/p98_sub-stroke0137/selected_ncct/029.jpg,sub-stroke0137,1
train/LVO/p98_sub-stroke0137/selected_ncct/030.jpg,sub-stroke0137,1
train/LVO/p98_sub-stroke0137/selected_ncct/031.jpg,sub-stroke0137,1
train/LVO/p98_sub-stroke0137/selected_ncct/033.jpg,sub-stroke0137,1
train/LVO/p98_sub-stroke0137/selected_ncct/034.jpg,sub-stroke0137,1
train/LVO/p98_sub-stroke0137/selected_ncct/035.jpg,sub-stroke0137,1
train/LVO/p98_sub-stroke0137/selected_ncct/036.jpg,sub-stroke0137,1
train/LVO/p98_sub-stroke0137/selected_ncct/037.jpg,sub-stroke0137,1
train/LVO/p98_sub-stroke0137/selected_ncct/038.jpg,sub-stroke0137,1
train/LVO/p98_sub-stroke0137/selected_ncct/039.jpg,sub-stroke0137,1
train/LVO/p98_sub-stroke0137/selected_ncct/040.jpg,sub-stroke0137,1
train/LVO/p98_sub-stroke0137/selected_ncct/041.jpg,sub-stroke0137,1
train/LVO/p98_sub-stroke0137/selected_ncct/042.jpg,sub-stroke0137,1
train/LVO/p98_sub-stroke0137/selected_ncct/043.jpg,sub-stroke0137,1
train/LVO/p98_sub-stroke0137/selected_ncct/044.jpg,sub-stroke0137,1
train/LVO/p98_sub-stroke0137/selected_ncct/045.jpg,sub-stroke0137,1
train/LVO/p98_sub-stroke0137/selected_ncct/046.jpg,sub-stroke0137,1
train/LVO/p98_sub-stroke0137/selected_ncct/047.jpg,sub-stroke0137,1
train/LVO/p98_sub-stroke0137/selected_ncct/048.jpg,sub-stroke0137,1
train/LVO/p98_sub-stroke0137/selected_ncct/049.jpg,sub-stroke0137,1
train/LVO/p98_sub-stroke0137/selected_ncct/050.jpg,sub-stroke0137,1
train/LVO/p98_sub-stroke0137/selected_ncct/051.jpg,sub-stroke0137,1
train/LVO/p98_sub-stroke0137/selected_ncct/052.jpg,sub-stroke0137,1
train/LVO/p98_sub-stroke0137/selected_ncct/053.jpg,sub-stroke0137,1
train/LVO/p98_sub-stroke0137/selected_ncct/054.jpg,sub-stroke0137,1
train/LVO/p98_sub-stroke0137/selected_ncct/055.jpg,sub-stroke0137,1
train/LVO/p98_sub-stroke0137/selected_ncct/056.jpg,sub-stroke0137,1
train/LVO/p98_sub-stroke0137/selected_ncct/057.jpg,sub-stroke0137,1
train/LVO/p98_sub-stroke0137/selected_ncct/058.jpg,sub-stroke0137,1
train/LVO/p98_sub-stroke0137/selected_ncct/059.jpg,sub-stroke0137,1
train/LVO/p98_sub-stroke0137/selected_ncct/060.jpg,sub-stroke0137,1
train/LVO/p98_sub-stroke0137/selected_ncct/061.jpg,sub-stroke0137,1
train/LVO/p98_sub-stroke0137/selected_ncct/062.jpg,sub-stroke0137,1
train/LVO/p98_sub-stroke0137/selected_ncct/063.jpg,sub-stroke0137,1
train/LVO/p98_sub-stroke0137/selected_ncct/064.jpg,sub-stroke0137,1
train/LVO/p98_sub-stroke0137/selected_ncct/065.jpg,sub-stroke0137,1
train/LVO/p98_sub-stroke0137/selected_ncct/066.jpg,sub-stroke0137,1
train/LVO/p99_sub-stroke0138/selected_ncct/015.jpg,sub-stroke0138,1
train/LVO/p99_sub-stroke0138/selected_ncct/016.jpg,sub-stroke0138,1
train/LVO/p99_sub-stroke0138/selected_ncct/017.jpg,sub-stroke0138,1
train/LVO/p99_sub-stroke0138/selected_ncct/018.jpg,sub-stroke0138,1
train/LVO/p99_sub-stroke0138/selected_ncct/019.jpg,sub-stroke0138,1
train/LVO/p99_sub-stroke0138/selected_ncct/020.jpg,sub-stroke0138,1
train/LVO/p99_sub-stroke0138/selected_ncct/021.jpg,sub-stroke0138,1
train/LVO/p99_sub-stroke0138/selected_ncct/022.jpg,sub-stroke0138,1
train/LVO/p99_sub-stroke0138/selected_ncct/023.jpg,sub-stroke0138,1
train/LVO/p99_sub-stroke0138/selected_ncct/024.jpg,sub-stroke0138,1
train/LVO/p99_sub-stroke0138/selected_ncct/025.jpg,sub-stroke0138,1
train/LVO/p99_sub-stroke0138/selected_ncct/026.jpg,sub-stroke0138,1
train/LVO/p99_sub-stroke0138/selected_ncct/027.jpg,sub-stroke0138,1
train/LVO/p99_sub-stroke0138/selected_ncct/028.jpg,sub-stroke0138,1
train/LVO/p99_sub-stroke0138/selected_ncct/029.jpg,sub-stroke0138,1
train/LVO/p99_sub-stroke0138/selected_ncct/030.jpg,sub-stroke0138,1
train/LVO/p99_sub-stroke0138/selected_ncct/031.jpg,sub-stroke0138,1
train/LVO/p99_sub-stroke0138/selected_ncct/032.jpg,sub-stroke0138,1
train/LVO/p99_sub-stroke0138/selected_ncct/033.jpg,sub-stroke0138,1
train/LVO/p99_sub-stroke0138/selected_ncct/034.jpg,sub-stroke0138,1
train/LVO/p99_sub-stroke0138/selected_ncct/035.jpg,sub-stroke0138,1
train/LVO/p9_sub-stroke0009/selected_ncct/019.jpg,sub-stroke0009,1
train/LVO/p9_sub-stroke0009/selected_ncct/020.jpg,sub-stroke0009,1
train/LVO/p9_sub-stroke0009/selected_ncct/021.jpg,sub-stroke0009,1
train/LVO/p9_sub-stroke0009/selected_ncct/022.jpg,sub-stroke0009,1
train/LVO/p9_sub-stroke0009/selected_ncct/023.jpg,sub-stroke0009,1
train/LVO/p9_sub-stroke0009/selected_ncct/024.jpg,sub-stroke0009,1
train/LVO/p9_sub-stroke0009/selected_ncct/025.jpg,sub-stroke0009,1
train/LVO/p9_sub-stroke0009/selected_ncct/026.jpg,sub-stroke0009,1
train/LVO/p9_sub-stroke0009/selected_ncct/027.jpg,sub-stroke0009,1
train/LVO/p9_sub-stroke0009/selected_ncct/028.jpg,sub-stroke0009,1
train/LVO/p9_sub-stroke0009/selected_ncct/029.jpg,sub-stroke0009,1
train/LVO/p9_sub-stroke0009/selected_ncct/030.jpg,sub-stroke0009,1
train/LVO/p9_sub-stroke0009/selected_ncct/031.jpg,sub-stroke0009,1
train/LVO/p9_sub-stroke0009/selected_ncct/032.jpg,sub-stroke0009,1
train/LVO/p9_sub-stroke0009/selected_ncct/033.jpg,sub-stroke0009,1
train/LVO/p9_sub-stroke0009/selected_ncct/034.jpg,sub-stroke0009,1
train/LVO/p9_sub-stroke0009/selected_ncct/035.jpg,sub-stroke0009,1
train/LVO/p9_sub-stroke0009/selected_ncct/036.jpg,sub-stroke0009,1
train/LVO/p9_sub-stroke0009/selected_ncct/037.jpg,sub-stroke0009,1
train/LVO/p9_sub-stroke0009/selected_ncct/038.jpg,sub-stroke0009,1
train/LVO/p9_sub-stroke0009/selected_ncct/039.jpg,sub-stroke0009,1
train/LVO/p9_sub-stroke0009/selected_ncct/040.jpg,sub-stroke0009,1
train/LVO/p9_sub-stroke0009/selected_ncct/041.jpg,sub-stroke0009,1
train/LVO/p9_sub-stroke0009/selected_ncct/042.jpg,sub-stroke0009,1
train/LVO/p9_sub-stroke0009/selected_ncct/043.jpg,sub-stroke0009,1
train/LVO/p9_sub-stroke0009/selected_ncct/044.jpg,sub-stroke0009,1
train/LVO/p9_sub-stroke0009/selected_ncct/045.jpg,sub-stroke0009,1
train/LVO/p9_sub-stroke0009/selected_ncct/046.jpg,sub-stroke0009,1
train/LVO/p9_sub-stroke0009/selected_ncct/047.jpg,sub-stroke0009,1
train/LVO/p9_sub-stroke0009/selected_ncct/048.jpg,sub-stroke0009,1
train/LVO/p9_sub-stroke0009/selected_ncct/049.jpg,sub-stroke0009,1
train/LVO/p9_sub-stroke0009/selected_ncct/050.jpg,sub-stroke0009,1
train/LVO/p9_sub-stroke0009/selected_ncct/051.jpg,sub-stroke0009,1
train/NON-LVO/lacunarCT-001/01.jpg,lacunarCT-001,0
train/NON-LVO/lacunarCT-001/02.jpg,lacunarCT-001,0
train/NON-LVO/lacunarCT-001/03.jpg,lacunarCT-001,0
train/NON-LVO/lacunarCT-001/04.jpg,lacunarCT-001,0
train/NON-LVO/lacunarCT-001/05.jpg,lacunarCT-001,0
train/NON-LVO/lacunarCT-001/06.jpg,lacunarCT-001,0
train/NON-LVO/lacunarCT-001/07.jpg,lacunarCT-001,0
train/NON-LVO/lacunarCT-001/08.jpg,lacunarCT-001,0
train/NON-LVO/lacunarCT-001/09.jpg,lacunarCT-001,0
train/NON-LVO/lacunarCT-001/10.jpg,lacunarCT-001,0
train/NON-LVO/lacunarCT-001/11.jpg,lacunarCT-001,0
train/NON-LVO/lacunarCT-001/12.jpg,lacunarCT-001,0
train/NON-LVO/lacunarCT-001/13.jpg,lacunarCT-001,0
train/NON-LVO/lacunarCT-001/14.jpg,lacunarCT-001,0
train/NON-LVO/lacunarCT-001/15.jpg,lacunarCT-001,0
train/NON-LVO/lacunarCT-001/16.jpg,lacunarCT-001,0
train/NON-LVO/lacunarCT-001/17.jpg,lacunarCT-001,0
train/NON-LVO/lacunarCT-001/18.jpg,lacunarCT-001,0
train/NON-LVO/lacunarCT-001/19.jpg,lacunarCT-001,0
train/NON-LVO/lacunarCT-001/20.jpg,lacunarCT-001,0
train/NON-LVO/lacunarCT-001/21.jpg,lacunarCT-001,0
train/NON-LVO/lacunarCT-001/22.jpg,lacunarCT-001,0
train/NON-LVO/lacunarCT-001/23.jpg,lacunarCT-001,0
train/NON-LVO/lacunarCT-001/24.jpg,lacunarCT-001,0
train/NON-LVO/lacunarCT-001/25.jpg,lacunarCT-001,0
train/NON-LVO/lacunarCT-001/26.jpg,lacunarCT-001,0
train/NON-LVO/lacunarCT-001/27.jpg,lacunarCT-001,0
train/NON-LVO/lacunarCT-001/28.jpg,lacunarCT-001,0
train/NON-LVO/lacunarCT-001/29.jpg,lacunarCT-001,0
train/NON-LVO/lacunarCT-001/30.jpg,lacunarCT-001,0
train/NON-LVO/lacunarCT-001/31.jpg,lacunarCT-001,0
train/NON-LVO/lacunarCT-001/32.jpg,lacunarCT-001,0
train/NON-LVO/lacunarCT-001/33.jpg,lacunarCT-001,0
train/NON-LVO/lacunarCT-001/34.jpg,lacunarCT-001,0
train/NON-LVO/lacunarCT-001/35.jpg,lacunarCT-001,0
train/NON-LVO/lacunarCT-001/36.jpg,lacunarCT-001,0
train/NON-LVO/lacunarCT-001/37.jpg,lacunarCT-001,0
train/NON-LVO/lacunarCT-001/38.jpg,lacunarCT-001,0
train/NON-LVO/lacunarCT-001/39.jpg,lacunarCT-001,0
train/NON-LVO/lacunarCT-002/01.jpg,lacunarCT-002,0
train/NON-LVO/lacunarCT-002/02.jpg,lacunarCT-002,0
train/NON-LVO/lacunarCT-002/03.jpg,lacunarCT-002,0
train/NON-LVO/lacunarCT-002/04.jpg,lacunarCT-002,0
train/NON-LVO/lacunarCT-002/05.jpg,lacunarCT-002,0
train/NON-LVO/lacunarCT-002/06.jpg,lacunarCT-002,0
train/NON-LVO/lacunarCT-002/07.jpg,lacunarCT-002,0
train/NON-LVO/lacunarCT-002/08.jpg,lacunarCT-002,0
train/NON-LVO/lacunarCT-002/09.jpg,lacunarCT-002,0
train/NON-LVO/lacunarCT-002/10.jpg,lacunarCT-002,0
train/NON-LVO/lacunarCT-002/11.jpg,lacunarCT-002,0
train/NON-LVO/lacunarCT-002/12.jpg,lacunarCT-002,0
train/NON-LVO/lacunarCT-002/13.jpg,lacunarCT-002,0
train/NON-LVO/lacunarCT-002/14.jpg,lacunarCT-002,0
train/NON-LVO/lacunarCT-002/15.jpg,lacunarCT-002,0
train/NON-LVO/lacunarCT-002/16.jpg,lacunarCT-002,0
train/NON-LVO/lacunarCT-002/17.jpg,lacunarCT-002,0
train/NON-LVO/lacunarCT-002/18.jpg,lacunarCT-002,0
train/NON-LVO/lacunarCT-002/19.jpg,lacunarCT-002,0
train/NON-LVO/lacunarCT-002/20.jpg,lacunarCT-002,0
train/NON-LVO/lacunarCT-002/21.jpg,lacunarCT-002,0
train/NON-LVO/lacunarCT-002/22.jpg,lacunarCT-002,0
train/NON-LVO/lacunarCT-002/23.jpg,lacunarCT-002,0
train/NON-LVO/lacunarCT-002/24.jpg,lacunarCT-002,0
train/NON-LVO/lacunarCT-002/25.jpg,lacunarCT-002,0
train/NON-LVO/lacunarCT-002/26.jpg,lacunarCT-002,0
train/NON-LVO/lacunarCT-002/27.jpg,lacunarCT-002,0
train/NON-LVO/lacunarCT-002/28.jpg,lacunarCT-002,0
train/NON-LVO/lacunarCT-002/29.jpg,lacunarCT-002,0
train/NON-LVO/lacunarCT-002/30.jpg,lacunarCT-002,0
train/NON-LVO/lacunarCT-002/31.jpg,lacunarCT-002,0
train/NON-LVO/lacunarCT-002/32.jpg,lacunarCT-002,0
train/NON-LVO/lacunarCT-002/33.jpg,lacunarCT-002,0
train/NON-LVO/lacunarCT-002/34.jpg,lacunarCT-002,0
train/NON-LVO/lacunarCT-002/35.jpg,lacunarCT-002,0
train/NON-LVO/lacunarCT-002/36.jpg,lacunarCT-002,0
train/NON-LVO/lacunarCT-002/37.jpg,lacunarCT-002,0
train/NON-LVO/lacunarCT-002/38.jpg,lacunarCT-002,0
train/NON-LVO/lacunarCT-002/39.jpg,lacunarCT-002,0
train/NON-LVO/lacunarCT-002/40.jpg,lacunarCT-002,0
train/NON-LVO/lacunarCT-002/41.jpg,lacunarCT-002,0
train/NON-LVO/lacunarCT-002/42.jpg,lacunarCT-002,0
train/NON-LVO/lacunarCT-002/43.jpg,lacunarCT-002,0
train/NON-LVO/lacunarCT-002/44.jpg,lacunarCT-002,0
train/NON-LVO/lacunarCT-003/01.jpg,lacunarCT-003,0
train/NON-LVO/lacunarCT-003/02.jpg,lacunarCT-003,0
train/NON-LVO/lacunarCT-003/03.jpg,lacunarCT-003,0
train/NON-LVO/lacunarCT-003/04.jpg,lacunarCT-003,0
train/NON-LVO/lacunarCT-003/05.jpg,lacunarCT-003,0
train/NON-LVO/lacunarCT-003/06.jpg,lacunarCT-003,0
train/NON-LVO/lacunarCT-003/07.jpg,lacunarCT-003,0
train/NON-LVO/lacunarCT-003/08.jpg,lacunarCT-003,0
train/NON-LVO/lacunarCT-003/09.jpg,lacunarCT-003,0
train/NON-LVO/lacunarCT-003/10.jpg,lacunarCT-003,0
train/NON-LVO/lacunarCT-003/11.jpg,lacunarCT-003,0
train/NON-LVO/lacunarCT-003/12.jpg,lacunarCT-003,0
train/NON-LVO/lacunarCT-003/13.jpg,lacunarCT-003,0
train/NON-LVO/lacunarCT-003/14.jpg,lacunarCT-003,0
train/NON-LVO/lacunarCT-003/15.jpg,lacunarCT-003,0
train/NON-LVO/lacunarCT-003/16.jpg,lacunarCT-003,0
train/NON-LVO/lacunarCT-003/17.jpg,lacunarCT-003,0
train/NON-LVO/lacunarCT-003/18.jpg,lacunarCT-003,0
train/NON-LVO/lacunarCT-003/19.jpg,lacunarCT-003,0
train/NON-LVO/lacunarCT-003/20.jpg,lacunarCT-003,0
train/NON-LVO/lacunarCT-003/21.jpg,lacunarCT-003,0
train/NON-LVO/lacunarCT-003/22.jpg,lacunarCT-003,0
train/NON-LVO/lacunarCT-003/23.jpg,lacunarCT-003,0
train/NON-LVO/lacunarCT-003/24.jpg,lacunarCT-003,0
train/NON-LVO/lacunarCT-003/25.jpg,lacunarCT-003,0
train/NON-LVO/lacunarCT-003/26.jpg,lacunarCT-003,0
train/NON-LVO/lacunarCT-003/27.jpg,lacunarCT-003,0
train/NON-LVO/lacunarCT-003/28.jpg,lacunarCT-003,0
train/NON-LVO/lacunarCT-003/29.jpg,lacunarCT-003,0
train/NON-LVO/lacunarCT-003/30.jpg,lacunarCT-003,0
train/NON-LVO/lacunarCT-003/31.jpg,lacunarCT-003,0
train/NON-LVO/lacunarCT-003/32.jpg,lacunarCT-003,0
train/NON-LVO/lacunarCT-003/33.jpg,lacunarCT-003,0
train/NON-LVO/lacunarCT-003/34.jpg,lacunarCT-003,0
train/NON-LVO/lacunarCT-003/35.jpg,lacunarCT-003,0
train/NON-LVO/lacunarCT-003/36.jpg,lacunarCT-003,0
train/NON-LVO/lacunarCT-003/37.jpg,lacunarCT-003,0
train/NON-LVO/lacunarCT-003/38.jpg,lacunarCT-003,0
train/NON-LVO/lacunarCT-003/39.jpg,lacunarCT-003,0
train/NON-LVO/lacunarCT-003/40.jpg,lacunarCT-003,0
train/NON-LVO/lacunarCT-003/41.jpg,lacunarCT-003,0
train/NON-LVO/lacunarCT-003/42.jpg,lacunarCT-003,0
train/NON-LVO/lacunarCT-003/43.jpg,lacunarCT-003,0
train/NON-LVO/lacunarCT-003/44.jpg,lacunarCT-003,0
train/NON-LVO/lacunarCT-003/45.jpg,lacunarCT-003,0
train/NON-LVO/lacunarCT-005/01.jpg,lacunarCT-005,0
train/NON-LVO/lacunarCT-005/02.jpg,lacunarCT-005,0
train/NON-LVO/lacunarCT-005/03.jpg,lacunarCT-005,0
train/NON-LVO/lacunarCT-005/04.jpg,lacunarCT-005,0
train/NON-LVO/lacunarCT-005/05.jpg,lacunarCT-005,0
train/NON-LVO/lacunarCT-005/06.jpg,lacunarCT-005,0
train/NON-LVO/lacunarCT-005/07.jpg,lacunarCT-005,0
train/NON-LVO/lacunarCT-005/08.jpg,lacunarCT-005,0
train/NON-LVO/lacunarCT-005/09.jpg,lacunarCT-005,0
train/NON-LVO/lacunarCT-005/10.jpg,lacunarCT-005,0
train/NON-LVO/lacunarCT-005/11.jpg,lacunarCT-005,0
train/NON-LVO/lacunarCT-005/12.jpg,lacunarCT-005,0
train/NON-LVO/lacunarCT-005/13.jpg,lacunarCT-005,0
train/NON-LVO/lacunarCT-005/14.jpg,lacunarCT-005,0
train/NON-LVO/lacunarCT-005/15.jpg,lacunarCT-005,0
train/NON-LVO/lacunarCT-005/16.jpg,lacunarCT-005,0
train/NON-LVO/lacunarCT-005/17.jpg,lacunarCT-005,0
train/NON-LVO/lacunarCT-005/18.jpg,lacunarCT-005,0
train/NON-LVO/lacunarCT-005/19.jpg,lacunarCT-005,0
train/NON-LVO/lacunarCT-005/20.jpg,lacunarCT-005,0
train/NON-LVO/lacunarCT-005/21.jpg,lacunarCT-005,0
train/NON-LVO/lacunarCT-005/22.jpg,lacunarCT-005,0
train/NON-LVO/lacunarCT-005/23.jpg,lacunarCT-005,0
train/NON-LVO/lacunarCT-005/24.jpg,lacunarCT-005,0
train/NON-LVO/lacunarCT-005/25.jpg,lacunarCT-005,0
train/NON-LVO/lacunarCT-005/26.jpg,lacunarCT-005,0
train/NON-LVO/lacunarCT-005/27.jpg,lacunarCT-005,0
train/NON-LVO/lacunarCT-005/28.jpg,lacunarCT-005,0
train/NON-LVO/lacunarCT-005/29.jpg,lacunarCT-005,0
train/NON-LVO/lacunarCT-005/30.jpg,lacunarCT-005,0
train/NON-LVO/lacunarCT-005/31.jpg,lacunarCT-005,0
train/NON-LVO/lacunarCT-005/32.jpg,lacunarCT-005,0
train/NON-LVO/lacunarCT-005/33.jpg,lacunarCT-005,0
train/NON-LVO/lacunarCT-005/34.jpg,lacunarCT-005,0
train/NON-LVO/lacunarCT-005/35.jpg,lacunarCT-005,0
train/NON-LVO/lacunarCT-005/36.jpg,lacunarCT-005,0
train/NON-LVO/lacunarCT-005/37.jpg,lacunarCT-005,0
train/NON-LVO/lacunarCT-005/38.jpg,lacunarCT-005,0
train/NON-LVO/lacunarCT-005/39.jpg,lacunarCT-005,0
train/NON-LVO/lacunarCT-005/40.jpg,lacunarCT-005,0
train/NON-LVO/lacunarCT-005/41.jpg,lacunarCT-005,0
train/NON-LVO/lacunarCT-007/01.jpg,lacunarCT-007,0
train/NON-LVO/lacunarCT-007/02.jpg,lacunarCT-007,0
train/NON-LVO/lacunarCT-007/03.jpg,lacunarCT-007,0
train/NON-LVO/lacunarCT-007/04.jpg,lacunarCT-007,0
train/NON-LVO/lacunarCT-007/05.jpg,lacunarCT-007,0
train/NON-LVO/lacunarCT-007/06.jpg,lacunarCT-007,0
train/NON-LVO/lacunarCT-007/07.jpg,lacunarCT-007,0
train/NON-LVO/lacunarCT-007/08.jpg,lacunarCT-007,0
train/NON-LVO/lacunarCT-007/09.jpg,lacunarCT-007,0
train/NON-LVO/lacunarCT-007/10.jpg,lacunarCT-007,0
train/NON-LVO/lacunarCT-007/11.jpg,lacunarCT-007,0
train/NON-LVO/lacunarCT-007/12.jpg,lacunarCT-007,0
train/NON-LVO/lacunarCT-007/13.jpg,lacunarCT-007,0
train/NON-LVO/lacunarCT-007/14.jpg,lacunarCT-007,0
train/NON-LVO/lacunarCT-007/15.jpg,lacunarCT-007,0
train/NON-LVO/lacunarCT-007/16.jpg,lacunarCT-007,0
train/NON-LVO/lacunarCT-007/17.jpg,lacunarCT-007,0
train/NON-LVO/lacunarCT-007/18.jpg,lacunarCT-007,0
train/NON-LVO/lacunarCT-007/19.jpg,lacunarCT-007,0
train/NON-LVO/lacunarCT-007/20.jpg,lacunarCT-007,0
train/NON-LVO/lacunarCT-007/21.jpg,lacunarCT-007,0
train/NON-LVO/lacunarCT-007/22.jpg,lacunarCT-007,0
train/NON-LVO/lacunarCT-007/23.jpg,lacunarCT-007,0
train/NON-LVO/lacunarCT-007/24.jpg,lacunarCT-007,0
train/NON-LVO/lacunarCT-007/25.jpg,lacunarCT-007,0
train/NON-LVO/lacunarCT-007/26.jpg,lacunarCT-007,0
train/NON-LVO/lacunarCT-007/27.jpg,lacunarCT-007,0
train/NON-LVO/lacunarCT-007/28.jpg,lacunarCT-007,0
train/NON-LVO/lacunarCT-007/29.jpg,lacunarCT-007,0
train/NON-LVO/lacunarCT-007/30.jpg,lacunarCT-007,0
train/NON-LVO/lacunarCT-007/31.jpg,lacunarCT-007,0
train/NON-LVO/lacunarCT-007/32.jpg,lacunarCT-007,0
train/NON-LVO/lacunarCT-007/33.jpg,lacunarCT-007,0
train/NON-LVO/lacunarCT-007/34.jpg,lacunarCT-007,0
train/NON-LVO/lacunarCT-007/35.jpg,lacunarCT-007,0
train/NON-LVO/lacunarCT-007/36.jpg,lacunarCT-007,0
train/NON-LVO/lacunarCT-007/37.jpg,lacunarCT-007,0
train/NON-LVO/lacunarCT-007/38.jpg,lacunarCT-007,0
train/NON-LVO/lacunarCT-007/39.jpg,lacunarCT-007,0
train/NON-LVO/lacunarCT-007/40.jpg,lacunarCT-007,0
train/NON-LVO/lacunarCT-007/41.jpg,lacunarCT-007,0
train/NON-LVO/lacunarCT-007/42.jpg,lacunarCT-007,0
train/NON-LVO/lacunarCT-007/43.jpg,lacunarCT-007,0
train/NON-LVO/lacunarCT-007/44.jpg,lacunarCT-007,0
train/NON-LVO/lacunarCT-007/45.jpg,lacunarCT-007,0
train/NON-LVO/lacunarCT-007/46.jpg,lacunarCT-007,0
train/NON-LVO/lacunarCT-009/01.jpg,lacunarCT-009,0
train/NON-LVO/lacunarCT-009/02.jpg,lacunarCT-009,0
train/NON-LVO/lacunarCT-009/03.jpg,lacunarCT-009,0
train/NON-LVO/lacunarCT-009/04.jpg,lacunarCT-009,0
train/NON-LVO/lacunarCT-009/05.jpg,lacunarCT-009,0
train/NON-LVO/lacunarCT-009/06.jpg,lacunarCT-009,0
train/NON-LVO/lacunarCT-009/07.jpg,lacunarCT-009,0
train/NON-LVO/lacunarCT-009/08.jpg,lacunarCT-009,0
train/NON-LVO/lacunarCT-009/09.jpg,lacunarCT-009,0
train/NON-LVO/lacunarCT-009/10.jpg,lacunarCT-009,0
train/NON-LVO/lacunarCT-009/11.jpg,lacunarCT-009,0
train/NON-LVO/lacunarCT-009/12.jpg,lacunarCT-009,0
train/NON-LVO/lacunarCT-009/13.jpg,lacunarCT-009,0
train/NON-LVO/lacunarCT-009/14.jpg,lacunarCT-009,0
train/NON-LVO/lacunarCT-009/15.jpg,lacunarCT-009,0
train/NON-LVO/lacunarCT-009/16.jpg,lacunarCT-009,0
train/NON-LVO/lacunarCT-009/17.jpg,lacunarCT-009,0
train/NON-LVO/lacunarCT-009/18.jpg,lacunarCT-009,0
train/NON-LVO/lacunarCT-009/19.jpg,lacunarCT-009,0
train/NON-LVO/lacunarCT-009/20.jpg,lacunarCT-009,0
train/NON-LVO/lacunarCT-009/21.jpg,lacunarCT-009,0
train/NON-LVO/lacunarCT-009/22.jpg,lacunarCT-009,0
train/NON-LVO/lacunarCT-009/23.jpg,lacunarCT-009,0
train/NON-LVO/lacunarCT-009/24.jpg,lacunarCT-009,0
train/NON-LVO/lacunarCT-009/25.jpg,lacunarCT-009,0
train/NON-LVO/lacunarCT-009/26.jpg,lacunarCT-009,0
train/NON-LVO/lacunarCT-009/27.jpg,lacunarCT-009,0
train/NON-LVO/lacunarCT-009/28.jpg,lacunarCT-009,0
train/NON-LVO/lacunarCT-009/29.jpg,lacunarCT-009,0
train/NON-LVO/lacunarCT-009/30.jpg,lacunarCT-009,0
train/NON-LVO/lacunarCT-009/31.jpg,lacunarCT-009,0
train/NON-LVO/lacunarCT-009/32.jpg,lacunarCT-009,0
train/NON-LVO/lacunarCT-009/33.jpg,lacunarCT-009,0
train/NON-LVO/lacunarCT-009/34.jpg,lacunarCT-009,0
train/NON-LVO/lacunarCT-009/35.jpg,lacunarCT-009,0
train/NON-LVO/lacunarCT-009/36.jpg,lacunarCT-009,0
train/NON-LVO/lacunarCT-009/37.jpg,lacunarCT-009,0
train/NON-LVO/lacunarCT-009/38.jpg,lacunarCT-009,0
train/NON-LVO/lacunarCT-009/39.jpg,lacunarCT-009,0
train/NON-LVO/lacunarCT-009/40.jpg,lacunarCT-009,0
train/NON-LVO/lacunarCT-011/01.jpg,lacunarCT-011,0
train/NON-LVO/lacunarCT-011/02.jpg,lacunarCT-011,0
train/NON-LVO/lacunarCT-011/03.jpg,lacunarCT-011,0
train/NON-LVO/lacunarCT-011/04.jpg,lacunarCT-011,0
train/NON-LVO/lacunarCT-011/05.jpg,lacunarCT-011,0
train/NON-LVO/lacunarCT-011/06.jpg,lacunarCT-011,0
train/NON-LVO/lacunarCT-011/07.jpg,lacunarCT-011,0
train/NON-LVO/lacunarCT-011/08.jpg,lacunarCT-011,0
train/NON-LVO/lacunarCT-011/09.jpg,lacunarCT-011,0
train/NON-LVO/lacunarCT-011/10.jpg,lacunarCT-011,0
train/NON-LVO/lacunarCT-011/11.jpg,lacunarCT-011,0
train/NON-LVO/lacunarCT-011/12.jpg,lacunarCT-011,0
train/NON-LVO/lacunarCT-011/13.jpg,lacunarCT-011,0
train/NON-LVO/lacunarCT-011/14.jpg,lacunarCT-011,0
train/NON-LVO/lacunarCT-011/15.jpg,lacunarCT-011,0
train/NON-LVO/lacunarCT-011/16.jpg,lacunarCT-011,0
train/NON-LVO/lacunarCT-011/17.jpg,lacunarCT-011,0
train/NON-LVO/lacunarCT-011/18.jpg,lacunarCT-011,0
train/NON-LVO/lacunarCT-011/19.jpg,lacunarCT-011,0
train/NON-LVO/lacunarCT-011/20.jpg,lacunarCT-011,0
train/NON-LVO/lacunarCT-011/21.jpg,lacunarCT-011,0
train/NON-LVO/lacunarCT-011/22.jpg,lacunarCT-011,0
train/NON-LVO/lacunarCT-011/23.jpg,lacunarCT-011,0
train/NON-LVO/lacunarCT-011/24.jpg,lacunarCT-011,0
train/NON-LVO/lacunarCT-011/25.jpg,lacunarCT-011,0
train/NON-LVO/lacunarCT-011/26.jpg,lacunarCT-011,0
train/NON-LVO/lacunarCT-011/27.jpg,lacunarCT-011,0
train/NON-LVO/lacunarCT-011/28.jpg,lacunarCT-011,0
train/NON-LVO/lacunarCT-011/29.jpg,lacunarCT-011,0
train/NON-LVO/lacunarCT-011/30.jpg,lacunarCT-011,0
train/NON-LVO/lacunarCT-011/31.jpg,lacunarCT-011,0
train/NON-LVO/lacunarCT-011/32.jpg,lacunarCT-011,0
train/NON-LVO/lacunarCT-011/33.jpg,lacunarCT-011,0
train/NON-LVO/lacunarCT-011/34.jpg,lacunarCT-011,0
train/NON-LVO/lacunarCT-011/35.jpg,lacunarCT-011,0
train/NON-LVO/lacunarCT-011/36.jpg,lacunarCT-011,0
train/NON-LVO/lacunarCT-011/37.jpg,lacunarCT-011,0
train/NON-LVO/lacunarCT-011/38.jpg,lacunarCT-011,0
train/NON-LVO/lacunarCT-011/39.jpg,lacunarCT-011,0
train/NON-LVO/lacunarCT-012/01.jpg,lacunarCT-012,0
train/NON-LVO/lacunarCT-012/02.jpg,lacunarCT-012,0
train/NON-LVO/lacunarCT-012/03.jpg,lacunarCT-012,0
train/NON-LVO/lacunarCT-012/04.jpg,lacunarCT-012,0
train/NON-LVO/lacunarCT-012/05.jpg,lacunarCT-012,0
train/NON-LVO/lacunarCT-012/06.jpg,lacunarCT-012,0
train/NON-LVO/lacunarCT-012/07.jpg,lacunarCT-012,0
train/NON-LVO/lacunarCT-012/08.jpg,lacunarCT-012,0
train/NON-LVO/lacunarCT-012/09.jpg,lacunarCT-012,0
train/NON-LVO/lacunarCT-012/10.jpg,lacunarCT-012,0
train/NON-LVO/lacunarCT-012/11.jpg,lacunarCT-012,0
train/NON-LVO/lacunarCT-012/12.jpg,lacunarCT-012,0
train/NON-LVO/lacunarCT-012/13.jpg,lacunarCT-012,0
train/NON-LVO/lacunarCT-012/14.jpg,lacunarCT-012,0
train/NON-LVO/lacunarCT-012/15.jpg,lacunarCT-012,0
train/NON-LVO/lacunarCT-012/16.jpg,lacunarCT-012,0
train/NON-LVO/lacunarCT-012/17.jpg,lacunarCT-012,0
train/NON-LVO/lacunarCT-012/18.jpg,lacunarCT-012,0
train/NON-LVO/lacunarCT-012/19.jpg,lacunarCT-012,0
train/NON-LVO/lacunarCT-012/20.jpg,lacunarCT-012,0
train/NON-LVO/lacunarCT-012/21.jpg,lacunarCT-012,0
train/NON-LVO/lacunarCT-012/22.jpg,lacunarCT-012,0
train/NON-LVO/lacunarCT-012/23.jpg,lacunarCT-012,0
train/NON-LVO/lacunarCT-012/24.jpg,lacunarCT-012,0
train/NON-LVO/lacunarCT-012/25.jpg,lacunarCT-012,0
train/NON-LVO/lacunarCT-012/26.jpg,lacunarCT-012,0
train/NON-LVO/lacunarCT-012/27.jpg,lacunarCT-012,0
train/NON-LVO/lacunarCT-012/28.jpg,lacunarCT-012,0
train/NON-LVO/lacunarCT-012/29.jpg,lacunarCT-012,0
train/NON-LVO/lacunarCT-012/30.jpg,lacunarCT-012,0
train/NON-LVO/lacunarCT-012/31.jpg,lacunarCT-012,0
train/NON-LVO/lacunarCT-012/32.jpg,lacunarCT-012,0
train/NON-LVO/lacunarCT-012/33.jpg,lacunarCT-012,0
train/NON-LVO/lacunarCT-012/34.jpg,lacunarCT-012,0
train/NON-LVO/lacunarCT-012/35.jpg,lacunarCT-012,0
train/NON-LVO/lacunarCT-012/36.jpg,lacunarCT-012,0
train/NON-LVO/lacunarCT-012/37.jpg,lacunarCT-012,0
train/NON-LVO/lacunarCT-012/38.jpg,lacunarCT-012,0
train/NON-LVO/lacunarCT-012/39.jpg,lacunarCT-012,0
train/NON-LVO/lacunarCT-012/40.jpg,lacunarCT-012,0
train/NON-LVO/lacunarCT-012/41.jpg,lacunarCT-012,0
train/NON-LVO/lacunarCT-012/42.jpg,lacunarCT-012,0
train/NON-LVO/lacunarCT-012/43.jpg,lacunarCT-012,0
train/NON-LVO/lacunarCT-012/44.jpg,lacunarCT-012,0
train/NON-LVO/lacunarCT-012/45.jpg,lacunarCT-012,0
train/NON-LVO/lacunarCT-013/01.jpg,lacunarCT-013,0
train/NON-LVO/lacunarCT-013/02.jpg,lacunarCT-013,0
train/NON-LVO/lacunarCT-013/03.jpg,lacunarCT-013,0
train/NON-LVO/lacunarCT-013/04.jpg,lacunarCT-013,0
train/NON-LVO/lacunarCT-013/05.jpg,lacunarCT-013,0
train/NON-LVO/lacunarCT-013/06.jpg,lacunarCT-013,0
train/NON-LVO/lacunarCT-013/07.jpg,lacunarCT-013,0
train/NON-LVO/lacunarCT-013/08.jpg,lacunarCT-013,0
train/NON-LVO/lacunarCT-013/09.jpg,lacunarCT-013,0
train/NON-LVO/lacunarCT-013/10.jpg,lacunarCT-013,0
train/NON-LVO/lacunarCT-013/11.jpg,lacunarCT-013,0
train/NON-LVO/lacunarCT-013/12.jpg,lacunarCT-013,0
train/NON-LVO/lacunarCT-013/13.jpg,lacunarCT-013,0
train/NON-LVO/lacunarCT-013/14.jpg,lacunarCT-013,0
train/NON-LVO/lacunarCT-013/15.jpg,lacunarCT-013,0
train/NON-LVO/lacunarCT-013/16.jpg,lacunarCT-013,0
train/NON-LVO/lacunarCT-013/17.jpg,lacunarCT-013,0
train/NON-LVO/lacunarCT-013/18.jpg,lacunarCT-013,0
train/NON-LVO/lacunarCT-013/19.jpg,lacunarCT-013,0
train/NON-LVO/lacunarCT-013/20.jpg,lacunarCT-013,0
train/NON-LVO/lacunarCT-013/21.jpg,lacunarCT-013,0
train/NON-LVO/lacunarCT-013/22.jpg,lacunarCT-013,0
train/NON-LVO/lacunarCT-013/23.jpg,lacunarCT-013,0
train/NON-LVO/lacunarCT-013/24.jpg,lacunarCT-013,0
train/NON-LVO/lacunarCT-013/25.jpg,lacunarCT-013,0
train/NON-LVO/lacunarCT-013/26.jpg,lacunarCT-013,0
train/NON-LVO/lacunarCT-013/27.jpg,lacunarCT-013,0
train/NON-LVO/lacunarCT-013/28.jpg,lacunarCT-013,0
train/NON-LVO/lacunarCT-013/29.jpg,lacunarCT-013,0
train/NON-LVO/lacunarCT-013/30.jpg,lacunarCT-013,0
train/NON-LVO/lacunarCT-013/31.jpg,lacunarCT-013,0
train/NON-LVO/lacunarCT-013/32.jpg,lacunarCT-013,0
train/NON-LVO/lacunarCT-013/33.jpg,lacunarCT-013,0
train/NON-LVO/lacunarCT-013/34.jpg,lacunarCT-013,0
train/NON-LVO/lacunarCT-013/35.jpg,lacunarCT-013,0
train/NON-LVO/lacunarCT-013/36.jpg,lacunarCT-013,0
train/NON-LVO/lacunarCT-013/37.jpg,lacunarCT-013,0
train/NON-LVO/lacunarCT-013/38.jpg,lacunarCT-013,0
train/NON-LVO/lacunarCT-013/39.jpg,lacunarCT-013,0
train/NON-LVO/lacunarCT-013/40.jpg,lacunarCT-013,0
train/NON-LVO/lacunarCT-013/41.jpg,lacunarCT-013,0
train/NON-LVO/lacunarCT-013/42.jpg,lacunarCT-013,0
train/NON-LVO/lacunarCT-013/43.jpg,lacunarCT-013,0
train/NON-LVO/lacunarCT-013/44.jpg,lacunarCT-013,0
train/NON-LVO/lacunarCT-013/45.jpg,lacunarCT-013,0
train/NON-LVO/lacunarCT-013/46.jpg,lacunarCT-013,0
train/NON-LVO/lacunarCT-014/01.jpg,lacunarCT-014,0
train/NON-LVO/lacunarCT-014/02.jpg,lacunarCT-014,0
train/NON-LVO/lacunarCT-014/03.jpg,lacunarCT-014,0
train/NON-LVO/lacunarCT-014/04.jpg,lacunarCT-014,0
train/NON-LVO/lacunarCT-014/05.jpg,lacunarCT-014,0
train/NON-LVO/lacunarCT-014/06.jpg,lacunarCT-014,0
train/NON-LVO/lacunarCT-014/07.jpg,lacunarCT-014,0
train/NON-LVO/lacunarCT-014/08.jpg,lacunarCT-014,0
train/NON-LVO/lacunarCT-014/09.jpg,lacunarCT-014,0
train/NON-LVO/lacunarCT-014/10.jpg,lacunarCT-014,0
train/NON-LVO/lacunarCT-014/11.jpg,lacunarCT-014,0
train/NON-LVO/lacunarCT-014/12.jpg,lacunarCT-014,0
train/NON-LVO/lacunarCT-014/13.jpg,lacunarCT-014,0
train/NON-LVO/lacunarCT-014/14.jpg,lacunarCT-014,0
train/NON-LVO/lacunarCT-014/15.jpg,lacunarCT-014,0
train/NON-LVO/lacunarCT-014/16.jpg,lacunarCT-014,0
train/NON-LVO/lacunarCT-014/17.jpg,lacunarCT-014,0
train/NON-LVO/lacunarCT-014/18.jpg,lacunarCT-014,0
train/NON-LVO/lacunarCT-014/19.jpg,lacunarCT-014,0
train/NON-LVO/lacunarCT-014/20.jpg,lacunarCT-014,0
train/NON-LVO/lacunarCT-014/21.jpg,lacunarCT-014,0
train/NON-LVO/lacunarCT-014/22.jpg,lacunarCT-014,0
train/NON-LVO/lacunarCT-014/23.jpg,lacunarCT-014,0
train/NON-LVO/lacunarCT-014/24.jpg,lacunarCT-014,0
train/NON-LVO/lacunarCT-014/25.jpg,lacunarCT-014,0
train/NON-LVO/lacunarCT-014/26.jpg,lacunarCT-014,0
train/NON-LVO/lacunarCT-014/27.jpg,lacunarCT-014,0
train/NON-LVO/lacunarCT-014/28.jpg,lacunarCT-014,0
train/NON-LVO/lacunarCT-014/29.jpg,lacunarCT-014,0
train/NON-LVO/lacunarCT-014/30.jpg,lacunarCT-014,0
train/NON-LVO/lacunarCT-014/31.jpg,lacunarCT-014,0
train/NON-LVO/lacunarCT-014/32.jpg,lacunarCT-014,0
train/NON-LVO/lacunarCT-014/33.jpg,lacunarCT-014,0
train/NON-LVO/lacunarCT-014/34.jpg,lacunarCT-014,0
train/NON-LVO/lacunarCT-015/01.jpg,lacunarCT-015,0
train/NON-LVO/lacunarCT-015/02.jpg,lacunarCT-015,0
train/NON-LVO/lacunarCT-015/03.jpg,lacunarCT-015,0
train/NON-LVO/lacunarCT-015/04.jpg,lacunarCT-015,0
train/NON-LVO/lacunarCT-015/05.jpg,lacunarCT-015,0
train/NON-LVO/lacunarCT-015/06.jpg,lacunarCT-015,0
train/NON-LVO/lacunarCT-015/07.jpg,lacunarCT-015,0
train/NON-LVO/lacunarCT-015/08.jpg,lacunarCT-015,0
train/NON-LVO/lacunarCT-015/09.jpg,lacunarCT-015,0
train/NON-LVO/lacunarCT-015/10.jpg,lacunarCT-015,0
train/NON-LVO/lacunarCT-015/11.jpg,lacunarCT-015,0
train/NON-LVO/lacunarCT-015/12.jpg,lacunarCT-015,0
train/NON-LVO/lacunarCT-015/13.jpg,lacunarCT-015,0
train/NON-LVO/lacunarCT-015/14.jpg,lacunarCT-015,0
train/NON-LVO/lacunarCT-015/15.jpg,lacunarCT-015,0
train/NON-LVO/lacunarCT-015/16.jpg,lacunarCT-015,0
train/NON-LVO/lacunarCT-015/17.jpg,lacunarCT-015,0
train/NON-LVO/lacunarCT-015/18.jpg,lacunarCT-015,0
train/NON-LVO/lacunarCT-015/19.jpg,lacunarCT-015,0
train/NON-LVO/lacunarCT-015/20.jpg,lacunarCT-015,0
train/NON-LVO/lacunarCT-015/21.jpg,lacunarCT-015,0
train/NON-LVO/lacunarCT-015/22.jpg,lacunarCT-015,0
train/NON-LVO/lacunarCT-015/23.jpg,lacunarCT-015,0
train/NON-LVO/lacunarCT-015/24.jpg,lacunarCT-015,0
train/NON-LVO/lacunarCT-015/25.jpg,lacunarCT-015,0
train/NON-LVO/lacunarCT-015/26.jpg,lacunarCT-015,0
train/NON-LVO/lacunarCT-015/27.jpg,lacunarCT-015,0
train/NON-LVO/lacunarCT-015/28.jpg,lacunarCT-015,0
train/NON-LVO/lacunarCT-015/29.jpg,lacunarCT-015,0
train/NON-LVO/lacunarCT-015/30.jpg,lacunarCT-015,0
train/NON-LVO/lacunarCT-015/31.jpg,lacunarCT-015,0
train/NON-LVO/lacunarCT-015/32.jpg,lacunarCT-015,0
train/NON-LVO/lacunarCT-015/33.jpg,lacunarCT-015,0
train/NON-LVO/lacunarCT-015/34.jpg,lacunarCT-015,0
train/NON-LVO/lacunarCT-015/35.jpg,lacunarCT-015,0
train/NON-LVO/lacunarCT-015/36.jpg,lacunarCT-015,0
train/NON-LVO/lacunarCT-015/37.jpg,lacunarCT-015,0
train/NON-LVO/lacunarCT-015/38.jpg,lacunarCT-015,0
train/NON-LVO/lacunarCT-015/39.jpg,lacunarCT-015,0
train/NON-LVO/lacunarCT-015/40.jpg,lacunarCT-015,0
train/NON-LVO/lacunarCT-015/41.jpg,lacunarCT-015,0
train/NON-LVO/lacunarCT-016/01.jpg,lacunarCT-016,0
train/NON-LVO/lacunarCT-016/02.jpg,lacunarCT-016,0
train/NON-LVO/lacunarCT-016/03.jpg,lacunarCT-016,0
train/NON-LVO/lacunarCT-016/04.jpg,lacunarCT-016,0
train/NON-LVO/lacunarCT-016/05.jpg,lacunarCT-016,0
train/NON-LVO/lacunarCT-016/06.jpg,lacunarCT-016,0
train/NON-LVO/lacunarCT-016/07.jpg,lacunarCT-016,0
train/NON-LVO/lacunarCT-016/08.jpg,lacunarCT-016,0
train/NON-LVO/lacunarCT-016/09.jpg,lacunarCT-016,0
train/NON-LVO/lacunarCT-016/10.jpg,lacunarCT-016,0
train/NON-LVO/lacunarCT-016/11.jpg,lacunarCT-016,0
train/NON-LVO/lacunarCT-016/12.jpg,lacunarCT-016,0
train/NON-LVO/lacunarCT-016/13.jpg,lacunarCT-016,0
train/NON-LVO/lacunarCT-016/14.jpg,lacunarCT-016,0
train/NON-LVO/lacunarCT-016/15.jpg,lacunarCT-016,0
train/NON-LVO/lacunarCT-016/16.jpg,lacunarCT-016,0
train/NON-LVO/lacunarCT-016/17.jpg,lacunarCT-016,0
train/NON-LVO/lacunarCT-016/18.jpg,lacunarCT-016,0
train/NON-LVO/lacunarCT-016/19.jpg,lacunarCT-016,0
train/NON-LVO/lacunarCT-016/20.jpg,lacunarCT-016,0
train/NON-LVO/lacunarCT-016/21.jpg,lacunarCT-016,0
train/NON-LVO/lacunarCT-016/22.jpg,lacunarCT-016,0
train/NON-LVO/lacunarCT-016/23.jpg,lacunarCT-016,0
train/NON-LVO/lacunarCT-016/24.jpg,lacunarCT-016,0
train/NON-LVO/lacunarCT-016/25.jpg,lacunarCT-016,0
train/NON-LVO/lacunarCT-016/26.jpg,lacunarCT-016,0
train/NON-LVO/lacunarCT-016/27.jpg,lacunarCT-016,0
train/NON-LVO/lacunarCT-016/28.jpg,lacunarCT-016,0
train/NON-LVO/lacunarCT-016/29.jpg,lacunarCT-016,0
train/NON-LVO/lacunarCT-016/30.jpg,lacunarCT-016,0
train/NON-LVO/lacunarCT-016/31.jpg,lacunarCT-016,0
train/NON-LVO/lacunarCT-016/32.jpg,lacunarCT-016,0
train/NON-LVO/lacunarCT-016/33.jpg,lacunarCT-016,0
train/NON-LVO/lacunarCT-016/34.jpg,lacunarCT-016,0
train/NON-LVO/lacunarCT-016/35.jpg,lacunarCT-016,0
train/NON-LVO/lacunarCT-016/36.jpg,lacunarCT-016,0
train/NON-LVO/lacunarCT-016/37.jpg,lacunarCT-016,0
train/NON-LVO/lacunarCT-016/38.jpg,lacunarCT-016,0
train/NON-LVO/lacunarCT-016/39.jpg,lacunarCT-016,0
train/NON-LVO/lacunarCT-016/40.jpg,lacunarCT-016,0
train/NON-LVO/lacunarCT-016/41.jpg,lacunarCT-016,0
train/NON-LVO/lacunarCT-016/42.jpg,lacunarCT-016,0
train/NON-LVO/lacunarCT-016/43.jpg,lacunarCT-016,0
train/NON-LVO/lacunarCT-016/44.jpg,lacunarCT-016,0
train/NON-LVO/lacunarCT-019/01.jpg,lacunarCT-019,0
train/NON-LVO/lacunarCT-019/02.jpg,lacunarCT-019,0
train/NON-LVO/lacunarCT-019/03.jpg,lacunarCT-019,0
train/NON-LVO/lacunarCT-019/04.jpg,lacunarCT-019,0
train/NON-LVO/lacunarCT-019/05.jpg,lacunarCT-019,0
train/NON-LVO/lacunarCT-019/06.jpg,lacunarCT-019,0
train/NON-LVO/lacunarCT-019/07.jpg,lacunarCT-019,0
train/NON-LVO/lacunarCT-019/08.jpg,lacunarCT-019,0
train/NON-LVO/lacunarCT-019/09.jpg,lacunarCT-019,0
train/NON-LVO/lacunarCT-019/10.jpg,lacunarCT-019,0
train/NON-LVO/lacunarCT-019/11.jpg,lacunarCT-019,0
train/NON-LVO/lacunarCT-019/12.jpg,lacunarCT-019,0
train/NON-LVO/lacunarCT-019/13.jpg,lacunarCT-019,0
train/NON-LVO/lacunarCT-019/14.jpg,lacunarCT-019,0
train/NON-LVO/lacunarCT-019/15.jpg,lacunarCT-019,0
train/NON-LVO/lacunarCT-019/16.jpg,lacunarCT-019,0
train/NON-LVO/lacunarCT-019/17.jpg,lacunarCT-019,0
train/NON-LVO/lacunarCT-019/18.jpg,lacunarCT-019,0
train/NON-LVO/lacunarCT-019/19.jpg,lacunarCT-019,0
train/NON-LVO/lacunarCT-019/20.jpg,lacunarCT-019,0
train/NON-LVO/lacunarCT-019/21.jpg,lacunarCT-019,0
train/NON-LVO/lacunarCT-019/22.jpg,lacunarCT-019,0
train/NON-LVO/lacunarCT-019/23.jpg,lacunarCT-019,0
train/NON-LVO/lacunarCT-019/24.jpg,lacunarCT-019,0
train/NON-LVO/lacunarCT-019/25.jpg,lacunarCT-019,0
train/NON-LVO/lacunarCT-019/26.jpg,lacunarCT-019,0
train/NON-LVO/lacunarCT-019/27.jpg,lacunarCT-019,0
train/NON-LVO/lacunarCT-019/28.jpg,lacunarCT-019,0
train/NON-LVO/lacunarCT-019/29.jpg,lacunarCT-019,0
train/NON-LVO/lacunarCT-019/30.jpg,lacunarCT-019,0
train/NON-LVO/lacunarCT-019/31.jpg,lacunarCT-019,0
train/NON-LVO/lacunarCT-019/32.jpg,lacunarCT-019,0
train/NON-LVO/lacunarCT-019/33.jpg,lacunarCT-019,0
train/NON-LVO/lacunarCT-019/34.jpg,lacunarCT-019,0
train/NON-LVO/lacunarCT-019/35.jpg,lacunarCT-019,0
train/NON-LVO/lacunarCT-019/36.jpg,lacunarCT-019,0
train/NON-LVO/lacunarCT-019/37.jpg,lacunarCT-019,0
train/NON-LVO/lacunarCT-019/38.jpg,lacunarCT-019,0
train/NON-LVO/lacunarCT-019/39.jpg,lacunarCT-019,0
train/NON-LVO/lacunarCT-019/40.jpg,lacunarCT-019,0
train/NON-LVO/lacunarCT-019/41.jpg,lacunarCT-019,0
train/NON-LVO/lacunarCT-019/42.jpg,lacunarCT-019,0
train/NON-LVO/lacunarCT-019/43.jpg,lacunarCT-019,0
train/NON-LVO/lacunarCT-019/44.jpg,lacunarCT-019,0
train/NON-LVO/lacunarCT-021/01.jpg,lacunarCT-021,0
train/NON-LVO/lacunarCT-021/02.jpg,lacunarCT-021,0
train/NON-LVO/lacunarCT-021/03.jpg,lacunarCT-021,0
train/NON-LVO/lacunarCT-021/04.jpg,lacunarCT-021,0
train/NON-LVO/lacunarCT-021/05.jpg,lacunarCT-021,0
train/NON-LVO/lacunarCT-021/06.jpg,lacunarCT-021,0
train/NON-LVO/lacunarCT-021/07.jpg,lacunarCT-021,0
train/NON-LVO/lacunarCT-021/08.jpg,lacunarCT-021,0
train/NON-LVO/lacunarCT-021/09.jpg,lacunarCT-021,0
train/NON-LVO/lacunarCT-021/10.jpg,lacunarCT-021,0
train/NON-LVO/lacunarCT-021/11.jpg,lacunarCT-021,0
train/NON-LVO/lacunarCT-021/12.jpg,lacunarCT-021,0
train/NON-LVO/lacunarCT-021/13.jpg,lacunarCT-021,0
train/NON-LVO/lacunarCT-021/14.jpg,lacunarCT-021,0
train/NON-LVO/lacunarCT-021/15.jpg,lacunarCT-021,0
train/NON-LVO/lacunarCT-021/16.jpg,lacunarCT-021,0
train/NON-LVO/lacunarCT-021/17.jpg,lacunarCT-021,0
train/NON-LVO/lacunarCT-021/18.jpg,lacunarCT-021,0
train/NON-LVO/lacunarCT-021/19.jpg,lacunarCT-021,0
train/NON-LVO/lacunarCT-021/20.jpg,lacunarCT-021,0
train/NON-LVO/lacunarCT-021/21.jpg,lacunarCT-021,0
train/NON-LVO/lacunarCT-021/22.jpg,lacunarCT-021,0
train/NON-LVO/lacunarCT-021/23.jpg,lacunarCT-021,0
train/NON-LVO/lacunarCT-021/24.jpg,lacunarCT-021,0
train/NON-LVO/lacunarCT-021/25.jpg,lacunarCT-021,0
train/NON-LVO/lacunarCT-021/26.jpg,lacunarCT-021,0
train/NON-LVO/lacunarCT-021/27.jpg,lacunarCT-021,0
train/NON-LVO/lacunarCT-021/28.jpg,lacunarCT-021,0
train/NON-LVO/lacunarCT-021/29.jpg,lacunarCT-021,0
train/NON-LVO/lacunarCT-021/30.jpg,lacunarCT-021,0
train/NON-LVO/lacunarCT-021/31.jpg,lacunarCT-021,0
train/NON-LVO/lacunarCT-021/32.jpg,lacunarCT-021,0
train/NON-LVO/lacunarCT-021/33.jpg,lacunarCT-021,0
train/NON-LVO/lacunarCT-021/34.jpg,lacunarCT-021,0
train/NON-LVO/lacunarCT-021/35.jpg,lacunarCT-021,0
train/NON-LVO/lacunarCT-021/36.jpg,lacunarCT-021,0
train/NON-LVO/lacunarCT-021/37.jpg,lacunarCT-021,0
train/NON-LVO/lacunarCT-021/38.jpg,lacunarCT-021,0
train/NON-LVO/lacunarCT-021/39.jpg,lacunarCT-021,0
train/NON-LVO/lacunarCT-021/40.jpg,lacunarCT-021,0
train/NON-LVO/lacunarCT-021/41.jpg,lacunarCT-021,0
train/NON-LVO/lacunarCT-022/01.jpg,lacunarCT-022,0
train/NON-LVO/lacunarCT-022/02.jpg,lacunarCT-022,0
train/NON-LVO/lacunarCT-022/03.jpg,lacunarCT-022,0
train/NON-LVO/lacunarCT-022/04.jpg,lacunarCT-022,0
train/NON-LVO/lacunarCT-022/05.jpg,lacunarCT-022,0
train/NON-LVO/lacunarCT-022/06.jpg,lacunarCT-022,0
train/NON-LVO/lacunarCT-022/07.jpg,lacunarCT-022,0
train/NON-LVO/lacunarCT-022/08.jpg,lacunarCT-022,0
train/NON-LVO/lacunarCT-022/09.jpg,lacunarCT-022,0
train/NON-LVO/lacunarCT-022/10.jpg,lacunarCT-022,0
train/NON-LVO/lacunarCT-022/11.jpg,lacunarCT-022,0
train/NON-LVO/lacunarCT-022/12.jpg,lacunarCT-022,0
train/NON-LVO/lacunarCT-022/13.jpg,lacunarCT-022,0
train/NON-LVO/lacunarCT-022/14.jpg,lacunarCT-022,0
train/NON-LVO/lacunarCT-022/15.jpg,lacunarCT-022,0
train/NON-LVO/lacunarCT-022/16.jpg,lacunarCT-022,0
train/NON-LVO/lacunarCT-022/17.jpg,lacunarCT-022,0
train/NON-LVO/lacunarCT-022/18.jpg,lacunarCT-022,0
train/NON-LVO/lacunarCT-022/19.jpg,lacunarCT-022,0
train/NON-LVO/lacunarCT-022/20.jpg,lacunarCT-022,0
train/NON-LVO/lacunarCT-022/21.jpg,lacunarCT-022,0
train/NON-LVO/lacunarCT-022/22.jpg,lacunarCT-022,0
train/NON-LVO/lacunarCT-022/23.jpg,lacunarCT-022,0
train/NON-LVO/lacunarCT-022/24.jpg,lacunarCT-022,0
train/NON-LVO/lacunarCT-022/25.jpg,lacunarCT-022,0
train/NON-LVO/lacunarCT-022/26.jpg,lacunarCT-022,0
train/NON-LVO/lacunarCT-022/27.jpg,lacunarCT-022,0
train/NON-LVO/lacunarCT-022/28.jpg,lacunarCT-022,0
train/NON-LVO/lacunarCT-022/29.jpg,lacunarCT-022,0
train/NON-LVO/lacunarCT-022/30.jpg,lacunarCT-022,0
train/NON-LVO/lacunarCT-022/31.jpg,lacunarCT-022,0
train/NON-LVO/lacunarCT-022/32.jpg,lacunarCT-022,0
train/NON-LVO/lacunarCT-022/33.jpg,lacunarCT-022,0
train/NON-LVO/lacunarCT-022/34.jpg,lacunarCT-022,0
train/NON-LVO/lacunarCT-022/35.jpg,lacunarCT-022,0
train/NON-LVO/lacunarCT-022/36.jpg,lacunarCT-022,0
train/NON-LVO/lacunarCT-022/37.jpg,lacunarCT-022,0
train/NON-LVO/lacunarCT-022/38.jpg,lacunarCT-022,0
train/NON-LVO/lacunarCT-022/39.jpg,lacunarCT-022,0
train/NON-LVO/lacunarCT-022/40.jpg,lacunarCT-022,0
train/NON-LVO/lacunarCT-022/41.jpg,lacunarCT-022,0
train/NON-LVO/lacunarCT-022/42.jpg,lacunarCT-022,0
train/NON-LVO/lacunarCT-022/43.jpg,lacunarCT-022,0
train/NON-LVO/lacunarCT-022/44.jpg,lacunarCT-022,0
train/NON-LVO/lacunarCT-022/45.jpg,lacunarCT-022,0
train/NON-LVO/lacunarCT-024/01.jpg,lacunarCT-024,0
train/NON-LVO/lacunarCT-024/02.jpg,lacunarCT-024,0
train/NON-LVO/lacunarCT-024/03.jpg,lacunarCT-024,0
train/NON-LVO/lacunarCT-024/04.jpg,lacunarCT-024,0
train/NON-LVO/lacunarCT-024/05.jpg,lacunarCT-024,0
train/NON-LVO/lacunarCT-024/06.jpg,lacunarCT-024,0
train/NON-LVO/lacunarCT-024/07.jpg,lacunarCT-024,0
train/NON-LVO/lacunarCT-024/08.jpg,lacunarCT-024,0
train/NON-LVO/lacunarCT-024/09.jpg,lacunarCT-024,0
train/NON-LVO/lacunarCT-024/10.jpg,lacunarCT-024,0
train/NON-LVO/lacunarCT-024/11.jpg,lacunarCT-024,0
train/NON-LVO/lacunarCT-024/12.jpg,lacunarCT-024,0
train/NON-LVO/lacunarCT-024/13.jpg,lacunarCT-024,0
train/NON-LVO/lacunarCT-024/14.jpg,lacunarCT-024,0
train/NON-LVO/lacunarCT-024/15.jpg,lacunarCT-024,0
train/NON-LVO/lacunarCT-024/16.jpg,lacunarCT-024,0
train/NON-LVO/lacunarCT-024/17.jpg,lacunarCT-024,0
train/NON-LVO/lacunarCT-024/18.jpg,lacunarCT-024,0
train/NON-LVO/lacunarCT-024/19.jpg,lacunarCT-024,0
train/NON-LVO/lacunarCT-024/20.jpg,lacunarCT-024,0
train/NON-LVO/lacunarCT-024/21.jpg,lacunarCT-024,0
train/NON-LVO/lacunarCT-024/22.jpg,lacunarCT-024,0
train/NON-LVO/lacunarCT-024/23.jpg,lacunarCT-024,0
train/NON-LVO/lacunarCT-024/24.jpg,lacunarCT-024,0
train/NON-LVO/lacunarCT-024/25.jpg,lacunarCT-024,0
train/NON-LVO/lacunarCT-024/26.jpg,lacunarCT-024,0
train/NON-LVO/lacunarCT-024/27.jpg,lacunarCT-024,0
train/NON-LVO/lacunarCT-024/28.jpg,lacunarCT-024,0
train/NON-LVO/lacunarCT-024/29.jpg,lacunarCT-024,0
train/NON-LVO/lacunarCT-024/30.jpg,lacunarCT-024,0
train/NON-LVO/lacunarCT-024/31.jpg,lacunarCT-024,0
train/NON-LVO/lacunarCT-024/32.jpg,lacunarCT-024,0
train/NON-LVO/lacunarCT-024/33.jpg,lacunarCT-024,0
train/NON-LVO/lacunarCT-024/34.jpg,lacunarCT-024,0
train/NON-LVO/lacunarCT-024/35.jpg,lacunarCT-024,0
train/NON-LVO/lacunarCT-024/36.jpg,lacunarCT-024,0
train/NON-LVO/lacunarCT-024/37.jpg,lacunarCT-024,0
train/NON-LVO/lacunarCT-024/38.jpg,lacunarCT-024,0
train/NON-LVO/lacunarCT-024/39.jpg,lacunarCT-024,0
train/NON-LVO/lacunarCT-024/40.jpg,lacunarCT-024,0
train/NON-LVO/lacunarCT-024/41.jpg,lacunarCT-024,0
train/NON-LVO/lacunarCT-024/42.jpg,lacunarCT-024,0
train/NON-LVO/lacunarCT-024/43.jpg,lacunarCT-024,0
train/NON-LVO/lacunarCT-024/44.jpg,lacunarCT-024,0
train/NON-LVO/lacunarCT-027/01.jpg,lacunarCT-027,0
train/NON-LVO/lacunarCT-027/02.jpg,lacunarCT-027,0
train/NON-LVO/lacunarCT-027/03.jpg,lacunarCT-027,0
train/NON-LVO/lacunarCT-027/04.jpg,lacunarCT-027,0
train/NON-LVO/lacunarCT-027/05.jpg,lacunarCT-027,0
train/NON-LVO/lacunarCT-027/06.jpg,lacunarCT-027,0
train/NON-LVO/lacunarCT-027/07.jpg,lacunarCT-027,0
train/NON-LVO/lacunarCT-027/08.jpg,lacunarCT-027,0
train/NON-LVO/lacunarCT-027/09.jpg,lacunarCT-027,0
train/NON-LVO/lacunarCT-027/10.jpg,lacunarCT-027,0
train/NON-LVO/lacunarCT-027/11.jpg,lacunarCT-027,0
train/NON-LVO/lacunarCT-027/12.jpg,lacunarCT-027,0
train/NON-LVO/lacunarCT-027/13.jpg,lacunarCT-027,0
train/NON-LVO/lacunarCT-027/14.jpg,lacunarCT-027,0
train/NON-LVO/lacunarCT-027/15.jpg,lacunarCT-027,0
train/NON-LVO/lacunarCT-027/16.jpg,lacunarCT-027,0
train/NON-LVO/lacunarCT-027/17.jpg,lacunarCT-027,0
train/NON-LVO/lacunarCT-027/18.jpg,lacunarCT-027,0
train/NON-LVO/lacunarCT-027/19.jpg,lacunarCT-027,0
train/NON-LVO/lacunarCT-027/20.jpg,lacunarCT-027,0
train/NON-LVO/lacunarCT-027/21.jpg,lacunarCT-027,0
train/NON-LVO/lacunarCT-027/22.jpg,lacunarCT-027,0
train/NON-LVO/lacunarCT-027/23.jpg,lacunarCT-027,0
train/NON-LVO/lacunarCT-027/24.jpg,lacunarCT-027,0
train/NON-LVO/lacunarCT-027/25.jpg,lacunarCT-027,0
train/NON-LVO/lacunarCT-027/26.jpg,lacunarCT-027,0
train/NON-LVO/lacunarCT-027/27.jpg,lacunarCT-027,0
train/NON-LVO/lacunarCT-027/28.jpg,lacunarCT-027,0
train/NON-LVO/lacunarCT-027/29.jpg,lacunarCT-027,0
train/NON-LVO/lacunarCT-027/30.jpg,lacunarCT-027,0
train/NON-LVO/lacunarCT-027/31.jpg,lacunarCT-027,0
train/NON-LVO/lacunarCT-027/32.jpg,lacunarCT-027,0
train/NON-LVO/lacunarCT-027/33.jpg,lacunarCT-027,0
train/NON-LVO/lacunarCT-027/34.jpg,lacunarCT-027,0
train/NON-LVO/lacunarCT-027/35.jpg,lacunarCT-027,0
train/NON-LVO/lacunarCT-027/36.jpg,lacunarCT-027,0
train/NON-LVO/lacunarCT-027/37.jpg,lacunarCT-027,0
train/NON-LVO/lacunarCT-027/38.jpg,lacunarCT-027,0
train/NON-LVO/lacunarCT-027/39.jpg,lacunarCT-027,0
train/NON-LVO/lacunarCT-027/40.jpg,lacunarCT-027,0
train/NON-LVO/lacunarCT-027/41.jpg,lacunarCT-027,0
train/NON-LVO/lacunarCT-027/42.jpg,lacunarCT-027,0
train/NON-LVO/lacunarCT-028/01.jpg,lacunarCT-028,0
train/NON-LVO/lacunarCT-028/02.jpg,lacunarCT-028,0
train/NON-LVO/lacunarCT-028/03.jpg,lacunarCT-028,0
train/NON-LVO/lacunarCT-028/04.jpg,lacunarCT-028,0
train/NON-LVO/lacunarCT-028/05.jpg,lacunarCT-028,0
train/NON-LVO/lacunarCT-028/06.jpg,lacunarCT-028,0
train/NON-LVO/lacunarCT-028/07.jpg,lacunarCT-028,0
train/NON-LVO/lacunarCT-028/08.jpg,lacunarCT-028,0
train/NON-LVO/lacunarCT-028/09.jpg,lacunarCT-028,0
train/NON-LVO/lacunarCT-028/10.jpg,lacunarCT-028,0
train/NON-LVO/lacunarCT-028/11.jpg,lacunarCT-028,0
train/NON-LVO/lacunarCT-028/12.jpg,lacunarCT-028,0
train/NON-LVO/lacunarCT-028/13.jpg,lacunarCT-028,0
train/NON-LVO/lacunarCT-028/14.jpg,lacunarCT-028,0
train/NON-LVO/lacunarCT-028/15.jpg,lacunarCT-028,0
train/NON-LVO/lacunarCT-028/16.jpg,lacunarCT-028,0
train/NON-LVO/lacunarCT-028/17.jpg,lacunarCT-028,0
train/NON-LVO/lacunarCT-028/18.jpg,lacunarCT-028,0
train/NON-LVO/lacunarCT-028/19.jpg,lacunarCT-028,0
train/NON-LVO/lacunarCT-028/20.jpg,lacunarCT-028,0
train/NON-LVO/lacunarCT-028/21.jpg,lacunarCT-028,0
train/NON-LVO/lacunarCT-028/22.jpg,lacunarCT-028,0
train/NON-LVO/lacunarCT-028/23.jpg,lacunarCT-028,0
train/NON-LVO/lacunarCT-028/24.jpg,lacunarCT-028,0
train/NON-LVO/lacunarCT-028/25.jpg,lacunarCT-028,0
train/NON-LVO/lacunarCT-028/26.jpg,lacunarCT-028,0
train/NON-LVO/lacunarCT-028/27.jpg,lacunarCT-028,0
train/NON-LVO/lacunarCT-028/28.jpg,lacunarCT-028,0
train/NON-LVO/lacunarCT-028/29.jpg,lacunarCT-028,0
train/NON-LVO/lacunarCT-028/30.jpg,lacunarCT-028,0
train/NON-LVO/lacunarCT-028/31.jpg,lacunarCT-028,0
train/NON-LVO/lacunarCT-028/32.jpg,lacunarCT-028,0
train/NON-LVO/lacunarCT-028/33.jpg,lacunarCT-028,0
train/NON-LVO/lacunarCT-028/34.jpg,lacunarCT-028,0
train/NON-LVO/lacunarCT-028/35.jpg,lacunarCT-028,0
train/NON-LVO/lacunarCT-028/36.jpg,lacunarCT-028,0
train/NON-LVO/lacunarCT-028/37.jpg,lacunarCT-028,0
train/NON-LVO/lacunarCT-028/38.jpg,lacunarCT-028,0
train/NON-LVO/lacunarCT-028/39.jpg,lacunarCT-028,0
train/NON-LVO/lacunarCT-028/40.jpg,lacunarCT-028,0
train/NON-LVO/lacunarCT-028/41.jpg,lacunarCT-028,0
train/NON-LVO/lacunarCT-028/42.jpg,lacunarCT-028,0
train/NON-LVO/lacunarCT-028/43.jpg,lacunarCT-028,0
train/NON-LVO/lacunarCT-028/44.jpg,lacunarCT-028,0
train/NON-LVO/lacunarCT-028/45.jpg,lacunarCT-028,0
train/NON-LVO/lacunarCT-029/01.jpg,lacunarCT-029,0
train/NON-LVO/lacunarCT-029/02.jpg,lacunarCT-029,0
train/NON-LVO/lacunarCT-029/03.jpg,lacunarCT-029,0
train/NON-LVO/lacunarCT-029/04.jpg,lacunarCT-029,0
train/NON-LVO/lacunarCT-029/05.jpg,lacunarCT-029,0
train/NON-LVO/lacunarCT-029/06.jpg,lacunarCT-029,0
train/NON-LVO/lacunarCT-029/07.jpg,lacunarCT-029,0
train/NON-LVO/lacunarCT-029/08.jpg,lacunarCT-029,0
train/NON-LVO/lacunarCT-029/09.jpg,lacunarCT-029,0
train/NON-LVO/lacunarCT-029/10.jpg,lacunarCT-029,0
train/NON-LVO/lacunarCT-029/11.jpg,lacunarCT-029,0
train/NON-LVO/lacunarCT-029/12.jpg,lacunarCT-029,0
train/NON-LVO/lacunarCT-029/13.jpg,lacunarCT-029,0
train/NON-LVO/lacunarCT-029/14.jpg,lacunarCT-029,0
train/NON-LVO/lacunarCT-029/15.jpg,lacunarCT-029,0
train/NON-LVO/lacunarCT-029/16.jpg,lacunarCT-029,0
train/NON-LVO/lacunarCT-029/17.jpg,lacunarCT-029,0
train/NON-LVO/lacunarCT-029/18.jpg,lacunarCT-029,0
train/NON-LVO/lacunarCT-029/19.jpg,lacunarCT-029,0
train/NON-LVO/lacunarCT-029/20.jpg,lacunarCT-029,0
train/NON-LVO/lacunarCT-029/21.jpg,lacunarCT-029,0
train/NON-LVO/lacunarCT-029/22.jpg,lacunarCT-029,0
train/NON-LVO/lacunarCT-029/23.jpg,lacunarCT-029,0
train/NON-LVO/lacunarCT-029/24.jpg,lacunarCT-029,0
train/NON-LVO/lacunarCT-029/25.jpg,lacunarCT-029,0
train/NON-LVO/lacunarCT-029/26.jpg,lacunarCT-029,0
train/NON-LVO/lacunarCT-029/27.jpg,lacunarCT-029,0
train/NON-LVO/lacunarCT-029/28.jpg,lacunarCT-029,0
train/NON-LVO/lacunarCT-029/29.jpg,lacunarCT-029,0
train/NON-LVO/lacunarCT-029/30.jpg,lacunarCT-029,0
train/NON-LVO/lacunarCT-029/31.jpg,lacunarCT-029,0
train/NON-LVO/lacunarCT-029/32.jpg,lacunarCT-029,0
train/NON-LVO/lacunarCT-029/33.jpg,lacunarCT-029,0
train/NON-LVO/lacunarCT-029/34.jpg,lacunarCT-029,0
train/NON-LVO/lacunarCT-029/35.jpg,lacunarCT-029,0
train/NON-LVO/lacunarCT-029/36.jpg,lacunarCT-029,0
train/NON-LVO/lacunarCT-029/37.jpg,lacunarCT-029,0
train/NON-LVO/lacunarCT-029/38.jpg,lacunarCT-029,0
train/NON-LVO/lacunarCT-029/39.jpg,lacunarCT-029,0
train/NON-LVO/lacunarCT-029/40.jpg,lacunarCT-029,0
train/NON-LVO/lacunarCT-029/41.jpg,lacunarCT-029,0
train/NON-LVO/lacunarCT-029/42.jpg,lacunarCT-029,0
train/NON-LVO/lacunarCT-029/43.jpg,lacunarCT-029,0
train/NON-LVO/lacunarCT-029/44.jpg,lacunarCT-029,0
train/NON-LVO/lacunarCT-030/01.jpg,lacunarCT-030,0
train/NON-LVO/lacunarCT-030/02.jpg,lacunarCT-030,0
train/NON-LVO/lacunarCT-030/03.jpg,lacunarCT-030,0
train/NON-LVO/lacunarCT-030/04.jpg,lacunarCT-030,0
train/NON-LVO/lacunarCT-030/05.jpg,lacunarCT-030,0
train/NON-LVO/lacunarCT-030/06.jpg,lacunarCT-030,0
train/NON-LVO/lacunarCT-030/07.jpg,lacunarCT-030,0
train/NON-LVO/lacunarCT-030/08.jpg,lacunarCT-030,0
train/NON-LVO/lacunarCT-030/09.jpg,lacunarCT-030,0
train/NON-LVO/lacunarCT-030/10.jpg,lacunarCT-030,0
train/NON-LVO/lacunarCT-030/11.jpg,lacunarCT-030,0
train/NON-LVO/lacunarCT-030/12.jpg,lacunarCT-030,0
train/NON-LVO/lacunarCT-030/13.jpg,lacunarCT-030,0
train/NON-LVO/lacunarCT-030/14.jpg,lacunarCT-030,0
train/NON-LVO/lacunarCT-030/15.jpg,lacunarCT-030,0
train/NON-LVO/lacunarCT-030/16.jpg,lacunarCT-030,0
train/NON-LVO/lacunarCT-030/17.jpg,lacunarCT-030,0
train/NON-LVO/lacunarCT-030/18.jpg,lacunarCT-030,0
train/NON-LVO/lacunarCT-030/19.jpg,lacunarCT-030,0
train/NON-LVO/lacunarCT-030/20.jpg,lacunarCT-030,0
train/NON-LVO/lacunarCT-030/21.jpg,lacunarCT-030,0
train/NON-LVO/lacunarCT-030/22.jpg,lacunarCT-030,0
train/NON-LVO/lacunarCT-030/23.jpg,lacunarCT-030,0
train/NON-LVO/lacunarCT-030/24.jpg,lacunarCT-030,0
train/NON-LVO/lacunarCT-030/25.jpg,lacunarCT-030,0
train/NON-LVO/lacunarCT-030/26.jpg,lacunarCT-030,0
train/NON-LVO/lacunarCT-030/27.jpg,lacunarCT-030,0
train/NON-LVO/lacunarCT-030/28.jpg,lacunarCT-030,0
train/NON-LVO/lacunarCT-030/29.jpg,lacunarCT-030,0
train/NON-LVO/lacunarCT-030/30.jpg,lacunarCT-030,0
train/NON-LVO/lacunarCT-030/31.jpg,lacunarCT-030,0
train/NON-LVO/lacunarCT-030/32.jpg,lacunarCT-030,0
train/NON-LVO/lacunarCT-030/33.jpg,lacunarCT-030,0
train/NON-LVO/lacunarCT-030/34.jpg,lacunarCT-030,0
train/NON-LVO/lacunarCT-030/35.jpg,lacunarCT-030,0
train/NON-LVO/lacunarCT-030/36.jpg,lacunarCT-030,0
train/NON-LVO/lacunarCT-030/37.jpg,lacunarCT-030,0
train/NON-LVO/lacunarCT-030/38.jpg,lacunarCT-030,0
train/NON-LVO/lacunarCT-030/39.jpg,lacunarCT-030,0
train/NON-LVO/lacunarCT-030/40.jpg,lacunarCT-030,0
train/NON-LVO/lacunarCT-030/41.jpg,lacunarCT-030,0
train/NON-LVO/lacunarCT-030/42.jpg,lacunarCT-030,0
train/NON-LVO/lacunarCT-030/43.jpg,lacunarCT-030,0
train/NON-LVO/lacunarCT-030/44.jpg,lacunarCT-030,0
train/NON-LVO/lacunarCT-030/45.jpg,lacunarCT-030,0
train/NON-LVO/lacunarCT-030/46.jpg,lacunarCT-030,0
train/NON-LVO/lacunarCT-032/01.jpg,lacunarCT-032,0
train/NON-LVO/lacunarCT-032/02.jpg,lacunarCT-032,0
train/NON-LVO/lacunarCT-032/03.jpg,lacunarCT-032,0
train/NON-LVO/lacunarCT-032/04.jpg,lacunarCT-032,0
train/NON-LVO/lacunarCT-032/05.jpg,lacunarCT-032,0
train/NON-LVO/lacunarCT-032/06.jpg,lacunarCT-032,0
train/NON-LVO/lacunarCT-032/07.jpg,lacunarCT-032,0
train/NON-LVO/lacunarCT-032/08.jpg,lacunarCT-032,0
train/NON-LVO/lacunarCT-032/09.jpg,lacunarCT-032,0
train/NON-LVO/lacunarCT-032/10.jpg,lacunarCT-032,0
train/NON-LVO/lacunarCT-032/11.jpg,lacunarCT-032,0
train/NON-LVO/lacunarCT-032/12.jpg,lacunarCT-032,0
train/NON-LVO/lacunarCT-032/13.jpg,lacunarCT-032,0
train/NON-LVO/lacunarCT-032/14.jpg,lacunarCT-032,0
train/NON-LVO/lacunarCT-032/15.jpg,lacunarCT-032,0
train/NON-LVO/lacunarCT-032/16.jpg,lacunarCT-032,0
train/NON-LVO/lacunarCT-032/17.jpg,lacunarCT-032,0
train/NON-LVO/lacunarCT-032/18.jpg,lacunarCT-032,0
train/NON-LVO/lacunarCT-032/19.jpg,lacunarCT-032,0
train/NON-LVO/lacunarCT-032/20.jpg,lacunarCT-032,0
train/NON-LVO/lacunarCT-032/21.jpg,lacunarCT-032,0
train/NON-LVO/lacunarCT-032/22.jpg,lacunarCT-032,0
train/NON-LVO/lacunarCT-032/23.jpg,lacunarCT-032,0
train/NON-LVO/lacunarCT-032/24.jpg,lacunarCT-032,0
train/NON-LVO/lacunarCT-032/25.jpg,lacunarCT-032,0
train/NON-LVO/lacunarCT-032/26.jpg,lacunarCT-032,0
train/NON-LVO/lacunarCT-032/27.jpg,lacunarCT-032,0
train/NON-LVO/lacunarCT-032/28.jpg,lacunarCT-032,0
train/NON-LVO/lacunarCT-032/29.jpg,lacunarCT-032,0
train/NON-LVO/lacunarCT-032/30.jpg,lacunarCT-032,0
train/NON-LVO/lacunarCT-032/31.jpg,lacunarCT-032,0
train/NON-LVO/lacunarCT-032/32.jpg,lacunarCT-032,0
train/NON-LVO/lacunarCT-032/33.jpg,lacunarCT-032,0
train/NON-LVO/lacunarCT-032/34.jpg,lacunarCT-032,0
train/NON-LVO/lacunarCT-032/35.jpg,lacunarCT-032,0
train/NON-LVO/lacunarCT-032/36.jpg,lacunarCT-032,0
train/NON-LVO/lacunarCT-032/37.jpg,lacunarCT-032,0
train/NON-LVO/lacunarCT-032/38.jpg,lacunarCT-032,0
train/NON-LVO/lacunarCT-032/39.jpg,lacunarCT-032,0
train/NON-LVO/lacunarCT-032/40.jpg,lacunarCT-032,0
train/NON-LVO/lacunarCT-032/41.jpg,lacunarCT-032,0
train/NON-LVO/lacunarCT-032/42.jpg,lacunarCT-032,0
train/NON-LVO/lacunarCT-032/43.jpg,lacunarCT-032,0
train/NON-LVO/lacunarCT-032/44.jpg,lacunarCT-032,0
train/NON-LVO/lacunarCT-033/01.jpg,lacunarCT-033,0
train/NON-LVO/lacunarCT-033/02.jpg,lacunarCT-033,0
train/NON-LVO/lacunarCT-033/03.jpg,lacunarCT-033,0
train/NON-LVO/lacunarCT-033/04.jpg,lacunarCT-033,0
train/NON-LVO/lacunarCT-033/05.jpg,lacunarCT-033,0
train/NON-LVO/lacunarCT-033/06.jpg,lacunarCT-033,0
train/NON-LVO/lacunarCT-033/07.jpg,lacunarCT-033,0
train/NON-LVO/lacunarCT-033/08.jpg,lacunarCT-033,0
train/NON-LVO/lacunarCT-033/09.jpg,lacunarCT-033,0
train/NON-LVO/lacunarCT-033/10.jpg,lacunarCT-033,0
train/NON-LVO/lacunarCT-033/11.jpg,lacunarCT-033,0
train/NON-LVO/lacunarCT-033/12.jpg,lacunarCT-033,0
train/NON-LVO/lacunarCT-033/13.jpg,lacunarCT-033,0
train/NON-LVO/lacunarCT-033/14.jpg,lacunarCT-033,0
train/NON-LVO/lacunarCT-033/15.jpg,lacunarCT-033,0
train/NON-LVO/lacunarCT-033/16.jpg,lacunarCT-033,0
train/NON-LVO/lacunarCT-033/17.jpg,lacunarCT-033,0
train/NON-LVO/lacunarCT-033/18.jpg,lacunarCT-033,0
train/NON-LVO/lacunarCT-033/19.jpg,lacunarCT-033,0
train/NON-LVO/lacunarCT-033/20.jpg,lacunarCT-033,0
train/NON-LVO/lacunarCT-033/21.jpg,lacunarCT-033,0
train/NON-LVO/lacunarCT-033/22.jpg,lacunarCT-033,0
train/NON-LVO/lacunarCT-033/23.jpg,lacunarCT-033,0
train/NON-LVO/lacunarCT-033/24.jpg,lacunarCT-033,0
train/NON-LVO/lacunarCT-033/25.jpg,lacunarCT-033,0
train/NON-LVO/lacunarCT-033/26.jpg,lacunarCT-033,0
train/NON-LVO/lacunarCT-033/27.jpg,lacunarCT-033,0
train/NON-LVO/lacunarCT-033/28.jpg,lacunarCT-033,0
train/NON-LVO/lacunarCT-033/29.jpg,lacunarCT-033,0
train/NON-LVO/lacunarCT-033/30.jpg,lacunarCT-033,0
train/NON-LVO/lacunarCT-033/31.jpg,lacunarCT-033,0
train/NON-LVO/lacunarCT-033/32.jpg,lacunarCT-033,0
train/NON-LVO/lacunarCT-033/33.jpg,lacunarCT-033,0
train/NON-LVO/lacunarCT-033/34.jpg,lacunarCT-033,0
train/NON-LVO/lacunarCT-033/35.jpg,lacunarCT-033,0
train/NON-LVO/lacunarCT-033/36.jpg,lacunarCT-033,0
train/NON-LVO/lacunarCT-033/37.jpg,lacunarCT-033,0
train/NON-LVO/lacunarCT-033/38.jpg,lacunarCT-033,0
train/NON-LVO/lacunarCT-033/39.jpg,lacunarCT-033,0
train/NON-LVO/lacunarCT-033/40.jpg,lacunarCT-033,0
train/NON-LVO/lacunarCT-033/41.jpg,lacunarCT-033,0
train/NON-LVO/lacunarCT-033/42.jpg,lacunarCT-033,0
train/NON-LVO/lacunarCT-033/43.jpg,lacunarCT-033,0
train/NON-LVO/lacunarCT-033/44.jpg,lacunarCT-033,0
train/NON-LVO/lacunarCT-035/01.jpg,lacunarCT-035,0
train/NON-LVO/lacunarCT-035/02.jpg,lacunarCT-035,0
train/NON-LVO/lacunarCT-035/03.jpg,lacunarCT-035,0
train/NON-LVO/lacunarCT-035/04.jpg,lacunarCT-035,0
train/NON-LVO/lacunarCT-035/05.jpg,lacunarCT-035,0
train/NON-LVO/lacunarCT-035/06.jpg,lacunarCT-035,0
train/NON-LVO/lacunarCT-035/07.jpg,lacunarCT-035,0
train/NON-LVO/lacunarCT-035/08.jpg,lacunarCT-035,0
train/NON-LVO/lacunarCT-035/09.jpg,lacunarCT-035,0
train/NON-LVO/lacunarCT-035/10.jpg,lacunarCT-035,0
train/NON-LVO/lacunarCT-035/11.jpg,lacunarCT-035,0
train/NON-LVO/lacunarCT-035/12.jpg,lacunarCT-035,0
train/NON-LVO/lacunarCT-035/13.jpg,lacunarCT-035,0
train/NON-LVO/lacunarCT-035/14.jpg,lacunarCT-035,0
train/NON-LVO/lacunarCT-035/15.jpg,lacunarCT-035,0
train/NON-LVO/lacunarCT-035/16.jpg,lacunarCT-035,0
train/NON-LVO/lacunarCT-035/17.jpg,lacunarCT-035,0
train/NON-LVO/lacunarCT-035/18.jpg,lacunarCT-035,0
train/NON-LVO/lacunarCT-035/19.jpg,lacunarCT-035,0
train/NON-LVO/lacunarCT-035/20.jpg,lacunarCT-035,0
train/NON-LVO/lacunarCT-035/21.jpg,lacunarCT-035,0
train/NON-LVO/lacunarCT-035/22.jpg,lacunarCT-035,0
train/NON-LVO/lacunarCT-035/23.jpg,lacunarCT-035,0
train/NON-LVO/lacunarCT-035/24.jpg,lacunarCT-035,0
train/NON-LVO/lacunarCT-035/25.jpg,lacunarCT-035,0
train/NON-LVO/lacunarCT-035/26.jpg,lacunarCT-035,0
train/NON-LVO/lacunarCT-035/27.jpg,lacunarCT-035,0
train/NON-LVO/lacunarCT-035/28.jpg,lacunarCT-035,0
train/NON-LVO/lacunarCT-035/29.jpg,lacunarCT-035,0
train/NON-LVO/lacunarCT-035/30.jpg,lacunarCT-035,0
train/NON-LVO/lacunarCT-035/31.jpg,lacunarCT-035,0
train/NON-LVO/lacunarCT-035/32.jpg,lacunarCT-035,0
train/NON-LVO/lacunarCT-035/33.jpg,lacunarCT-035,0
train/NON-LVO/lacunarCT-035/34.jpg,lacunarCT-035,0
train/NON-LVO/lacunarCT-035/35.jpg,lacunarCT-035,0
train/NON-LVO/lacunarCT-035/36.jpg,lacunarCT-035,0
train/NON-LVO/lacunarCT-035/37.jpg,lacunarCT-035,0
train/NON-LVO/lacunarCT-035/38.jpg,lacunarCT-035,0
train/NON-LVO/lacunarCT-035/39.jpg,lacunarCT-035,0
train/NON-LVO/lacunarCT-035/40.jpg,lacunarCT-035,0
train/NON-LVO/lacunarCT-035/41.jpg,lacunarCT-035,0
train/NON-LVO/lacunarCT-035/42.jpg,lacunarCT-035,0
train/NON-LVO/lacunarCT-035/43.jpg,lacunarCT-035,0
train/NON-LVO/lacunarCT-035/44.jpg,lacunarCT-035,0
train/NON-LVO/lacunarCT-036/01.jpg,lacunarCT-036,0
train/NON-LVO/lacunarCT-036/02.jpg,lacunarCT-036,0
train/NON-LVO/lacunarCT-036/03.jpg,lacunarCT-036,0
train/NON-LVO/lacunarCT-036/04.jpg,lacunarCT-036,0
train/NON-LVO/lacunarCT-036/05.jpg,lacunarCT-036,0
train/NON-LVO/lacunarCT-036/07.jpg,lacunarCT-036,0
train/NON-LVO/lacunarCT-036/08.jpg,lacunarCT-036,0
train/NON-LVO/lacunarCT-036/09.jpg,lacunarCT-036,0
train/NON-LVO/lacunarCT-036/10.jpg,lacunarCT-036,0
train/NON-LVO/lacunarCT-036/11.jpg,lacunarCT-036,0
train/NON-LVO/lacunarCT-036/12.jpg,lacunarCT-036,0
train/NON-LVO/lacunarCT-036/13.jpg,lacunarCT-036,0
train/NON-LVO/lacunarCT-036/14.jpg,lacunarCT-036,0
train/NON-LVO/lacunarCT-036/15.jpg,lacunarCT-036,0
train/NON-LVO/lacunarCT-036/16.jpg,lacunarCT-036,0
train/NON-LVO/lacunarCT-036/17.jpg,lacunarCT-036,0
train/NON-LVO/lacunarCT-036/18.jpg,lacunarCT-036,0
train/NON-LVO/lacunarCT-036/19.jpg,lacunarCT-036,0
train/NON-LVO/lacunarCT-036/20.jpg,lacunarCT-036,0
train/NON-LVO/lacunarCT-036/21.jpg,lacunarCT-036,0
train/NON-LVO/lacunarCT-036/22.jpg,lacunarCT-036,0
train/NON-LVO/lacunarCT-036/23.jpg,lacunarCT-036,0
train/NON-LVO/lacunarCT-036/24.jpg,lacunarCT-036,0
train/NON-LVO/lacunarCT-036/25.jpg,lacunarCT-036,0
train/NON-LVO/lacunarCT-036/26.jpg,lacunarCT-036,0
train/NON-LVO/lacunarCT-036/27.jpg,lacunarCT-036,0
train/NON-LVO/lacunarCT-036/28.jpg,lacunarCT-036,0
train/NON-LVO/lacunarCT-036/29.jpg,lacunarCT-036,0
train/NON-LVO/lacunarCT-036/30.jpg,lacunarCT-036,0
train/NON-LVO/lacunarCT-036/31.jpg,lacunarCT-036,0
train/NON-LVO/lacunarCT-036/32.jpg,lacunarCT-036,0
train/NON-LVO/lacunarCT-036/33.jpg,lacunarCT-036,0
train/NON-LVO/lacunarCT-036/34.jpg,lacunarCT-036,0
train/NON-LVO/lacunarCT-036/35.jpg,lacunarCT-036,0
train/NON-LVO/lacunarCT-036/36.jpg,lacunarCT-036,0
train/NON-LVO/lacunarCT-036/37.jpg,lacunarCT-036,0
train/NON-LVO/lacunarCT-036/38.jpg,lacunarCT-036,0
train/NON-LVO/lacunarCT-036/39.jpg,lacunarCT-036,0
train/NON-LVO/lacunarCT-036/40.jpg,lacunarCT-036,0
train/NON-LVO/lacunarCT-036/41.jpg,lacunarCT-036,0
train/NON-LVO/lacunarCT-036/42.jpg,lacunarCT-036,0
train/NON-LVO/lacunarCT-036/43.jpg,lacunarCT-036,0
train/NON-LVO/lacunarCT-036/44.jpg,lacunarCT-036,0
train/NON-LVO/lacunarCT-036/45.jpg,lacunarCT-036,0
train/NON-LVO/lacunarCT-036/46.jpg,lacunarCT-036,0
train/NON-LVO/lacunarCT-036/6.jpg,lacunarCT-036,0
train/NON-LVO/lacunarCT-037/01.jpg,lacunarCT-037,0
train/NON-LVO/lacunarCT-037/02.jpg,lacunarCT-037,0
train/NON-LVO/lacunarCT-037/03.jpg,lacunarCT-037,0
train/NON-LVO/lacunarCT-037/04.jpg,lacunarCT-037,0
train/NON-LVO/lacunarCT-037/05.jpg,lacunarCT-037,0
train/NON-LVO/lacunarCT-037/06.jpg,lacunarCT-037,0
train/NON-LVO/lacunarCT-037/07.jpg,lacunarCT-037,0
train/NON-LVO/lacunarCT-037/08.jpg,lacunarCT-037,0
train/NON-LVO/lacunarCT-037/09.jpg,lacunarCT-037,0
train/NON-LVO/lacunarCT-037/10.jpg,lacunarCT-037,0
train/NON-LVO/lacunarCT-037/11.jpg,lacunarCT-037,0
train/NON-LVO/lacunarCT-037/12.jpg,lacunarCT-037,0
train/NON-LVO/lacunarCT-037/13.jpg,lacunarCT-037,0
train/NON-LVO/lacunarCT-037/14.jpg,lacunarCT-037,0
train/NON-LVO/lacunarCT-037/15.jpg,lacunarCT-037,0
train/NON-LVO/lacunarCT-037/16.jpg,lacunarCT-037,0
train/NON-LVO/lacunarCT-037/17.jpg,lacunarCT-037,0
train/NON-LVO/lacunarCT-037/18.jpg,lacunarCT-037,0
train/NON-LVO/lacunarCT-037/19.jpg,lacunarCT-037,0
train/NON-LVO/lacunarCT-037/20.jpg,lacunarCT-037,0
train/NON-LVO/lacunarCT-037/21.jpg,lacunarCT-037,0
train/NON-LVO/lacunarCT-037/22.jpg,lacunarCT-037,0
train/NON-LVO/lacunarCT-037/23.jpg,lacunarCT-037,0
train/NON-LVO/lacunarCT-037/24.jpg,lacunarCT-037,0
train/NON-LVO/lacunarCT-037/25.jpg,lacunarCT-037,0
train/NON-LVO/lacunarCT-037/26.jpg,lacunarCT-037,0
train/NON-LVO/lacunarCT-037/27.jpg,lacunarCT-037,0
train/NON-LVO/lacunarCT-037/28.jpg,lacunarCT-037,0
train/NON-LVO/lacunarCT-037/29.jpg,lacunarCT-037,0
train/NON-LVO/lacunarCT-037/30.jpg,lacunarCT-037,0
train/NON-LVO/lacunarCT-037/31.jpg,lacunarCT-037,0
train/NON-LVO/lacunarCT-037/32.jpg,lacunarCT-037,0
train/NON-LVO/lacunarCT-037/33.jpg,lacunarCT-037,0
train/NON-LVO/lacunarCT-037/34.jpg,lacunarCT-037,0
train/NON-LVO/lacunarCT-037/35.jpg,lacunarCT-037,0
train/NON-LVO/lacunarCT-037/36.jpg,lacunarCT-037,0
train/NON-LVO/lacunarCT-038/01.jpg,lacunarCT-038,0
train/NON-LVO/lacunarCT-038/02.jpg,lacunarCT-038,0
train/NON-LVO/lacunarCT-038/03.jpg,lacunarCT-038,0
train/NON-LVO/lacunarCT-038/04.jpg,lacunarCT-038,0
train/NON-LVO/lacunarCT-038/05.jpg,lacunarCT-038,0
train/NON-LVO/lacunarCT-038/06.jpg,lacunarCT-038,0
train/NON-LVO/lacunarCT-038/07.jpg,lacunarCT-038,0
train/NON-LVO/lacunarCT-038/08.jpg,lacunarCT-038,0
train/NON-LVO/lacunarCT-038/09.jpg,lacunarCT-038,0
train/NON-LVO/lacunarCT-038/10.jpg,lacunarCT-038,0
train/NON-LVO/lacunarCT-038/11.jpg,lacunarCT-038,0
train/NON-LVO/lacunarCT-038/12.jpg,lacunarCT-038,0
train/NON-LVO/lacunarCT-038/13.jpg,lacunarCT-038,0
train/NON-LVO/lacunarCT-038/14.jpg,lacunarCT-038,0
train/NON-LVO/lacunarCT-038/15.jpg,lacunarCT-038,0
train/NON-LVO/lacunarCT-038/16.jpg,lacunarCT-038,0
train/NON-LVO/lacunarCT-038/17.jpg,lacunarCT-038,0
train/NON-LVO/lacunarCT-038/18.jpg,lacunarCT-038,0
train/NON-LVO/lacunarCT-038/19.jpg,lacunarCT-038,0
train/NON-LVO/lacunarCT-038/20.jpg,lacunarCT-038,0
train/NON-LVO/lacunarCT-038/21.jpg,lacunarCT-038,0
train/NON-LVO/lacunarCT-038/22.jpg,lacunarCT-038,0
train/NON-LVO/lacunarCT-038/23.jpg,lacunarCT-038,0
train/NON-LVO/lacunarCT-038/24.jpg,lacunarCT-038,0
train/NON-LVO/lacunarCT-038/25.jpg,lacunarCT-038,0
train/NON-LVO/lacunarCT-038/26.jpg,lacunarCT-038,0
train/NON-LVO/lacunarCT-038/27.jpg,lacunarCT-038,0
train/NON-LVO/lacunarCT-038/28.jpg,lacunarCT-038,0
train/NON-LVO/lacunarCT-038/29.jpg,lacunarCT-038,0
train/NON-LVO/lacunarCT-038/30.jpg,lacunarCT-038,0
train/NON-LVO/lacunarCT-038/31.jpg,lacunarCT-038,0
train/NON-LVO/lacunarCT-038/32.jpg,lacunarCT-038,0
train/NON-LVO/lacunarCT-038/33.jpg,lacunarCT-038,0
train/NON-LVO/lacunarCT-038/34.jpg,lacunarCT-038,0
train/NON-LVO/lacunarCT-038/35.jpg,lacunarCT-038,0
train/NON-LVO/lacunarCT-038/36.jpg,lacunarCT-038,0
train/NON-LVO/lacunarCT-038/37.jpg,lacunarCT-038,0
train/NON-LVO/lacunarCT-038/38.jpg,lacunarCT-038,0
train/NON-LVO/lacunarCT-038/39.jpg,lacunarCT-038,0
train/NON-LVO/lacunarCT-038/40.jpg,lacunarCT-038,0
train/NON-LVO/lacunarCT-038/41.jpg,lacunarCT-038,0
train/NON-LVO/lacunarCT-039/01.jpg,lacunarCT-039,0
train/NON-LVO/lacunarCT-039/02.jpg,lacunarCT-039,0
train/NON-LVO/lacunarCT-039/03.jpg,lacunarCT-039,0
train/NON-LVO/lacunarCT-039/04.jpg,lacunarCT-039,0
train/NON-LVO/lacunarCT-039/05.jpg,lacunarCT-039,0
train/NON-LVO/lacunarCT-039/06.jpg,lacunarCT-039,0
train/NON-LVO/lacunarCT-039/07.jpg,lacunarCT-039,0
train/NON-LVO/lacunarCT-039/08.jpg,lacunarCT-039,0
train/NON-LVO/lacunarCT-039/09.jpg,lacunarCT-039,0
train/NON-LVO/lacunarCT-039/10.jpg,lacunarCT-039,0
train/NON-LVO/lacunarCT-039/11.jpg,lacunarCT-039,0
train/NON-LVO/lacunarCT-039/12.jpg,lacunarCT-039,0
train/NON-LVO/lacunarCT-039/13.jpg,lacunarCT-039,0
train/NON-LVO/lacunarCT-039/14.jpg,lacunarCT-039,0
train/NON-LVO/lacunarCT-039/15.jpg,lacunarCT-039,0
train/NON-LVO/lacunarCT-039/16.jpg,lacunarCT-039,0
train/NON-LVO/lacunarCT-039/17.jpg,lacunarCT-039,0
train/NON-LVO/lacunarCT-039/18.jpg,lacunarCT-039,0
train/NON-LVO/lacunarCT-039/19.jpg,lacunarCT-039,0
train/NON-LVO/lacunarCT-039/20.jpg,lacunarCT-039,0
train/NON-LVO/lacunarCT-039/21.jpg,lacunarCT-039,0
train/NON-LVO/lacunarCT-039/22.jpg,lacunarCT-039,0
train/NON-LVO/lacunarCT-039/23.jpg,lacunarCT-039,0
train/NON-LVO/lacunarCT-039/24.jpg,lacunarCT-039,0
train/NON-LVO/lacunarCT-039/25.jpg,lacunarCT-039,0
train/NON-LVO/lacunarCT-039/26.jpg,lacunarCT-039,0
train/NON-LVO/lacunarCT-039/27.jpg,lacunarCT-039,0
train/NON-LVO/lacunarCT-039/28.jpg,lacunarCT-039,0
train/NON-LVO/lacunarCT-039/29.jpg,lacunarCT-039,0
train/NON-LVO/lacunarCT-039/30.jpg,lacunarCT-039,0
train/NON-LVO/lacunarCT-039/31.jpg,lacunarCT-039,0
train/NON-LVO/lacunarCT-039/32.jpg,lacunarCT-039,0
train/NON-LVO/lacunarCT-039/33.jpg,lacunarCT-039,0
train/NON-LVO/lacunarCT-039/34.jpg,lacunarCT-039,0
train/NON-LVO/lacunarCT-039/35.jpg,lacunarCT-039,0
train/NON-LVO/lacunarCT-039/36.jpg,lacunarCT-039,0
train/NON-LVO/lacunarCT-039/37.jpg,lacunarCT-039,0
train/NON-LVO/lacunarCT-039/38.jpg,lacunarCT-039,0
train/NON-LVO/lacunarCT-039/39.jpg,lacunarCT-039,0
train/NON-LVO/lacunarCT-039/40.jpg,lacunarCT-039,0
train/NON-LVO/lacunarCT-039/41.jpg,lacunarCT-039,0
train/NON-LVO/lacunarCT-039/42.jpg,lacunarCT-039,0
train/NON-LVO/lacunarCT-039/43.jpg,lacunarCT-039,0
train/NON-LVO/lacunarCT-039/44.jpg,lacunarCT-039,0
train/NON-LVO/lacunarCT-039/45.jpg,lacunarCT-039,0
train/NON-LVO/lacunarCT-039/46.jpg,lacunarCT-039,0
train/NON-LVO/lacunarCT-041/01.jpg,lacunarCT-041,0
train/NON-LVO/lacunarCT-041/02.jpg,lacunarCT-041,0
train/NON-LVO/lacunarCT-041/03.jpg,lacunarCT-041,0
train/NON-LVO/lacunarCT-041/04.jpg,lacunarCT-041,0
train/NON-LVO/lacunarCT-041/05.jpg,lacunarCT-041,0
train/NON-LVO/lacunarCT-041/06.jpg,lacunarCT-041,0
train/NON-LVO/lacunarCT-041/07.jpg,lacunarCT-041,0
train/NON-LVO/lacunarCT-041/08.jpg,lacunarCT-041,0
train/NON-LVO/lacunarCT-041/09.jpg,lacunarCT-041,0
train/NON-LVO/lacunarCT-041/10.jpg,lacunarCT-041,0
train/NON-LVO/lacunarCT-041/11.jpg,lacunarCT-041,0
train/NON-LVO/lacunarCT-041/12.jpg,lacunarCT-041,0
train/NON-LVO/lacunarCT-041/13.jpg,lacunarCT-041,0
train/NON-LVO/lacunarCT-041/14.jpg,lacunarCT-041,0
train/NON-LVO/lacunarCT-041/15.jpg,lacunarCT-041,0
train/NON-LVO/lacunarCT-041/16.jpg,lacunarCT-041,0
train/NON-LVO/lacunarCT-041/17.jpg,lacunarCT-041,0
train/NON-LVO/lacunarCT-041/18.jpg,lacunarCT-041,0
train/NON-LVO/lacunarCT-041/19.jpg,lacunarCT-041,0
train/NON-LVO/lacunarCT-041/20.jpg,lacunarCT-041,0
train/NON-LVO/lacunarCT-041/21.jpg,lacunarCT-041,0
train/NON-LVO/lacunarCT-041/22.jpg,lacunarCT-041,0
train/NON-LVO/lacunarCT-041/23.jpg,lacunarCT-041,0
train/NON-LVO/lacunarCT-041/24.jpg,lacunarCT-041,0
train/NON-LVO/lacunarCT-041/25.jpg,lacunarCT-041,0
train/NON-LVO/lacunarCT-041/26.jpg,lacunarCT-041,0
train/NON-LVO/lacunarCT-041/27.jpg,lacunarCT-041,0
train/NON-LVO/lacunarCT-041/28.jpg,lacunarCT-041,0
train/NON-LVO/lacunarCT-041/29.jpg,lacunarCT-041,0
train/NON-LVO/lacunarCT-041/30.jpg,lacunarCT-041,0
train/NON-LVO/lacunarCT-041/31.jpg,lacunarCT-041,0
train/NON-LVO/lacunarCT-041/32.jpg,lacunarCT-041,0
train/NON-LVO/lacunarCT-041/33.jpg,lacunarCT-041,0
train/NON-LVO/lacunarCT-041/34.jpg,lacunarCT-041,0
train/NON-LVO/lacunarCT-041/35.jpg,lacunarCT-041,0
train/NON-LVO/lacunarCT-041/36.jpg,lacunarCT-041,0
train/NON-LVO/lacunarCT-041/37.jpg,lacunarCT-041,0
train/NON-LVO/lacunarCT-041/38.jpg,lacunarCT-041,0
train/NON-LVO/lacunarCT-041/39.jpg,lacunarCT-041,0
train/NON-LVO/lacunarCT-041/40.jpg,lacunarCT-041,0
train/NON-LVO/lacunarCT-041/41.jpg,lacunarCT-041,0
train/NON-LVO/lacunarCT-041/42.jpg,lacunarCT-041,0
train/NON-LVO/lacunarCT-041/43.jpg,lacunarCT-041,0
train/NON-LVO/lacunarCT-041/44.jpg,lacunarCT-041,0
train/NON-LVO/lacunarCT-041/45.jpg,lacunarCT-041,0
train/NON-LVO/lacunarCT-041/46.jpg,lacunarCT-041,0
train/NON-LVO/lacunarCT-041/47.jpg,lacunarCT-041,0
train/NON-LVO/lacunarCT-042/01.jpg,lacunarCT-042,0
train/NON-LVO/lacunarCT-042/02.jpg,lacunarCT-042,0
train/NON-LVO/lacunarCT-042/03.jpg,lacunarCT-042,0
train/NON-LVO/lacunarCT-042/04.jpg,lacunarCT-042,0
train/NON-LVO/lacunarCT-042/05.jpg,lacunarCT-042,0
train/NON-LVO/lacunarCT-042/06.jpg,lacunarCT-042,0
train/NON-LVO/lacunarCT-042/07.jpg,lacunarCT-042,0
train/NON-LVO/lacunarCT-042/08.jpg,lacunarCT-042,0
train/NON-LVO/lacunarCT-042/09.jpg,lacunarCT-042,0
train/NON-LVO/lacunarCT-042/10.jpg,lacunarCT-042,0
train/NON-LVO/lacunarCT-042/11.jpg,lacunarCT-042,0
train/NON-LVO/lacunarCT-042/12.jpg,lacunarCT-042,0
train/NON-LVO/lacunarCT-042/13.jpg,lacunarCT-042,0
train/NON-LVO/lacunarCT-042/14.jpg,lacunarCT-042,0
train/NON-LVO/lacunarCT-042/15.jpg,lacunarCT-042,0
train/NON-LVO/lacunarCT-042/16.jpg,lacunarCT-042,0
train/NON-LVO/lacunarCT-042/17.jpg,lacunarCT-042,0
train/NON-LVO/lacunarCT-042/18.jpg,lacunarCT-042,0
train/NON-LVO/lacunarCT-042/19.jpg,lacunarCT-042,0
train/NON-LVO/lacunarCT-042/20.jpg,lacunarCT-042,0
train/NON-LVO/lacunarCT-042/21.jpg,lacunarCT-042,0
train/NON-LVO/lacunarCT-042/22.jpg,lacunarCT-042,0
train/NON-LVO/lacunarCT-042/23.jpg,lacunarCT-042,0
train/NON-LVO/lacunarCT-042/24.jpg,lacunarCT-042,0
train/NON-LVO/lacunarCT-042/25.jpg,lacunarCT-042,0
train/NON-LVO/lacunarCT-042/26.jpg,lacunarCT-042,0
train/NON-LVO/lacunarCT-042/27.jpg,lacunarCT-042,0
train/NON-LVO/lacunarCT-042/28.jpg,lacunarCT-042,0
train/NON-LVO/lacunarCT-042/29.jpg,lacunarCT-042,0
train/NON-LVO/lacunarCT-042/30.jpg,lacunarCT-042,0
train/NON-LVO/lacunarCT-042/31.jpg,lacunarCT-042,0
train/NON-LVO/lacunarCT-042/32.jpg,lacunarCT-042,0
train/NON-LVO/lacunarCT-042/33.jpg,lacunarCT-042,0
train/NON-LVO/lacunarCT-042/34.jpg,lacunarCT-042,0
train/NON-LVO/lacunarCT-042/35.jpg,lacunarCT-042,0
train/NON-LVO/lacunarCT-042/36.jpg,lacunarCT-042,0
train/NON-LVO/lacunarCT-042/37.jpg,lacunarCT-042,0
train/NON-LVO/lacunarCT-042/38.jpg,lacunarCT-042,0
train/NON-LVO/lacunarCT-042/39.jpg,lacunarCT-042,0
train/NON-LVO/lacunarCT-042/40.jpg,lacunarCT-042,0
train/NON-LVO/lacunarCT-042/41.jpg,lacunarCT-042,0
train/NON-LVO/lacunarCT-042/42.jpg,lacunarCT-042,0
train/NON-LVO/lacunarCT-042/43.jpg,lacunarCT-042,0
train/NON-LVO/lacunarCT-044/01.jpg,lacunarCT-044,0
train/NON-LVO/lacunarCT-044/02.jpg,lacunarCT-044,0
train/NON-LVO/lacunarCT-044/03.jpg,lacunarCT-044,0
train/NON-LVO/lacunarCT-044/04.jpg,lacunarCT-044,0
train/NON-LVO/lacunarCT-044/05.jpg,lacunarCT-044,0
train/NON-LVO/lacunarCT-044/06.jpg,lacunarCT-044,0
train/NON-LVO/lacunarCT-044/07.jpg,lacunarCT-044,0
train/NON-LVO/lacunarCT-044/08.jpg,lacunarCT-044,0
train/NON-LVO/lacunarCT-044/09.jpg,lacunarCT-044,0
train/NON-LVO/lacunarCT-044/10.jpg,lacunarCT-044,0
train/NON-LVO/lacunarCT-044/11.jpg,lacunarCT-044,0
train/NON-LVO/lacunarCT-044/12.jpg,lacunarCT-044,0
train/NON-LVO/lacunarCT-044/13.jpg,lacunarCT-044,0
train/NON-LVO/lacunarCT-044/14.jpg,lacunarCT-044,0
train/NON-LVO/lacunarCT-044/15.jpg,lacunarCT-044,0
train/NON-LVO/lacunarCT-044/16.jpg,lacunarCT-044,0
train/NON-LVO/lacunarCT-044/17.jpg,lacunarCT-044,0
train/NON-LVO/lacunarCT-044/18.jpg,lacunarCT-044,0
train/NON-LVO/lacunarCT-044/19.jpg,lacunarCT-044,0
train/NON-LVO/lacunarCT-044/20.jpg,lacunarCT-044,0
train/NON-LVO/lacunarCT-044/21.jpg,lacunarCT-044,0
train/NON-LVO/lacunarCT-044/22.jpg,lacunarCT-044,0
train/NON-LVO/lacunarCT-044/23.jpg,lacunarCT-044,0
train/NON-LVO/lacunarCT-044/24.jpg,lacunarCT-044,0
train/NON-LVO/lacunarCT-044/25.jpg,lacunarCT-044,0
train/NON-LVO/lacunarCT-044/26.jpg,lacunarCT-044,0
train/NON-LVO/lacunarCT-044/27.jpg,lacunarCT-044,0
train/NON-LVO/lacunarCT-044/28.jpg,lacunarCT-044,0
train/NON-LVO/lacunarCT-044/29.jpg,lacunarCT-044,0
train/NON-LVO/lacunarCT-044/30.jpg,lacunarCT-044,0
train/NON-LVO/lacunarCT-044/31.jpg,lacunarCT-044,0
train/NON-LVO/lacunarCT-045/01.jpg,lacunarCT-045,0
train/NON-LVO/lacunarCT-045/02.jpg,lacunarCT-045,0
train/NON-LVO/lacunarCT-045/03.jpg,lacunarCT-045,0
train/NON-LVO/lacunarCT-045/04.jpg,lacunarCT-045,0
train/NON-LVO/lacunarCT-045/05.jpg,lacunarCT-045,0
train/NON-LVO/lacunarCT-045/06.jpg,lacunarCT-045,0
train/NON-LVO/lacunarCT-045/07.jpg,lacunarCT-045,0
train/NON-LVO/lacunarCT-045/08.jpg,lacunarCT-045,0
train/NON-LVO/lacunarCT-045/09.jpg,lacunarCT-045,0
train/NON-LVO/lacunarCT-045/10.jpg,lacunarCT-045,0
train/NON-LVO/lacunarCT-045/11.jpg,lacunarCT-045,0
train/NON-LVO/lacunarCT-045/12.jpg,lacunarCT-045,0
train/NON-LVO/lacunarCT-045/13.jpg,lacunarCT-045,0
train/NON-LVO/lacunarCT-045/14.jpg,lacunarCT-045,0
train/NON-LVO/lacunarCT-045/15.jpg,lacunarCT-045,0
train/NON-LVO/lacunarCT-045/16.jpg,lacunarCT-045,0
train/NON-LVO/lacunarCT-045/17.jpg,lacunarCT-045,0
train/NON-LVO/lacunarCT-045/18.jpg,lacunarCT-045,0
train/NON-LVO/lacunarCT-045/19.jpg,lacunarCT-045,0
train/NON-LVO/lacunarCT-045/20.jpg,lacunarCT-045,0
train/NON-LVO/lacunarCT-045/21.jpg,lacunarCT-045,0
train/NON-LVO/lacunarCT-045/22.jpg,lacunarCT-045,0
train/NON-LVO/lacunarCT-045/23.jpg,lacunarCT-045,0
train/NON-LVO/lacunarCT-045/24.jpg,lacunarCT-045,0
train/NON-LVO/lacunarCT-045/25.jpg,lacunarCT-045,0
train/NON-LVO/lacunarCT-045/26.jpg,lacunarCT-045,0
train/NON-LVO/lacunarCT-045/27.jpg,lacunarCT-045,0
train/NON-LVO/lacunarCT-045/28.jpg,lacunarCT-045,0
train/NON-LVO/lacunarCT-045/29.jpg,lacunarCT-045,0
train/NON-LVO/lacunarCT-045/30.jpg,lacunarCT-045,0
train/NON-LVO/lacunarCT-045/31.jpg,lacunarCT-045,0
train/NON-LVO/lacunarCT-045/32.jpg,lacunarCT-045,0
train/NON-LVO/lacunarCT-045/33.jpg,lacunarCT-045,0
train/NON-LVO/lacunarCT-045/34.jpg,lacunarCT-045,0
train/NON-LVO/lacunarCT-045/35.jpg,lacunarCT-045,0
train/NON-LVO/lacunarCT-045/36.jpg,lacunarCT-045,0
train/NON-LVO/lacunarCT-045/37.jpg,lacunarCT-045,0
train/NON-LVO/lacunarCT-045/38.jpg,lacunarCT-045,0
train/NON-LVO/lacunarCT-045/39.jpg,lacunarCT-045,0
train/NON-LVO/lacunarCT-045/40.jpg,lacunarCT-045,0
train/NON-LVO/lacunarCT-045/41.jpg,lacunarCT-045,0
train/NON-LVO/lacunarCT-045/42.jpg,lacunarCT-045,0
train/NON-LVO/lacunarCT-045/43.jpg,lacunarCT-045,0
train/NON-LVO/lacunarCT-045/44.jpg,lacunarCT-045,0
train/NON-LVO/lacunarCT-048/01.jpg,lacunarCT-048,0
train/NON-LVO/lacunarCT-048/02.jpg,lacunarCT-048,0
train/NON-LVO/lacunarCT-048/03.jpg,lacunarCT-048,0
train/NON-LVO/lacunarCT-048/04.jpg,lacunarCT-048,0
train/NON-LVO/lacunarCT-048/05.jpg,lacunarCT-048,0
train/NON-LVO/lacunarCT-048/06.jpg,lacunarCT-048,0
train/NON-LVO/lacunarCT-048/07.jpg,lacunarCT-048,0
train/NON-LVO/lacunarCT-048/08.jpg,lacunarCT-048,0
train/NON-LVO/lacunarCT-048/09.jpg,lacunarCT-048,0
train/NON-LVO/lacunarCT-048/10.jpg,lacunarCT-048,0
train/NON-LVO/lacunarCT-048/11.jpg,lacunarCT-048,0
train/NON-LVO/lacunarCT-048/12.jpg,lacunarCT-048,0
train/NON-LVO/lacunarCT-048/13.jpg,lacunarCT-048,0
train/NON-LVO/lacunarCT-048/14.jpg,lacunarCT-048,0
train/NON-LVO/lacunarCT-048/15.jpg,lacunarCT-048,0
train/NON-LVO/lacunarCT-048/16.jpg,lacunarCT-048,0
train/NON-LVO/lacunarCT-048/17.jpg,lacunarCT-048,0
train/NON-LVO/lacunarCT-048/18.jpg,lacunarCT-048,0
train/NON-LVO/lacunarCT-048/19.jpg,lacunarCT-048,0
train/NON-LVO/lacunarCT-048/20.jpg,lacunarCT-048,0
train/NON-LVO/lacunarCT-048/21.jpg,lacunarCT-048,0
train/NON-LVO/lacunarCT-048/22.jpg,lacunarCT-048,0
train/NON-LVO/lacunarCT-048/23.jpg,lacunarCT-048,0
train/NON-LVO/lacunarCT-048/24.jpg,lacunarCT-048,0
train/NON-LVO/lacunarCT-048/25.jpg,lacunarCT-048,0
train/NON-LVO/lacunarCT-048/26.jpg,lacunarCT-048,0
train/NON-LVO/lacunarCT-048/27.jpg,lacunarCT-048,0
train/NON-LVO/lacunarCT-048/28.jpg,lacunarCT-048,0
train/NON-LVO/lacunarCT-048/29.jpg,lacunarCT-048,0
train/NON-LVO/lacunarCT-048/30.jpg,lacunarCT-048,0
train/NON-LVO/lacunarCT-048/31.jpg,lacunarCT-048,0
train/NON-LVO/lacunarCT-048/32.jpg,lacunarCT-048,0
train/NON-LVO/lacunarCT-048/33.jpg,lacunarCT-048,0
train/NON-LVO/lacunarCT-048/34.jpg,lacunarCT-048,0
train/NON-LVO/lacunarCT-048/35.jpg,lacunarCT-048,0
train/NON-LVO/lacunarCT-048/36.jpg,lacunarCT-048,0
train/NON-LVO/lacunarCT-048/37.jpg,lacunarCT-048,0
train/NON-LVO/lacunarCT-048/38.jpg,lacunarCT-048,0
train/NON-LVO/lacunarCT-048/39.jpg,lacunarCT-048,0
train/NON-LVO/lacunarCT-048/40.jpg,lacunarCT-048,0
train/NON-LVO/lacunarCT-048/41.jpg,lacunarCT-048,0
train/NON-LVO/lacunarCT-049/01.jpg,lacunarCT-049,0
train/NON-LVO/lacunarCT-049/02.jpg,lacunarCT-049,0
train/NON-LVO/lacunarCT-049/03.jpg,lacunarCT-049,0
train/NON-LVO/lacunarCT-049/04.jpg,lacunarCT-049,0
train/NON-LVO/lacunarCT-049/05.jpg,lacunarCT-049,0
train/NON-LVO/lacunarCT-049/06.jpg,lacunarCT-049,0
train/NON-LVO/lacunarCT-049/07.jpg,lacunarCT-049,0
train/NON-LVO/lacunarCT-049/08.jpg,lacunarCT-049,0
train/NON-LVO/lacunarCT-049/09.jpg,lacunarCT-049,0
train/NON-LVO/lacunarCT-049/10.jpg,lacunarCT-049,0
train/NON-LVO/lacunarCT-049/11.jpg,lacunarCT-049,0
train/NON-LVO/lacunarCT-049/12.jpg,lacunarCT-049,0
train/NON-LVO/lacunarCT-049/13.jpg,lacunarCT-049,0
train/NON-LVO/lacunarCT-049/14.jpg,lacunarCT-049,0
train/NON-LVO/lacunarCT-049/15.jpg,lacunarCT-049,0
train/NON-LVO/lacunarCT-049/16.jpg,lacunarCT-049,0
train/NON-LVO/lacunarCT-049/17.jpg,lacunarCT-049,0
train/NON-LVO/lacunarCT-049/18.jpg,lacunarCT-049,0
train/NON-LVO/lacunarCT-049/19.jpg,lacunarCT-049,0
train/NON-LVO/lacunarCT-049/20.jpg,lacunarCT-049,0
train/NON-LVO/lacunarCT-049/21.jpg,lacunarCT-049,0
train/NON-LVO/lacunarCT-049/22.jpg,lacunarCT-049,0
train/NON-LVO/lacunarCT-049/23.jpg,lacunarCT-049,0
train/NON-LVO/lacunarCT-049/24.jpg,lacunarCT-049,0
train/NON-LVO/lacunarCT-049/25.jpg,lacunarCT-049,0
train/NON-LVO/lacunarCT-049/26.jpg,lacunarCT-049,0
train/NON-LVO/lacunarCT-049/27.jpg,lacunarCT-049,0
train/NON-LVO/lacunarCT-049/28.jpg,lacunarCT-049,0
train/NON-LVO/lacunarCT-049/29.jpg,lacunarCT-049,0
train/NON-LVO/lacunarCT-049/30.jpg,lacunarCT-049,0
train/NON-LVO/lacunarCT-049/31.jpg,lacunarCT-049,0
train/NON-LVO/lacunarCT-049/32.jpg,lacunarCT-049,0
train/NON-LVO/lacunarCT-049/33.jpg,lacunarCT-049,0
train/NON-LVO/lacunarCT-049/34.jpg,lacunarCT-049,0
train/NON-LVO/lacunarCT-049/35.jpg,lacunarCT-049,0
train/NON-LVO/lacunarCT-049/36.jpg,lacunarCT-049,0
train/NON-LVO/lacunarCT-049/37.jpg,lacunarCT-049,0
train/NON-LVO/lacunarCT-049/38.jpg,lacunarCT-049,0
train/NON-LVO/lacunarCT-049/39.jpg,lacunarCT-049,0
train/NON-LVO/lacunarCT-049/40.jpg,lacunarCT-049,0
train/NON-LVO/lacunarCT-049/41.jpg,lacunarCT-049,0
train/NON-LVO/lacunarCT-049/42.jpg,lacunarCT-049,0
train/NON-LVO/lacunarCT-049/43.jpg,lacunarCT-049,0
train/NON-LVO/lacunarCT-049/44.jpg,lacunarCT-049,0
train/NON-LVO/lacunarCT-049/45.jpg,lacunarCT-049,0
train/NON-LVO/lacunarCT-049/46.jpg,lacunarCT-049,0
train/NON-LVO/lacunarCT-049/47.jpg,lacunarCT-049,0
train/NON-LVO/lacunarCT-049/48.jpg,lacunarCT-049,0
train/NON-LVO/lacunarCT-049/49.jpg,lacunarCT-049,0
train/NON-LVO/lacunarCT-049/50.jpg,lacunarCT-049,0
train/NON-LVO/lacunarCT-049/51.jpg,lacunarCT-049,0
train/NON-LVO/lacunarCT-050/01.jpg,lacunarCT-050,0
train/NON-LVO/lacunarCT-050/02.jpg,lacunarCT-050,0
train/NON-LVO/lacunarCT-050/03.jpg,lacunarCT-050,0
train/NON-LVO/lacunarCT-050/04.jpg,lacunarCT-050,0
train/NON-LVO/lacunarCT-050/05.jpg,lacunarCT-050,0
train/NON-LVO/lacunarCT-050/06.jpg,lacunarCT-050,0
train/NON-LVO/lacunarCT-050/07.jpg,lacunarCT-050,0
train/NON-LVO/lacunarCT-050/08.jpg,lacunarCT-050,0
train/NON-LVO/lacunarCT-050/09.jpg,lacunarCT-050,0
train/NON-LVO/lacunarCT-050/10.jpg,lacunarCT-050,0
train/NON-LVO/lacunarCT-050/11.jpg,lacunarCT-050,0
train/NON-LVO/lacunarCT-050/12.jpg,lacunarCT-050,0
train/NON-LVO/lacunarCT-050/13.jpg,lacunarCT-050,0
train/NON-LVO/lacunarCT-050/14.jpg,lacunarCT-050,0
train/NON-LVO/lacunarCT-050/15.jpg,lacunarCT-050,0
train/NON-LVO/lacunarCT-050/16.jpg,lacunarCT-050,0
train/NON-LVO/lacunarCT-050/17.jpg,lacunarCT-050,0
train/NON-LVO/lacunarCT-050/18.jpg,lacunarCT-050,0
train/NON-LVO/lacunarCT-050/19.jpg,lacunarCT-050,0
train/NON-LVO/lacunarCT-050/20.jpg,lacunarCT-050,0
train/NON-LVO/lacunarCT-050/21.jpg,lacunarCT-050,0
train/NON-LVO/lacunarCT-050/22.jpg,lacunarCT-050,0
train/NON-LVO/lacunarCT-050/23.jpg,lacunarCT-050,0
train/NON-LVO/lacunarCT-050/24.jpg,lacunarCT-050,0
train/NON-LVO/lacunarCT-050/25.jpg,lacunarCT-050,0
train/NON-LVO/lacunarCT-050/26.jpg,lacunarCT-050,0
train/NON-LVO/lacunarCT-050/27.jpg,lacunarCT-050,0
train/NON-LVO/lacunarCT-050/28.jpg,lacunarCT-050,0
train/NON-LVO/lacunarCT-050/29.jpg,lacunarCT-050,0
train/NON-LVO/lacunarCT-050/30.jpg,lacunarCT-050,0
train/NON-LVO/lacunarCT-050/31.jpg,lacunarCT-050,0
train/NON-LVO/lacunarCT-050/32.jpg,lacunarCT-050,0
train/NON-LVO/lacunarCT-050/33.jpg,lacunarCT-050,0
train/NON-LVO/lacunarCT-050/34.jpg,lacunarCT-050,0
train/NON-LVO/lacunarCT-050/35.jpg,lacunarCT-050,0
train/NON-LVO/lacunarCT-050/36.jpg,lacunarCT-050,0
train/NON-LVO/lacunarCT-050/37.jpg,lacunarCT-050,0
train/NON-LVO/lacunarCT-050/38.jpg,lacunarCT-050,0
train/NON-LVO/lacunarCT-050/39.jpg,lacunarCT-050,0
train/NON-LVO/lacunarCT-050/40.jpg,lacunarCT-050,0
train/NON-LVO/lacunarCT-050/41.jpg,lacunarCT-050,0
train/NON-LVO/lacunarCT-050/42.jpg,lacunarCT-050,0
train/NON-LVO/lacunarCT-050/43.jpg,lacunarCT-050,0
train/NON-LVO/lacunarCT-050/44.jpg,lacunarCT-050,0
train/NON-LVO/lacunarCT-050/45.jpg,lacunarCT-050,0
train/NON-LVO/lacunarCT-050/46.jpg,lacunarCT-050,0
train/NON-LVO/lacunarCT-050/47.jpg,lacunarCT-050,0
train/NON-LVO/lacunarCT-050/48.jpg,lacunarCT-050,0
train/NON-LVO/lacunarCT-051/01.jpg,lacunarCT-051,0
train/NON-LVO/lacunarCT-051/02.jpg,lacunarCT-051,0
train/NON-LVO/lacunarCT-051/03.jpg,lacunarCT-051,0
train/NON-LVO/lacunarCT-051/04.jpg,lacunarCT-051,0
train/NON-LVO/lacunarCT-051/05.jpg,lacunarCT-051,0
train/NON-LVO/lacunarCT-051/06.jpg,lacunarCT-051,0
train/NON-LVO/lacunarCT-051/07.jpg,lacunarCT-051,0
train/NON-LVO/lacunarCT-051/08.jpg,lacunarCT-051,0
train/NON-LVO/lacunarCT-051/09.jpg,lacunarCT-051,0
train/NON-LVO/lacunarCT-051/10.jpg,lacunarCT-051,0
train/NON-LVO/lacunarCT-051/11.jpg,lacunarCT-051,0
train/NON-LVO/lacunarCT-051/12.jpg,lacunarCT-051,0
train/NON-LVO/lacunarCT-051/13.jpg,lacunarCT-051,0
train/NON-LVO/lacunarCT-051/14.jpg,lacunarCT-051,0
train/NON-LVO/lacunarCT-051/15.jpg,lacunarCT-051,0
train/NON-LVO/lacunarCT-051/16.jpg,lacunarCT-051,0
train/NON-LVO/lacunarCT-051/17.jpg,lacunarCT-051,0
train/NON-LVO/lacunarCT-051/18.jpg,lacunarCT-051,0
train/NON-LVO/lacunarCT-051/19.jpg,lacunarCT-051,0
train/NON-LVO/lacunarCT-051/20.jpg,lacunarCT-051,0
train/NON-LVO/lacunarCT-051/21.jpg,lacunarCT-051,0
train/NON-LVO/lacunarCT-051/22.jpg,lacunarCT-051,0
train/NON-LVO/lacunarCT-051/23.jpg,lacunarCT-051,0
train/NON-LVO/lacunarCT-051/24.jpg,lacunarCT-051,0
train/NON-LVO/lacunarCT-051/25.jpg,lacunarCT-051,0
train/NON-LVO/lacunarCT-051/26.jpg,lacunarCT-051,0
train/NON-LVO/lacunarCT-051/27.jpg,lacunarCT-051,0
train/NON-LVO/lacunarCT-051/28.jpg,lacunarCT-051,0
train/NON-LVO/lacunarCT-051/29.jpg,lacunarCT-051,0
train/NON-LVO/lacunarCT-051/30.jpg,lacunarCT-051,0
train/NON-LVO/lacunarCT-051/31.jpg,lacunarCT-051,0
train/NON-LVO/lacunarCT-051/32.jpg,lacunarCT-051,0
train/NON-LVO/lacunarCT-051/33.jpg,lacunarCT-051,0
train/NON-LVO/lacunarCT-051/34.jpg,lacunarCT-051,0
train/NON-LVO/lacunarCT-051/35.jpg,lacunarCT-051,0
train/NON-LVO/lacunarCT-051/36.jpg,lacunarCT-051,0
train/NON-LVO/lacunarCT-051/37.jpg,lacunarCT-051,0
train/NON-LVO/lacunarCT-051/38.jpg,lacunarCT-051,0
train/NON-LVO/lacunarCT-051/39.jpg,lacunarCT-051,0
train/NON-LVO/lacunarCT-051/40.jpg,lacunarCT-051,0
train/NON-LVO/lacunarCT-051/41.jpg,lacunarCT-051,0
train/NON-LVO/lacunarCT-051/42.jpg,lacunarCT-051,0
train/NON-LVO/lacunarCT-051/43.jpg,lacunarCT-051,0
train/NON-LVO/lacunarCT-051/44.jpg,lacunarCT-051,0
train/NON-LVO/lacunarCT-051/45.jpg,lacunarCT-051,0
train/NON-LVO/lacunarCT-051/46.jpg,lacunarCT-051,0
train/NON-LVO/lacunarCT-051/47.jpg,lacunarCT-051,0
train/NON-LVO/lacunarCT-051/48.jpg,lacunarCT-051,0
train/NON-LVO/lacunarCT-051/49.jpg,lacunarCT-051,0
train/NON-LVO/lacunarCT-051/50.jpg,lacunarCT-051,0
train/NON-LVO/lacunarCT-051/51.jpg,lacunarCT-051,0
train/NON-LVO/lacunarCT-052/01.jpg,lacunarCT-052,0
train/NON-LVO/lacunarCT-052/02.jpg,lacunarCT-052,0
train/NON-LVO/lacunarCT-052/03.jpg,lacunarCT-052,0
train/NON-LVO/lacunarCT-052/04.jpg,lacunarCT-052,0
train/NON-LVO/lacunarCT-052/05.jpg,lacunarCT-052,0
train/NON-LVO/lacunarCT-052/06.jpg,lacunarCT-052,0
train/NON-LVO/lacunarCT-052/07.jpg,lacunarCT-052,0
train/NON-LVO/lacunarCT-052/08.jpg,lacunarCT-052,0
train/NON-LVO/lacunarCT-052/09.jpg,lacunarCT-052,0
train/NON-LVO/lacunarCT-052/10.jpg,lacunarCT-052,0
train/NON-LVO/lacunarCT-052/11.jpg,lacunarCT-052,0
train/NON-LVO/lacunarCT-052/12.jpg,lacunarCT-052,0
train/NON-LVO/lacunarCT-052/13.jpg,lacunarCT-052,0
train/NON-LVO/lacunarCT-052/14.jpg,lacunarCT-052,0
train/NON-LVO/lacunarCT-052/15.jpg,lacunarCT-052,0
train/NON-LVO/lacunarCT-052/16.jpg,lacunarCT-052,0
train/NON-LVO/lacunarCT-052/17.jpg,lacunarCT-052,0
train/NON-LVO/lacunarCT-052/18.jpg,lacunarCT-052,0
train/NON-LVO/lacunarCT-052/19.jpg,lacunarCT-052,0
train/NON-LVO/lacunarCT-052/20.jpg,lacunarCT-052,0
train/NON-LVO/lacunarCT-052/21.jpg,lacunarCT-052,0
train/NON-LVO/lacunarCT-052/22.jpg,lacunarCT-052,0
train/NON-LVO/lacunarCT-052/23.jpg,lacunarCT-052,0
train/NON-LVO/lacunarCT-052/24.jpg,lacunarCT-052,0
train/NON-LVO/lacunarCT-052/25.jpg,lacunarCT-052,0
train/NON-LVO/lacunarCT-052/26.jpg,lacunarCT-052,0
train/NON-LVO/lacunarCT-052/27.jpg,lacunarCT-052,0
train/NON-LVO/lacunarCT-052/28.jpg,lacunarCT-052,0
train/NON-LVO/lacunarCT-052/29.jpg,lacunarCT-052,0
train/NON-LVO/lacunarCT-052/30.jpg,lacunarCT-052,0
train/NON-LVO/lacunarCT-052/31.jpg,lacunarCT-052,0
train/NON-LVO/lacunarCT-052/32.jpg,lacunarCT-052,0
train/NON-LVO/lacunarCT-052/33.jpg,lacunarCT-052,0
train/NON-LVO/lacunarCT-052/34.jpg,lacunarCT-052,0
train/NON-LVO/lacunarCT-052/35.jpg,lacunarCT-052,0
train/NON-LVO/lacunarCT-052/36.jpg,lacunarCT-052,0
train/NON-LVO/lacunarCT-052/37.jpg,lacunarCT-052,0
train/NON-LVO/lacunarCT-052/38.jpg,lacunarCT-052,0
train/NON-LVO/lacunarCT-052/39.jpg,lacunarCT-052,0
train/NON-LVO/lacunarCT-052/40.jpg,lacunarCT-052,0
train/NON-LVO/lacunarCT-052/41.jpg,lacunarCT-052,0
train/NON-LVO/lacunarCT-052/42.jpg,lacunarCT-052,0
train/NON-LVO/lacunarCT-052/43.jpg,lacunarCT-052,0
train/NON-LVO/lacunarCT-052/44.jpg,lacunarCT-052,0
train/NON-LVO/lacunarCT-053/01.jpg,lacunarCT-053,0
train/NON-LVO/lacunarCT-053/02.jpg,lacunarCT-053,0
train/NON-LVO/lacunarCT-053/03.jpg,lacunarCT-053,0
train/NON-LVO/lacunarCT-053/04.jpg,lacunarCT-053,0
train/NON-LVO/lacunarCT-053/05.jpg,lacunarCT-053,0
train/NON-LVO/lacunarCT-053/06.jpg,lacunarCT-053,0
train/NON-LVO/lacunarCT-053/07.jpg,lacunarCT-053,0
train/NON-LVO/lacunarCT-053/08.jpg,lacunarCT-053,0
train/NON-LVO/lacunarCT-053/09.jpg,lacunarCT-053,0
train/NON-LVO/lacunarCT-053/10.jpg,lacunarCT-053,0
train/NON-LVO/lacunarCT-053/11.jpg,lacunarCT-053,0
train/NON-LVO/lacunarCT-053/12.jpg,lacunarCT-053,0
train/NON-LVO/lacunarCT-053/13.jpg,lacunarCT-053,0
train/NON-LVO/lacunarCT-053/14.jpg,lacunarCT-053,0
train/NON-LVO/lacunarCT-053/15.jpg,lacunarCT-053,0
train/NON-LVO/lacunarCT-053/16.jpg,lacunarCT-053,0
train/NON-LVO/lacunarCT-053/17.jpg,lacunarCT-053,0
train/NON-LVO/lacunarCT-053/18.jpg,lacunarCT-053,0
train/NON-LVO/lacunarCT-053/19.jpg,lacunarCT-053,0
train/NON-LVO/lacunarCT-053/20.jpg,lacunarCT-053,0
train/NON-LVO/lacunarCT-053/21.jpg,lacunarCT-053,0
train/NON-LVO/lacunarCT-053/22.jpg,lacunarCT-053,0
train/NON-LVO/lacunarCT-053/23.jpg,lacunarCT-053,0
train/NON-LVO/lacunarCT-053/24.jpg,lacunarCT-053,0
train/NON-LVO/lacunarCT-053/25.jpg,lacunarCT-053,0
train/NON-LVO/lacunarCT-053/26.jpg,lacunarCT-053,0
train/NON-LVO/lacunarCT-053/27.jpg,lacunarCT-053,0
train/NON-LVO/lacunarCT-053/28.jpg,lacunarCT-053,0
train/NON-LVO/lacunarCT-053/29.jpg,lacunarCT-053,0
train/NON-LVO/lacunarCT-053/30.jpg,lacunarCT-053,0
train/NON-LVO/lacunarCT-053/31.jpg,lacunarCT-053,0
train/NON-LVO/lacunarCT-053/32.jpg,lacunarCT-053,0
train/NON-LVO/lacunarCT-053/33.jpg,lacunarCT-053,0
train/NON-LVO/lacunarCT-053/34.jpg,lacunarCT-053,0
train/NON-LVO/lacunarCT-053/35.jpg,lacunarCT-053,0
train/NON-LVO/lacunarCT-053/36.jpg,lacunarCT-053,0
train/NON-LVO/lacunarCT-053/37.jpg,lacunarCT-053,0
train/NON-LVO/lacunarCT-053/38.jpg,lacunarCT-053,0
train/NON-LVO/lacunarCT-054/01.jpg,lacunarCT-054,0
train/NON-LVO/lacunarCT-054/02.jpg,lacunarCT-054,0
train/NON-LVO/lacunarCT-054/03.jpg,lacunarCT-054,0
train/NON-LVO/lacunarCT-054/04.jpg,lacunarCT-054,0
train/NON-LVO/lacunarCT-054/05.jpg,lacunarCT-054,0
train/NON-LVO/lacunarCT-054/06.jpg,lacunarCT-054,0
train/NON-LVO/lacunarCT-054/07.jpg,lacunarCT-054,0
train/NON-LVO/lacunarCT-054/08.jpg,lacunarCT-054,0
train/NON-LVO/lacunarCT-054/09.jpg,lacunarCT-054,0
train/NON-LVO/lacunarCT-054/10.jpg,lacunarCT-054,0
train/NON-LVO/lacunarCT-054/11.jpg,lacunarCT-054,0
train/NON-LVO/lacunarCT-054/12.jpg,lacunarCT-054,0
train/NON-LVO/lacunarCT-054/13.jpg,lacunarCT-054,0
train/NON-LVO/lacunarCT-054/14.jpg,lacunarCT-054,0
train/NON-LVO/lacunarCT-054/15.jpg,lacunarCT-054,0
train/NON-LVO/lacunarCT-054/16.jpg,lacunarCT-054,0
train/NON-LVO/lacunarCT-054/17.jpg,lacunarCT-054,0
train/NON-LVO/lacunarCT-054/18.jpg,lacunarCT-054,0
train/NON-LVO/lacunarCT-054/19.jpg,lacunarCT-054,0
train/NON-LVO/lacunarCT-054/20.jpg,lacunarCT-054,0
train/NON-LVO/lacunarCT-054/21.jpg,lacunarCT-054,0
train/NON-LVO/lacunarCT-054/22.jpg,lacunarCT-054,0
train/NON-LVO/lacunarCT-054/23.jpg,lacunarCT-054,0
train/NON-LVO/lacunarCT-054/24.jpg,lacunarCT-054,0
train/NON-LVO/lacunarCT-054/25.jpg,lacunarCT-054,0
train/NON-LVO/lacunarCT-054/26.jpg,lacunarCT-054,0
train/NON-LVO/lacunarCT-054/27.jpg,lacunarCT-054,0
train/NON-LVO/lacunarCT-054/28.jpg,lacunarCT-054,0
train/NON-LVO/lacunarCT-054/29.jpg,lacunarCT-054,0
train/NON-LVO/lacunarCT-054/30.jpg,lacunarCT-054,0
train/NON-LVO/lacunarCT-054/31.jpg,lacunarCT-054,0
train/NON-LVO/lacunarCT-054/32.jpg,lacunarCT-054,0
train/NON-LVO/lacunarCT-054/33.jpg,lacunarCT-054,0
train/NON-LVO/lacunarCT-054/34.jpg,lacunarCT-054,0
train/NON-LVO/lacunarCT-054/35.jpg,lacunarCT-054,0
train/NON-LVO/lacunarCT-054/36.jpg,lacunarCT-054,0
train/NON-LVO/lacunarCT-054/37.jpg,lacunarCT-054,0
train/NON-LVO/lacunarCT-054/38.jpg,lacunarCT-054,0
train/NON-LVO/lacunarCT-054/39.jpg,lacunarCT-054,0
train/NON-LVO/lacunarCT-054/40.jpg,lacunarCT-054,0
train/NON-LVO/lacunarCT-054/41.jpg,lacunarCT-054,0
train/NON-LVO/lacunarCT-054/42.jpg,lacunarCT-054,0
train/NON-LVO/lacunarCT-055/01.jpg,lacunarCT-055,0
train/NON-LVO/lacunarCT-055/02.jpg,lacunarCT-055,0
train/NON-LVO/lacunarCT-055/03.jpg,lacunarCT-055,0
train/NON-LVO/lacunarCT-055/04.jpg,lacunarCT-055,0
train/NON-LVO/lacunarCT-055/05.jpg,lacunarCT-055,0
train/NON-LVO/lacunarCT-055/06.jpg,lacunarCT-055,0
train/NON-LVO/lacunarCT-055/07.jpg,lacunarCT-055,0
train/NON-LVO/lacunarCT-055/08.jpg,lacunarCT-055,0
train/NON-LVO/lacunarCT-055/09.jpg,lacunarCT-055,0
train/NON-LVO/lacunarCT-055/10.jpg,lacunarCT-055,0
train/NON-LVO/lacunarCT-055/11.jpg,lacunarCT-055,0
train/NON-LVO/lacunarCT-055/12.jpg,lacunarCT-055,0
train/NON-LVO/lacunarCT-055/13.jpg,lacunarCT-055,0
train/NON-LVO/lacunarCT-055/14.jpg,lacunarCT-055,0
train/NON-LVO/lacunarCT-055/15.jpg,lacunarCT-055,0
train/NON-LVO/lacunarCT-055/16.jpg,lacunarCT-055,0
train/NON-LVO/lacunarCT-055/17.jpg,lacunarCT-055,0
train/NON-LVO/lacunarCT-055/18.jpg,lacunarCT-055,0
train/NON-LVO/lacunarCT-055/19.jpg,lacunarCT-055,0
train/NON-LVO/lacunarCT-055/20.jpg,lacunarCT-055,0
train/NON-LVO/lacunarCT-055/21.jpg,lacunarCT-055,0
train/NON-LVO/lacunarCT-055/22.jpg,lacunarCT-055,0
train/NON-LVO/lacunarCT-055/23.jpg,lacunarCT-055,0
train/NON-LVO/lacunarCT-055/24.jpg,lacunarCT-055,0
train/NON-LVO/lacunarCT-055/25.jpg,lacunarCT-055,0
train/NON-LVO/lacunarCT-055/26.jpg,lacunarCT-055,0
train/NON-LVO/lacunarCT-055/27.jpg,lacunarCT-055,0
train/NON-LVO/lacunarCT-055/28.jpg,lacunarCT-055,0
train/NON-LVO/lacunarCT-055/29.jpg,lacunarCT-055,0
train/NON-LVO/lacunarCT-055/30.jpg,lacunarCT-055,0
train/NON-LVO/lacunarCT-059/01.jpg,lacunarCT-059,0
train/NON-LVO/lacunarCT-059/02.jpg,lacunarCT-059,0
train/NON-LVO/lacunarCT-059/03.jpg,lacunarCT-059,0
train/NON-LVO/lacunarCT-059/04.jpg,lacunarCT-059,0
train/NON-LVO/lacunarCT-059/05.jpg,lacunarCT-059,0
train/NON-LVO/lacunarCT-059/06.jpg,lacunarCT-059,0
train/NON-LVO/lacunarCT-059/07.jpg,lacunarCT-059,0
train/NON-LVO/lacunarCT-059/08.jpg,lacunarCT-059,0
train/NON-LVO/lacunarCT-059/09.jpg,lacunarCT-059,0
train/NON-LVO/lacunarCT-059/10.jpg,lacunarCT-059,0
train/NON-LVO/lacunarCT-059/11.jpg,lacunarCT-059,0
train/NON-LVO/lacunarCT-059/12.jpg,lacunarCT-059,0
train/NON-LVO/lacunarCT-059/13.jpg,lacunarCT-059,0
train/NON-LVO/lacunarCT-059/14.jpg,lacunarCT-059,0
train/NON-LVO/lacunarCT-059/15.jpg,lacunarCT-059,0
train/NON-LVO/lacunarCT-059/16.jpg,lacunarCT-059,0
train/NON-LVO/lacunarCT-059/17.jpg,lacunarCT-059,0
train/NON-LVO/lacunarCT-059/18.jpg,lacunarCT-059,0
train/NON-LVO/lacunarCT-059/19.jpg,lacunarCT-059,0
train/NON-LVO/lacunarCT-059/20.jpg,lacunarCT-059,0
train/NON-LVO/lacunarCT-059/21.jpg,lacunarCT-059,0
train/NON-LVO/lacunarCT-059/22.jpg,lacunarCT-059,0
train/NON-LVO/lacunarCT-059/23.jpg,lacunarCT-059,0
train/NON-LVO/lacunarCT-059/24.jpg,lacunarCT-059,0
train/NON-LVO/lacunarCT-059/25.jpg,lacunarCT-059,0
train/NON-LVO/lacunarCT-059/26.jpg,lacunarCT-059,0
train/NON-LVO/lacunarCT-059/27.jpg,lacunarCT-059,0
train/NON-LVO/lacunarCT-059/28.jpg,lacunarCT-059,0
train/NON-LVO/lacunarCT-059/29.jpg,lacunarCT-059,0
train/NON-LVO/lacunarCT-059/30.jpg,lacunarCT-059,0
train/NON-LVO/lacunarCT-059/31.jpg,lacunarCT-059,0
train/NON-LVO/lacunarCT-059/32.jpg,lacunarCT-059,0
train/NON-LVO/lacunarCT-059/33.jpg,lacunarCT-059,0
train/NON-LVO/lacunarCT-059/34.jpg,lacunarCT-059,0
train/NON-LVO/lacunarCT-059/35.jpg,lacunarCT-059,0
train/NON-LVO/lacunarCT-059/36.jpg,lacunarCT-059,0
train/NON-LVO/lacunarCT-059/37.jpg,lacunarCT-059,0
train/NON-LVO/lacunarCT-059/38.jpg,lacunarCT-059,0
train/NON-LVO/lacunarCT-059/39.jpg,lacunarCT-059,0
train/NON-LVO/lacunarCT-059/40.jpg,lacunarCT-059,0
train/NON-LVO/lacunarCT-060/01.jpg,lacunarCT-060,0
train/NON-LVO/lacunarCT-060/02.jpg,lacunarCT-060,0
train/NON-LVO/lacunarCT-060/03.jpg,lacunarCT-060,0
train/NON-LVO/lacunarCT-060/04.jpg,lacunarCT-060,0
train/NON-LVO/lacunarCT-060/05.jpg,lacunarCT-060,0
train/NON-LVO/lacunarCT-060/06.jpg,lacunarCT-060,0
train/NON-LVO/lacunarCT-060/07.jpg,lacunarCT-060,0
train/NON-LVO/lacunarCT-060/08.jpg,lacunarCT-060,0
train/NON-LVO/lacunarCT-060/09.jpg,lacunarCT-060,0
train/NON-LVO/lacunarCT-060/10.jpg,lacunarCT-060,0
train/NON-LVO/lacunarCT-060/11.jpg,lacunarCT-060,0
train/NON-LVO/lacunarCT-060/12.jpg,lacunarCT-060,0
train/NON-LVO/lacunarCT-060/13.jpg,lacunarCT-060,0
train/NON-LVO/lacunarCT-060/14.jpg,lacunarCT-060,0
train/NON-LVO/lacunarCT-060/15.jpg,lacunarCT-060,0
train/NON-LVO/lacunarCT-060/16.jpg,lacunarCT-060,0
train/NON-LVO/lacunarCT-060/17.jpg,lacunarCT-060,0
train/NON-LVO/lacunarCT-060/18.jpg,lacunarCT-060,0
train/NON-LVO/lacunarCT-060/19.jpg,lacunarCT-060,0
train/NON-LVO/lacunarCT-060/20.jpg,lacunarCT-060,0
train/NON-LVO/lacunarCT-060/21.jpg,lacunarCT-060,0
train/NON-LVO/lacunarCT-060/22.jpg,lacunarCT-060,0
train/NON-LVO/lacunarCT-060/23.jpg,lacunarCT-060,0
train/NON-LVO/lacunarCT-060/24.jpg,lacunarCT-060,0
train/NON-LVO/lacunarCT-060/25.jpg,lacunarCT-060,0
train/NON-LVO/lacunarCT-060/26.jpg,lacunarCT-060,0
train/NON-LVO/lacunarCT-060/27.jpg,lacunarCT-060,0
train/NON-LVO/lacunarCT-060/28.jpg,lacunarCT-060,0
train/NON-LVO/lacunarCT-060/29.jpg,lacunarCT-060,0
train/NON-LVO/lacunarCT-060/30.jpg,lacunarCT-060,0
train/NON-LVO/lacunarCT-060/31.jpg,lacunarCT-060,0
train/NON-LVO/lacunarCT-060/32.jpg,lacunarCT-060,0
train/NON-LVO/lacunarCT-060/33.jpg,lacunarCT-060,0
train/NON-LVO/lacunarCT-060/34.jpg,lacunarCT-060,0
train/NON-LVO/lacunarCT-060/35.jpg,lacunarCT-060,0
train/NON-LVO/lacunarCT-060/36.jpg,lacunarCT-060,0
train/NON-LVO/lacunarCT-060/37.jpg,lacunarCT-060,0
train/NON-LVO/lacunarCT-060/38.jpg,lacunarCT-060,0
train/NON-LVO/lacunarCT-060/39.jpg,lacunarCT-060,0
train/NON-LVO/lacunarCT-060/40.jpg,lacunarCT-060,0
train/NON-LVO/lacunarCT-062/01.jpg,lacunarCT-062,0
train/NON-LVO/lacunarCT-062/02.jpg,lacunarCT-062,0
train/NON-LVO/lacunarCT-062/03.jpg,lacunarCT-062,0
train/NON-LVO/lacunarCT-062/04.jpg,lacunarCT-062,0
train/NON-LVO/lacunarCT-062/05.jpg,lacunarCT-062,0
train/NON-LVO/lacunarCT-062/06.jpg,lacunarCT-062,0
train/NON-LVO/lacunarCT-062/07.jpg,lacunarCT-062,0
train/NON-LVO/lacunarCT-062/08.jpg,lacunarCT-062,0
train/NON-LVO/lacunarCT-062/09.jpg,lacunarCT-062,0
train/NON-LVO/lacunarCT-062/10.jpg,lacunarCT-062,0
train/NON-LVO/lacunarCT-062/11.jpg,lacunarCT-062,0
train/NON-LVO/lacunarCT-062/12.jpg,lacunarCT-062,0
train/NON-LVO/lacunarCT-062/13.jpg,lacunarCT-062,0
train/NON-LVO/lacunarCT-062/14.jpg,lacunarCT-062,0
train/NON-LVO/lacunarCT-062/15.jpg,lacunarCT-062,0
train/NON-LVO/lacunarCT-062/16.jpg,lacunarCT-062,0
train/NON-LVO/lacunarCT-062/17.jpg,lacunarCT-062,0
train/NON-LVO/lacunarCT-062/18.jpg,lacunarCT-062,0
train/NON-LVO/lacunarCT-062/19.jpg,lacunarCT-062,0
train/NON-LVO/lacunarCT-062/20.jpg,lacunarCT-062,0
train/NON-LVO/lacunarCT-062/21.jpg,lacunarCT-062,0
train/NON-LVO/lacunarCT-062/22.jpg,lacunarCT-062,0
train/NON-LVO/lacunarCT-062/23.jpg,lacunarCT-062,0
train/NON-LVO/lacunarCT-062/24.jpg,lacunarCT-062,0
train/NON-LVO/lacunarCT-062/25.jpg,lacunarCT-062,0
train/NON-LVO/lacunarCT-062/26.jpg,lacunarCT-062,0
train/NON-LVO/lacunarCT-062/27.jpg,lacunarCT-062,0
train/NON-LVO/lacunarCT-062/28.jpg,lacunarCT-062,0
train/NON-LVO/lacunarCT-062/29.jpg,lacunarCT-062,0
train/NON-LVO/lacunarCT-062/30.jpg,lacunarCT-062,0
train/NON-LVO/lacunarCT-062/31.jpg,lacunarCT-062,0
train/NON-LVO/lacunarCT-062/32.jpg,lacunarCT-062,0
train/NON-LVO/lacunarCT-062/33.jpg,lacunarCT-062,0
train/NON-LVO/lacunarCT-062/34.jpg,lacunarCT-062,0
train/NON-LVO/lacunarCT-063/01.jpg,lacunarCT-063,0
train/NON-LVO/lacunarCT-063/02.jpg,lacunarCT-063,0
train/NON-LVO/lacunarCT-063/03.jpg,lacunarCT-063,0
train/NON-LVO/lacunarCT-063/04.jpg,lacunarCT-063,0
train/NON-LVO/lacunarCT-063/05.jpg,lacunarCT-063,0
train/NON-LVO/lacunarCT-063/06.jpg,lacunarCT-063,0
train/NON-LVO/lacunarCT-063/07.jpg,lacunarCT-063,0
train/NON-LVO/lacunarCT-063/08.jpg,lacunarCT-063,0
train/NON-LVO/lacunarCT-063/09.jpg,lacunarCT-063,0
train/NON-LVO/lacunarCT-063/10.jpg,lacunarCT-063,0
train/NON-LVO/lacunarCT-063/11.jpg,lacunarCT-063,0
train/NON-LVO/lacunarCT-063/12.jpg,lacunarCT-063,0
train/NON-LVO/lacunarCT-063/13.jpg,lacunarCT-063,0
train/NON-LVO/lacunarCT-063/14.jpg,lacunarCT-063,0
train/NON-LVO/lacunarCT-063/15.jpg,lacunarCT-063,0
train/NON-LVO/lacunarCT-063/17.jpg,lacunarCT-063,0
train/NON-LVO/lacunarCT-063/18.jpg,lacunarCT-063,0
train/NON-LVO/lacunarCT-063/19.jpg,lacunarCT-063,0
train/NON-LVO/lacunarCT-063/20.jpg,lacunarCT-063,0
train/NON-LVO/lacunarCT-063/21.jpg,lacunarCT-063,0
train/NON-LVO/lacunarCT-063/22.jpg,lacunarCT-063,0
train/NON-LVO/lacunarCT-063/23.jpg,lacunarCT-063,0
train/NON-LVO/lacunarCT-063/24.jpg,lacunarCT-063,0
train/NON-LVO/lacunarCT-063/25.jpg,lacunarCT-063,0
train/NON-LVO/lacunarCT-063/26.jpg,lacunarCT-063,0
train/NON-LVO/lacunarCT-063/27.jpg,lacunarCT-063,0
train/NON-LVO/lacunarCT-063/28.jpg,lacunarCT-063,0
train/NON-LVO/lacunarCT-063/29.jpg,lacunarCT-063,0
train/NON-LVO/lacunarCT-063/30.jpg,lacunarCT-063,0
train/NON-LVO/lacunarCT-063/31.jpg,lacunarCT-063,0
train/NON-LVO/lacunarCT-063/32.jpg,lacunarCT-063,0
train/NON-LVO/lacunarCT-063/33.jpg,lacunarCT-063,0
train/NON-LVO/lacunarCT-063/34.jpg,lacunarCT-063,0
train/NON-LVO/lacunarCT-063/35.jpg,lacunarCT-063,0
train/NON-LVO/lacunarCT-063/36.jpg,lacunarCT-063,0
train/NON-LVO/lacunarCT-063/37.jpg,lacunarCT-063,0
train/NON-LVO/lacunarCT-063/38.jpg,lacunarCT-063,0
train/NON-LVO/lacunarCT-063/39.jpg,lacunarCT-063,0
train/NON-LVO/lacunarCT-063/40.jpg,lacunarCT-063,0
train/NON-LVO/lacunarCT-063/41.jpg,lacunarCT-063,0
train/NON-LVO/lacunarCT-063/42.jpg,lacunarCT-063,0
train/NON-LVO/lacunarCT-063/43.jpg,lacunarCT-063,0
train/NON-LVO/lacunarCT-063/44.jpg,lacunarCT-063,0
train/NON-LVO/lacunarCT-063/6.jpg,lacunarCT-063,0
train/NON-LVO/lacunarCT-065/01.jpg,lacunarCT-065,0
train/NON-LVO/lacunarCT-065/02.jpg,lacunarCT-065,0
train/NON-LVO/lacunarCT-065/03.jpg,lacunarCT-065,0
train/NON-LVO/lacunarCT-065/04.jpg,lacunarCT-065,0
train/NON-LVO/lacunarCT-065/05.jpg,lacunarCT-065,0
train/NON-LVO/lacunarCT-065/06.jpg,lacunarCT-065,0
train/NON-LVO/lacunarCT-065/07.jpg,lacunarCT-065,0
train/NON-LVO/lacunarCT-065/08.jpg,lacunarCT-065,0
train/NON-LVO/lacunarCT-065/09.jpg,lacunarCT-065,0
train/NON-LVO/lacunarCT-065/10.jpg,lacunarCT-065,0
train/NON-LVO/lacunarCT-065/11.jpg,lacunarCT-065,0
train/NON-LVO/lacunarCT-065/12.jpg,lacunarCT-065,0
train/NON-LVO/lacunarCT-065/13.jpg,lacunarCT-065,0
train/NON-LVO/lacunarCT-065/14.jpg,lacunarCT-065,0
train/NON-LVO/lacunarCT-065/15.jpg,lacunarCT-065,0
train/NON-LVO/lacunarCT-065/16.jpg,lacunarCT-065,0
train/NON-LVO/lacunarCT-065/17.jpg,lacunarCT-065,0
train/NON-LVO/lacunarCT-065/18.jpg,lacunarCT-065,0
train/NON-LVO/lacunarCT-065/19.jpg,lacunarCT-065,0
train/NON-LVO/lacunarCT-065/20.jpg,lacunarCT-065,0
train/NON-LVO/lacunarCT-065/21.jpg,lacunarCT-065,0
train/NON-LVO/lacunarCT-065/22.jpg,lacunarCT-065,0
train/NON-LVO/lacunarCT-065/23.jpg,lacunarCT-065,0
train/NON-LVO/lacunarCT-065/24.jpg,lacunarCT-065,0
train/NON-LVO/lacunarCT-065/25.jpg,lacunarCT-065,0
train/NON-LVO/lacunarCT-065/26.jpg,lacunarCT-065,0
train/NON-LVO/lacunarCT-065/27.jpg,lacunarCT-065,0
train/NON-LVO/lacunarCT-065/28.jpg,lacunarCT-065,0
train/NON-LVO/lacunarCT-065/29.jpg,lacunarCT-065,0
train/NON-LVO/lacunarCT-065/30.jpg,lacunarCT-065,0
train/NON-LVO/lacunarCT-065/31.jpg,lacunarCT-065,0
train/NON-LVO/lacunarCT-065/32.jpg,lacunarCT-065,0
train/NON-LVO/lacunarCT-065/33.jpg,lacunarCT-065,0
train/NON-LVO/lacunarCT-065/34.jpg,lacunarCT-065,0
train/NON-LVO/lacunarCT-065/35.jpg,lacunarCT-065,0
train/NON-LVO/lacunarCT-065/36.jpg,lacunarCT-065,0
train/NON-LVO/lacunarCT-065/37.jpg,lacunarCT-065,0
train/NON-LVO/lacunarCT-065/38.jpg,lacunarCT-065,0
train/NON-LVO/lacunarCT-065/39.jpg,lacunarCT-065,0
train/NON-LVO/lacunarCT-065/40.jpg,lacunarCT-065,0
train/NON-LVO/lacunarCT-065/41.jpg,lacunarCT-065,0
train/NON-LVO/lacunarCT-065/42.jpg,lacunarCT-065,0
train/NON-LVO/lacunarCT-065/43.jpg,lacunarCT-065,0
train/NON-LVO/lacunarCT-065/44.jpg,lacunarCT-065,0
train/NON-LVO/lacunarCT-066/01.jpg,lacunarCT-066,0
train/NON-LVO/lacunarCT-066/02.jpg,lacunarCT-066,0
train/NON-LVO/lacunarCT-066/03.jpg,lacunarCT-066,0
train/NON-LVO/lacunarCT-066/04.jpg,lacunarCT-066,0
train/NON-LVO/lacunarCT-066/05.jpg,lacunarCT-066,0
train/NON-LVO/lacunarCT-066/06.jpg,lacunarCT-066,0
train/NON-LVO/lacunarCT-066/07.jpg,lacunarCT-066,0
train/NON-LVO/lacunarCT-066/08.jpg,lacunarCT-066,0
train/NON-LVO/lacunarCT-066/09.jpg,lacunarCT-066,0
train/NON-LVO/lacunarCT-066/10.jpg,lacunarCT-066,0
train/NON-LVO/lacunarCT-066/11.jpg,lacunarCT-066,0
train/NON-LVO/lacunarCT-066/12.jpg,lacunarCT-066,0
train/NON-LVO/lacunarCT-066/13.jpg,lacunarCT-066,0
train/NON-LVO/lacunarCT-066/14.jpg,lacunarCT-066,0
train/NON-LVO/lacunarCT-066/15.jpg,lacunarCT-066,0
train/NON-LVO/lacunarCT-066/16.jpg,lacunarCT-066,0
train/NON-LVO/lacunarCT-066/17.jpg,lacunarCT-066,0
train/NON-LVO/lacunarCT-066/18.jpg,lacunarCT-066,0
train/NON-LVO/lacunarCT-066/19.jpg,lacunarCT-066,0
train/NON-LVO/lacunarCT-066/20.jpg,lacunarCT-066,0
train/NON-LVO/lacunarCT-066/21.jpg,lacunarCT-066,0
train/NON-LVO/lacunarCT-066/22.jpg,lacunarCT-066,0
train/NON-LVO/lacunarCT-066/23.jpg,lacunarCT-066,0
train/NON-LVO/lacunarCT-066/24.jpg,lacunarCT-066,0
train/NON-LVO/lacunarCT-066/25.jpg,lacunarCT-066,0
train/NON-LVO/lacunarCT-066/26.jpg,lacunarCT-066,0
train/NON-LVO/lacunarCT-066/27.jpg,lacunarCT-066,0
train/NON-LVO/lacunarCT-066/28.jpg,lacunarCT-066,0
train/NON-LVO/lacunarCT-066/29.jpg,lacunarCT-066,0
train/NON-LVO/lacunarCT-066/30.jpg,lacunarCT-066,0
train/NON-LVO/lacunarCT-066/31.jpg,lacunarCT-066,0
train/NON-LVO/lacunarCT-066/32.jpg,lacunarCT-066,0
train/NON-LVO/lacunarCT-066/33.jpg,lacunarCT-066,0
train/NON-LVO/lacunarCT-066/34.jpg,lacunarCT-066,0
train/NON-LVO/lacunarCT-066/35.jpg,lacunarCT-066,0
train/NON-LVO/lacunarCT-066/36.jpg,lacunarCT-066,0
train/NON-LVO/lacunarCT-066/37.jpg,lacunarCT-066,0
train/NON-LVO/lacunarCT-066/38.jpg,lacunarCT-066,0
train/NON-LVO/lacunarCT-066/39.jpg,lacunarCT-066,0
train/NON-LVO/lacunarCT-066/40.jpg,lacunarCT-066,0
train/NON-LVO/lacunarCT-068/01.jpg,lacunarCT-068,0
train/NON-LVO/lacunarCT-068/02.jpg,lacunarCT-068,0
train/NON-LVO/lacunarCT-068/03.jpg,lacunarCT-068,0
train/NON-LVO/lacunarCT-068/04.jpg,lacunarCT-068,0
train/NON-LVO/lacunarCT-068/05.jpg,lacunarCT-068,0
train/NON-LVO/lacunarCT-068/06.jpg,lacunarCT-068,0
train/NON-LVO/lacunarCT-068/07.jpg,lacunarCT-068,0
train/NON-LVO/lacunarCT-068/08.jpg,lacunarCT-068,0
train/NON-LVO/lacunarCT-068/09.jpg,lacunarCT-068,0
train/NON-LVO/lacunarCT-068/10.jpg,lacunarCT-068,0
train/NON-LVO/lacunarCT-068/11.jpg,lacunarCT-068,0
train/NON-LVO/lacunarCT-068/12.jpg,lacunarCT-068,0
train/NON-LVO/lacunarCT-068/13.jpg,lacunarCT-068,0
train/NON-LVO/lacunarCT-068/14.jpg,lacunarCT-068,0
train/NON-LVO/lacunarCT-068/15.jpg,lacunarCT-068,0
train/NON-LVO/lacunarCT-068/16.jpg,lacunarCT-068,0
train/NON-LVO/lacunarCT-068/17.jpg,lacunarCT-068,0
train/NON-LVO/lacunarCT-068/18.jpg,lacunarCT-068,0
train/NON-LVO/lacunarCT-068/19.jpg,lacunarCT-068,0
train/NON-LVO/lacunarCT-068/20.jpg,lacunarCT-068,0
train/NON-LVO/lacunarCT-068/21.jpg,lacunarCT-068,0
train/NON-LVO/lacunarCT-068/22.jpg,lacunarCT-068,0
train/NON-LVO/lacunarCT-068/23.jpg,lacunarCT-068,0
train/NON-LVO/lacunarCT-068/24.jpg,lacunarCT-068,0
train/NON-LVO/lacunarCT-068/25.jpg,lacunarCT-068,0
train/NON-LVO/lacunarCT-068/26.jpg,lacunarCT-068,0
train/NON-LVO/lacunarCT-068/27.jpg,lacunarCT-068,0
train/NON-LVO/lacunarCT-068/28.jpg,lacunarCT-068,0
train/NON-LVO/lacunarCT-068/29.jpg,lacunarCT-068,0
train/NON-LVO/lacunarCT-068/30.jpg,lacunarCT-068,0
train/NON-LVO/lacunarCT-068/31.jpg,lacunarCT-068,0
train/NON-LVO/lacunarCT-068/32.jpg,lacunarCT-068,0
train/NON-LVO/lacunarCT-068/33.jpg,lacunarCT-068,0
train/NON-LVO/lacunarCT-068/34.jpg,lacunarCT-068,0
train/NON-LVO/lacunarCT-068/35.jpg,lacunarCT-068,0
train/NON-LVO/lacunarCT-068/36.jpg,lacunarCT-068,0
train/NON-LVO/lacunarCT-068/37.jpg,lacunarCT-068,0
train/NON-LVO/lacunarCT-068/38.jpg,lacunarCT-068,0
train/NON-LVO/lacunarCT-068/39.jpg,lacunarCT-068,0
train/NON-LVO/lacunarCT-068/40.jpg,lacunarCT-068,0
train/NON-LVO/lacunarCT-068/41.jpg,lacunarCT-068,0
train/NON-LVO/lacunarCT-068/42.jpg,lacunarCT-068,0
train/NON-LVO/lacunarCT-068/43.jpg,lacunarCT-068,0
train/NON-LVO/lacunarCT-068/44.jpg,lacunarCT-068,0
train/NON-LVO/lacunarCT-068/45.jpg,lacunarCT-068,0
train/NON-LVO/lacunarCT-068/46.jpg,lacunarCT-068,0
train/NON-LVO/lacunarCT-069/01.jpg,lacunarCT-069,0
train/NON-LVO/lacunarCT-069/02.jpg,lacunarCT-069,0
train/NON-LVO/lacunarCT-069/03.jpg,lacunarCT-069,0
train/NON-LVO/lacunarCT-069/04.jpg,lacunarCT-069,0
train/NON-LVO/lacunarCT-069/05.jpg,lacunarCT-069,0
train/NON-LVO/lacunarCT-069/06.jpg,lacunarCT-069,0
train/NON-LVO/lacunarCT-069/07.jpg,lacunarCT-069,0
train/NON-LVO/lacunarCT-069/08.jpg,lacunarCT-069,0
train/NON-LVO/lacunarCT-069/09.jpg,lacunarCT-069,0
train/NON-LVO/lacunarCT-069/10.jpg,lacunarCT-069,0
train/NON-LVO/lacunarCT-069/11.jpg,lacunarCT-069,0
train/NON-LVO/lacunarCT-069/12.jpg,lacunarCT-069,0
train/NON-LVO/lacunarCT-069/13.jpg,lacunarCT-069,0
train/NON-LVO/lacunarCT-069/14.jpg,lacunarCT-069,0
train/NON-LVO/lacunarCT-069/15.jpg,lacunarCT-069,0
train/NON-LVO/lacunarCT-069/16.jpg,lacunarCT-069,0
train/NON-LVO/lacunarCT-069/17.jpg,lacunarCT-069,0
train/NON-LVO/lacunarCT-069/18.jpg,lacunarCT-069,0
train/NON-LVO/lacunarCT-069/19.jpg,lacunarCT-069,0
train/NON-LVO/lacunarCT-069/20.jpg,lacunarCT-069,0
train/NON-LVO/lacunarCT-069/21.jpg,lacunarCT-069,0
train/NON-LVO/lacunarCT-069/22.jpg,lacunarCT-069,0
train/NON-LVO/lacunarCT-069/23.jpg,lacunarCT-069,0
train/NON-LVO/lacunarCT-069/24.jpg,lacunarCT-069,0
train/NON-LVO/lacunarCT-069/25.jpg,lacunarCT-069,0
train/NON-LVO/lacunarCT-069/26.jpg,lacunarCT-069,0
train/NON-LVO/lacunarCT-069/27.jpg,lacunarCT-069,0
train/NON-LVO/lacunarCT-069/28.jpg,lacunarCT-069,0
train/NON-LVO/lacunarCT-069/29.jpg,lacunarCT-069,0
train/NON-LVO/lacunarCT-069/30.jpg,lacunarCT-069,0
train/NON-LVO/lacunarCT-069/31.jpg,lacunarCT-069,0
train/NON-LVO/lacunarCT-069/32.jpg,lacunarCT-069,0
train/NON-LVO/lacunarCT-069/33.jpg,lacunarCT-069,0
train/NON-LVO/lacunarCT-069/34.jpg,lacunarCT-069,0
train/NON-LVO/lacunarCT-069/35.jpg,lacunarCT-069,0
train/NON-LVO/lacunarCT-069/36.jpg,lacunarCT-069,0
train/NON-LVO/lacunarCT-069/37.jpg,lacunarCT-069,0
train/NON-LVO/lacunarCT-069/38.jpg,lacunarCT-069,0
train/NON-LVO/lacunarCT-069/39.jpg,lacunarCT-069,0
train/NON-LVO/lacunarCT-069/40.jpg,lacunarCT-069,0
train/NON-LVO/lacunarCT-069/41.jpg,lacunarCT-069,0
train/NON-LVO/lacunarCT-069/42.jpg,lacunarCT-069,0
train/NON-LVO/lacunarCT-069/43.jpg,lacunarCT-069,0
train/NON-LVO/lacunarCT-069/44.jpg,lacunarCT-069,0
train/NON-LVO/lacunarCT-069/45.jpg,lacunarCT-069,0
train/NON-LVO/lacunarCT-069/46.jpg,lacunarCT-069,0
train/NON-LVO/lacunarCT-070/01.jpg,lacunarCT-070,0
train/NON-LVO/lacunarCT-070/02.jpg,lacunarCT-070,0
train/NON-LVO/lacunarCT-070/03.jpg,lacunarCT-070,0
train/NON-LVO/lacunarCT-070/04.jpg,lacunarCT-070,0
train/NON-LVO/lacunarCT-070/05.jpg,lacunarCT-070,0
train/NON-LVO/lacunarCT-070/06.jpg,lacunarCT-070,0
train/NON-LVO/lacunarCT-070/07.jpg,lacunarCT-070,0
train/NON-LVO/lacunarCT-070/08.jpg,lacunarCT-070,0
train/NON-LVO/lacunarCT-070/09.jpg,lacunarCT-070,0
train/NON-LVO/lacunarCT-070/10.jpg,lacunarCT-070,0
train/NON-LVO/lacunarCT-070/11.jpg,lacunarCT-070,0
train/NON-LVO/lacunarCT-070/12.jpg,lacunarCT-070,0
train/NON-LVO/lacunarCT-070/13.jpg,lacunarCT-070,0
train/NON-LVO/lacunarCT-070/14.jpg,lacunarCT-070,0
train/NON-LVO/lacunarCT-070/15.jpg,lacunarCT-070,0
train/NON-LVO/lacunarCT-070/16.jpg,lacunarCT-070,0
train/NON-LVO/lacunarCT-070/17.jpg,lacunarCT-070,0
train/NON-LVO/lacunarCT-070/18.jpg,lacunarCT-070,0
train/NON-LVO/lacunarCT-070/19.jpg,lacunarCT-070,0
train/NON-LVO/lacunarCT-070/20.jpg,lacunarCT-070,0
train/NON-LVO/lacunarCT-070/21.jpg,lacunarCT-070,0
train/NON-LVO/lacunarCT-070/22.jpg,lacunarCT-070,0
train/NON-LVO/lacunarCT-070/23.jpg,lacunarCT-070,0
train/NON-LVO/lacunarCT-070/24.jpg,lacunarCT-070,0
train/NON-LVO/lacunarCT-070/25.jpg,lacunarCT-070,0
train/NON-LVO/lacunarCT-070/26.jpg,lacunarCT-070,0
train/NON-LVO/lacunarCT-070/27.jpg,lacunarCT-070,0
train/NON-LVO/lacunarCT-070/28.jpg,lacunarCT-070,0
train/NON-LVO/lacunarCT-070/29.jpg,lacunarCT-070,0
train/NON-LVO/lacunarCT-070/30.jpg,lacunarCT-070,0
train/NON-LVO/lacunarCT-070/31.jpg,lacunarCT-070,0
train/NON-LVO/lacunarCT-070/32.jpg,lacunarCT-070,0
train/NON-LVO/lacunarCT-070/33.jpg,lacunarCT-070,0
train/NON-LVO/lacunarCT-070/34.jpg,lacunarCT-070,0
train/NON-LVO/lacunarCT-070/35.jpg,lacunarCT-070,0
train/NON-LVO/lacunarCT-070/36.jpg,lacunarCT-070,0
train/NON-LVO/lacunarCT-070/37.jpg,lacunarCT-070,0
train/NON-LVO/lacunarCT-070/38.jpg,lacunarCT-070,0
train/NON-LVO/lacunarCT-070/39.jpg,lacunarCT-070,0
train/NON-LVO/lacunarCT-070/40.jpg,lacunarCT-070,0
train/NON-LVO/lacunarCT-070/41.jpg,lacunarCT-070,0
train/NON-LVO/lacunarCT-070/42.jpg,lacunarCT-070,0
train/NON-LVO/lacunarCT-071/01.jpg,lacunarCT-071,0
train/NON-LVO/lacunarCT-071/02.jpg,lacunarCT-071,0
train/NON-LVO/lacunarCT-071/03.jpg,lacunarCT-071,0
train/NON-LVO/lacunarCT-071/04.jpg,lacunarCT-071,0
train/NON-LVO/lacunarCT-071/05.jpg,lacunarCT-071,0
train/NON-LVO/lacunarCT-071/06.jpg,lacunarCT-071,0
train/NON-LVO/lacunarCT-071/07.jpg,lacunarCT-071,0
train/NON-LVO/lacunarCT-071/08.jpg,lacunarCT-071,0
train/NON-LVO/lacunarCT-071/09.jpg,lacunarCT-071,0
train/NON-LVO/lacunarCT-071/10.jpg,lacunarCT-071,0
train/NON-LVO/lacunarCT-071/11.jpg,lacunarCT-071,0
train/NON-LVO/lacunarCT-071/12.jpg,lacunarCT-071,0
train/NON-LVO/lacunarCT-071/13.jpg,lacunarCT-071,0
train/NON-LVO/lacunarCT-071/14.jpg,lacunarCT-071,0
train/NON-LVO/lacunarCT-071/15.jpg,lacunarCT-071,0
train/NON-LVO/lacunarCT-071/16.jpg,lacunarCT-071,0
train/NON-LVO/lacunarCT-071/17.jpg,lacunarCT-071,0
train/NON-LVO/lacunarCT-071/18.jpg,lacunarCT-071,0
train/NON-LVO/lacunarCT-071/19.jpg,lacunarCT-071,0
train/NON-LVO/lacunarCT-071/20.jpg,lacunarCT-071,0
train/NON-LVO/lacunarCT-071/21.jpg,lacunarCT-071,0
train/NON-LVO/lacunarCT-071/22.jpg,lacunarCT-071,0
train/NON-LVO/lacunarCT-071/23.jpg,lacunarCT-071,0
train/NON-LVO/lacunarCT-071/24.jpg,lacunarCT-071,0
train/NON-LVO/lacunarCT-071/25.jpg,lacunarCT-071,0
train/NON-LVO/lacunarCT-071/26.jpg,lacunarCT-071,0
train/NON-LVO/lacunarCT-071/27.jpg,lacunarCT-071,0
train/NON-LVO/lacunarCT-071/28.jpg,lacunarCT-071,0
train/NON-LVO/lacunarCT-071/29.jpg,lacunarCT-071,0
train/NON-LVO/lacunarCT-071/30.jpg,lacunarCT-071,0
train/NON-LVO/lacunarCT-071/31.jpg,lacunarCT-071,0
train/NON-LVO/lacunarCT-071/32.jpg,lacunarCT-071,0
train/NON-LVO/lacunarCT-071/33.jpg,lacunarCT-071,0
train/NON-LVO/lacunarCT-071/34.jpg,lacunarCT-071,0
train/NON-LVO/lacunarCT-071/35.jpg,lacunarCT-071,0
train/NON-LVO/lacunarCT-071/36.jpg,lacunarCT-071,0
train/NON-LVO/lacunarCT-071/37.jpg,lacunarCT-071,0
train/NON-LVO/lacunarCT-071/38.jpg,lacunarCT-071,0
train/NON-LVO/lacunarCT-071/39.jpg,lacunarCT-071,0
train/NON-LVO/lacunarCT-071/40.jpg,lacunarCT-071,0
train/NON-LVO/lacunarCT-071/41.jpg,lacunarCT-071,0
train/NON-LVO/lacunarCT-071/42.jpg,lacunarCT-071,0
train/NON-LVO/lacunarCT-071/43.jpg,lacunarCT-071,0
train/NON-LVO/lacunarCT-071/44.jpg,lacunarCT-071,0
train/NON-LVO/lacunarCT-072/01.jpg,lacunarCT-072,0
train/NON-LVO/lacunarCT-072/02.jpg,lacunarCT-072,0
train/NON-LVO/lacunarCT-072/03.jpg,lacunarCT-072,0
train/NON-LVO/lacunarCT-072/04.jpg,lacunarCT-072,0
train/NON-LVO/lacunarCT-072/05.jpg,lacunarCT-072,0
train/NON-LVO/lacunarCT-072/06.jpg,lacunarCT-072,0
train/NON-LVO/lacunarCT-072/07.jpg,lacunarCT-072,0
train/NON-LVO/lacunarCT-072/08.jpg,lacunarCT-072,0
train/NON-LVO/lacunarCT-072/09.jpg,lacunarCT-072,0
train/NON-LVO/lacunarCT-072/10.jpg,lacunarCT-072,0
train/NON-LVO/lacunarCT-072/11.jpg,lacunarCT-072,0
train/NON-LVO/lacunarCT-072/12.jpg,lacunarCT-072,0
train/NON-LVO/lacunarCT-072/13.jpg,lacunarCT-072,0
train/NON-LVO/lacunarCT-072/14.jpg,lacunarCT-072,0
train/NON-LVO/lacunarCT-072/15.jpg,lacunarCT-072,0
train/NON-LVO/lacunarCT-072/16.jpg,lacunarCT-072,0
train/NON-LVO/lacunarCT-072/17.jpg,lacunarCT-072,0
train/NON-LVO/lacunarCT-072/18.jpg,lacunarCT-072,0
train/NON-LVO/lacunarCT-072/19.jpg,lacunarCT-072,0
train/NON-LVO/lacunarCT-072/20.jpg,lacunarCT-072,0
train/NON-LVO/lacunarCT-072/21.jpg,lacunarCT-072,0
train/NON-LVO/lacunarCT-072/22.jpg,lacunarCT-072,0
train/NON-LVO/lacunarCT-072/23.jpg,lacunarCT-072,0
train/NON-LVO/lacunarCT-072/24.jpg,lacunarCT-072,0
train/NON-LVO/lacunarCT-072/25.jpg,lacunarCT-072,0
train/NON-LVO/lacunarCT-072/26.jpg,lacunarCT-072,0
train/NON-LVO/lacunarCT-072/27.jpg,lacunarCT-072,0
train/NON-LVO/lacunarCT-072/28.jpg,lacunarCT-072,0
train/NON-LVO/lacunarCT-072/29.jpg,lacunarCT-072,0
train/NON-LVO/lacunarCT-072/30.jpg,lacunarCT-072,0
train/NON-LVO/lacunarCT-075/01.jpg,lacunarCT-075,0
train/NON-LVO/lacunarCT-075/02.jpg,lacunarCT-075,0
train/NON-LVO/lacunarCT-075/03.jpg,lacunarCT-075,0
train/NON-LVO/lacunarCT-075/04.jpg,lacunarCT-075,0
train/NON-LVO/lacunarCT-075/05.jpg,lacunarCT-075,0
train/NON-LVO/lacunarCT-075/06.jpg,lacunarCT-075,0
train/NON-LVO/lacunarCT-075/07.jpg,lacunarCT-075,0
train/NON-LVO/lacunarCT-075/08.jpg,lacunarCT-075,0
train/NON-LVO/lacunarCT-075/09.jpg,lacunarCT-075,0
train/NON-LVO/lacunarCT-075/10.jpg,lacunarCT-075,0
train/NON-LVO/lacunarCT-075/11.jpg,lacunarCT-075,0
train/NON-LVO/lacunarCT-075/12.jpg,lacunarCT-075,0
train/NON-LVO/lacunarCT-075/13.jpg,lacunarCT-075,0
train/NON-LVO/lacunarCT-075/14.jpg,lacunarCT-075,0
train/NON-LVO/lacunarCT-075/15.jpg,lacunarCT-075,0
train/NON-LVO/lacunarCT-075/16.jpg,lacunarCT-075,0
train/NON-LVO/lacunarCT-075/17.jpg,lacunarCT-075,0
train/NON-LVO/lacunarCT-075/18.jpg,lacunarCT-075,0
train/NON-LVO/lacunarCT-075/19.jpg,lacunarCT-075,0
train/NON-LVO/lacunarCT-075/20.jpg,lacunarCT-075,0
train/NON-LVO/lacunarCT-075/21.jpg,lacunarCT-075,0
train/NON-LVO/lacunarCT-075/22.jpg,lacunarCT-075,0
train/NON-LVO/lacunarCT-075/23.jpg,lacunarCT-075,0
train/NON-LVO/lacunarCT-075/24.jpg,lacunarCT-075,0
train/NON-LVO/lacunarCT-075/25.jpg,lacunarCT-075,0
train/NON-LVO/lacunarCT-075/26.jpg,lacunarCT-075,0
train/NON-LVO/lacunarCT-075/27.jpg,lacunarCT-075,0
train/NON-LVO/lacunarCT-075/28.jpg,lacunarCT-075,0
train/NON-LVO/lacunarCT-075/29.jpg,lacunarCT-075,0
train/NON-LVO/lacunarCT-075/30.jpg,lacunarCT-075,0
train/NON-LVO/lacunarCT-075/31.jpg,lacunarCT-075,0
train/NON-LVO/lacunarCT-075/32.jpg,lacunarCT-075,0
train/NON-LVO/lacunarCT-075/33.jpg,lacunarCT-075,0
train/NON-LVO/lacunarCT-075/34.jpg,lacunarCT-075,0
train/NON-LVO/lacunarCT-075/35.jpg,lacunarCT-075,0
train/NON-LVO/lacunarCT-075/36.jpg,lacunarCT-075,0
train/NON-LVO/lacunarCT-075/37.jpg,lacunarCT-075,0
train/NON-LVO/lacunarCT-075/38.jpg,lacunarCT-075,0
train/NON-LVO/lacunarCT-075/39.jpg,lacunarCT-075,0
train/NON-LVO/lacunarCT-075/40.jpg,lacunarCT-075,0
train/NON-LVO/lacunarCT-075/41.jpg,lacunarCT-075,0
train/NON-LVO/lacunarCT-075/42.jpg,lacunarCT-075,0
train/NON-LVO/lacunarCT-075/43.jpg,lacunarCT-075,0
train/NON-LVO/lacunarCT-075/44.jpg,lacunarCT-075,0
train/NON-LVO/lacunarCT-080/01.jpg,lacunarCT-080,0
train/NON-LVO/lacunarCT-080/02.jpg,lacunarCT-080,0
train/NON-LVO/lacunarCT-080/03.jpg,lacunarCT-080,0
train/NON-LVO/lacunarCT-080/04.jpg,lacunarCT-080,0
train/NON-LVO/lacunarCT-080/05.jpg,lacunarCT-080,0
train/NON-LVO/lacunarCT-080/06.jpg,lacunarCT-080,0
train/NON-LVO/lacunarCT-080/07.jpg,lacunarCT-080,0
train/NON-LVO/lacunarCT-080/08.jpg,lacunarCT-080,0
train/NON-LVO/lacunarCT-080/09.jpg,lacunarCT-080,0
train/NON-LVO/lacunarCT-080/10.jpg,lacunarCT-080,0
train/NON-LVO/lacunarCT-080/11.jpg,lacunarCT-080,0
train/NON-LVO/lacunarCT-080/12.jpg,lacunarCT-080,0
train/NON-LVO/lacunarCT-080/13.jpg,lacunarCT-080,0
train/NON-LVO/lacunarCT-080/14.jpg,lacunarCT-080,0
train/NON-LVO/lacunarCT-080/15.jpg,lacunarCT-080,0
train/NON-LVO/lacunarCT-080/16.jpg,lacunarCT-080,0
train/NON-LVO/lacunarCT-080/17.jpg,lacunarCT-080,0
train/NON-LVO/lacunarCT-080/18.jpg,lacunarCT-080,0
train/NON-LVO/lacunarCT-080/19.jpg,lacunarCT-080,0
train/NON-LVO/lacunarCT-080/20.jpg,lacunarCT-080,0
train/NON-LVO/lacunarCT-080/21.jpg,lacunarCT-080,0
train/NON-LVO/lacunarCT-080/22.jpg,lacunarCT-080,0
train/NON-LVO/lacunarCT-080/23.jpg,lacunarCT-080,0
train/NON-LVO/lacunarCT-080/24.jpg,lacunarCT-080,0
train/NON-LVO/lacunarCT-080/25.jpg,lacunarCT-080,0
train/NON-LVO/lacunarCT-080/26.jpg,lacunarCT-080,0
train/NON-LVO/lacunarCT-080/27.jpg,lacunarCT-080,0
train/NON-LVO/lacunarCT-080/28.jpg,lacunarCT-080,0
train/NON-LVO/lacunarCT-080/29.jpg,lacunarCT-080,0
train/NON-LVO/lacunarCT-080/30.jpg,lacunarCT-080,0
train/NON-LVO/lacunarCT-080/31.jpg,lacunarCT-080,0
train/NON-LVO/lacunarCT-080/32.jpg,lacunarCT-080,0
train/NON-LVO/lacunarCT-080/33.jpg,lacunarCT-080,0
train/NON-LVO/lacunarCT-080/34.jpg,lacunarCT-080,0
train/NON-LVO/lacunarCT-080/35.jpg,lacunarCT-080,0
train/NON-LVO/lacunarCT-080/36.jpg,lacunarCT-080,0
train/NON-LVO/lacunarCT-080/37.jpg,lacunarCT-080,0
train/NON-LVO/lacunarCT-080/38.jpg,lacunarCT-080,0
train/NON-LVO/lacunarCT-080/39.jpg,lacunarCT-080,0
train/NON-LVO/lacunarCT-080/40.jpg,lacunarCT-080,0
train/NON-LVO/lacunarCT-080/41.jpg,lacunarCT-080,0
train/NON-LVO/lacunarCT-080/42.jpg,lacunarCT-080,0
train/NON-LVO/lacunarCT-080/43.jpg,lacunarCT-080,0
train/NON-LVO/lacunarCT-080/44.jpg,lacunarCT-080,0
train/NON-LVO/lacunarCT-080/45.jpg,lacunarCT-080,0
train/NON-LVO/lacunarCT-080/46.jpg,lacunarCT-080,0
train/NON-LVO/lacunarCT-081/01.jpg,lacunarCT-081,0
train/NON-LVO/lacunarCT-081/02.jpg,lacunarCT-081,0
train/NON-LVO/lacunarCT-081/03.jpg,lacunarCT-081,0
train/NON-LVO/lacunarCT-081/04.jpg,lacunarCT-081,0
train/NON-LVO/lacunarCT-081/05.jpg,lacunarCT-081,0
train/NON-LVO/lacunarCT-081/06.jpg,lacunarCT-081,0
train/NON-LVO/lacunarCT-081/07.jpg,lacunarCT-081,0
train/NON-LVO/lacunarCT-081/08.jpg,lacunarCT-081,0
train/NON-LVO/lacunarCT-081/09.jpg,lacunarCT-081,0
train/NON-LVO/lacunarCT-081/10.jpg,lacunarCT-081,0
train/NON-LVO/lacunarCT-081/11.jpg,lacunarCT-081,0
train/NON-LVO/lacunarCT-081/12.jpg,lacunarCT-081,0
train/NON-LVO/lacunarCT-081/13.jpg,lacunarCT-081,0
train/NON-LVO/lacunarCT-081/14.jpg,lacunarCT-081,0
train/NON-LVO/lacunarCT-081/15.jpg,lacunarCT-081,0
train/NON-LVO/lacunarCT-081/16.jpg,lacunarCT-081,0
train/NON-LVO/lacunarCT-081/17.jpg,lacunarCT-081,0
train/NON-LVO/lacunarCT-081/18.jpg,lacunarCT-081,0
train/NON-LVO/lacunarCT-081/19.jpg,lacunarCT-081,0
train/NON-LVO/lacunarCT-081/20.jpg,lacunarCT-081,0
train/NON-LVO/lacunarCT-081/21.jpg,lacunarCT-081,0
train/NON-LVO/lacunarCT-081/22.jpg,lacunarCT-081,0
train/NON-LVO/lacunarCT-081/23.jpg,lacunarCT-081,0
train/NON-LVO/lacunarCT-081/24.jpg,lacunarCT-081,0
train/NON-LVO/lacunarCT-081/25.jpg,lacunarCT-081,0
train/NON-LVO/lacunarCT-081/26.jpg,lacunarCT-081,0
train/NON-LVO/lacunarCT-081/27.jpg,lacunarCT-081,0
train/NON-LVO/lacunarCT-081/28.jpg,lacunarCT-081,0
train/NON-LVO/lacunarCT-082/01.jpg,lacunarCT-082,0
train/NON-LVO/lacunarCT-082/02.jpg,lacunarCT-082,0
train/NON-LVO/lacunarCT-082/03.jpg,lacunarCT-082,0
train/NON-LVO/lacunarCT-082/04.jpg,lacunarCT-082,0
train/NON-LVO/lacunarCT-082/05.jpg,lacunarCT-082,0
train/NON-LVO/lacunarCT-082/06.jpg,lacunarCT-082,0
train/NON-LVO/lacunarCT-082/07.jpg,lacunarCT-082,0
train/NON-LVO/lacunarCT-082/08.jpg,lacunarCT-082,0
train/NON-LVO/lacunarCT-082/09.jpg,lacunarCT-082,0
train/NON-LVO/lacunarCT-082/10.jpg,lacunarCT-082,0
train/NON-LVO/lacunarCT-082/11.jpg,lacunarCT-082,0
train/NON-LVO/lacunarCT-082/12.jpg,lacunarCT-082,0
train/NON-LVO/lacunarCT-082/13.jpg,lacunarCT-082,0
train/NON-LVO/lacunarCT-082/14.jpg,lacunarCT-082,0
train/NON-LVO/lacunarCT-082/15.jpg,lacunarCT-082,0
train/NON-LVO/lacunarCT-082/16.jpg,lacunarCT-082,0
train/NON-LVO/lacunarCT-082/17.jpg,lacunarCT-082,0
train/NON-LVO/lacunarCT-082/18.jpg,lacunarCT-082,0
train/NON-LVO/lacunarCT-082/19.jpg,lacunarCT-082,0
train/NON-LVO/lacunarCT-082/20.jpg,lacunarCT-082,0
train/NON-LVO/lacunarCT-082/21.jpg,lacunarCT-082,0
train/NON-LVO/lacunarCT-082/22.jpg,lacunarCT-082,0
train/NON-LVO/lacunarCT-082/23.jpg,lacunarCT-082,0
train/NON-LVO/lacunarCT-082/24.jpg,lacunarCT-082,0
train/NON-LVO/lacunarCT-082/25.jpg,lacunarCT-082,0
train/NON-LVO/lacunarCT-082/26.jpg,lacunarCT-082,0
train/NON-LVO/lacunarCT-082/27.jpg,lacunarCT-082,0
train/NON-LVO/lacunarCT-082/28.jpg,lacunarCT-082,0
train/NON-LVO/lacunarCT-082/29.jpg,lacunarCT-082,0
train/NON-LVO/lacunarCT-082/30.jpg,lacunarCT-082,0
train/NON-LVO/lacunarCT-082/31.jpg,lacunarCT-082,0
train/NON-LVO/lacunarCT-082/32.jpg,lacunarCT-082,0
train/NON-LVO/lacunarCT-082/33.jpg,lacunarCT-082,0
train/NON-LVO/lacunarCT-082/34.jpg,lacunarCT-082,0
train/NON-LVO/lacunarCT-082/35.jpg,lacunarCT-082,0
train/NON-LVO/lacunarCT-082/36.jpg,lacunarCT-082,0
train/NON-LVO/lacunarCT-082/37.jpg,lacunarCT-082,0
train/NON-LVO/lacunarCT-082/38.jpg,lacunarCT-082,0
train/NON-LVO/lacunarCT-082/39.jpg,lacunarCT-082,0
train/NON-LVO/lacunarCT-082/40.jpg,lacunarCT-082,0
train/NON-LVO/lacunarCT-082/41.jpg,lacunarCT-082,0
train/NON-LVO/lacunarCT-082/42.jpg,lacunarCT-082,0
train/NON-LVO/lacunarCT-082/43.jpg,lacunarCT-082,0
train/NON-LVO/lacunarCT-082/44.jpg,lacunarCT-082,0
train/NON-LVO/lacunarCT-084/01.jpg,lacunarCT-084,0
train/NON-LVO/lacunarCT-084/02.jpg,lacunarCT-084,0
train/NON-LVO/lacunarCT-084/03.jpg,lacunarCT-084,0
train/NON-LVO/lacunarCT-084/04.jpg,lacunarCT-084,0
train/NON-LVO/lacunarCT-084/05.jpg,lacunarCT-084,0
train/NON-LVO/lacunarCT-084/06.jpg,lacunarCT-084,0
train/NON-LVO/lacunarCT-084/07.jpg,lacunarCT-084,0
train/NON-LVO/lacunarCT-084/08.jpg,lacunarCT-084,0
train/NON-LVO/lacunarCT-084/09.jpg,lacunarCT-084,0
train/NON-LVO/lacunarCT-084/10.jpg,lacunarCT-084,0
train/NON-LVO/lacunarCT-084/11.jpg,lacunarCT-084,0
train/NON-LVO/lacunarCT-084/12.jpg,lacunarCT-084,0
train/NON-LVO/lacunarCT-084/13.jpg,lacunarCT-084,0
train/NON-LVO/lacunarCT-084/14.jpg,lacunarCT-084,0
train/NON-LVO/lacunarCT-084/15.jpg,lacunarCT-084,0
train/NON-LVO/lacunarCT-084/16.jpg,lacunarCT-084,0
train/NON-LVO/lacunarCT-084/17.jpg,lacunarCT-084,0
train/NON-LVO/lacunarCT-084/18.jpg,lacunarCT-084,0
train/NON-LVO/lacunarCT-084/19.jpg,lacunarCT-084,0
train/NON-LVO/lacunarCT-084/20.jpg,lacunarCT-084,0
train/NON-LVO/lacunarCT-084/21.jpg,lacunarCT-084,0
train/NON-LVO/lacunarCT-084/22.jpg,lacunarCT-084,0
train/NON-LVO/lacunarCT-084/23.jpg,lacunarCT-084,0
train/NON-LVO/lacunarCT-084/24.jpg,lacunarCT-084,0
train/NON-LVO/lacunarCT-084/25.jpg,lacunarCT-084,0
train/NON-LVO/lacunarCT-084/26.jpg,lacunarCT-084,0
train/NON-LVO/lacunarCT-084/27.jpg,lacunarCT-084,0
train/NON-LVO/lacunarCT-084/28.jpg,lacunarCT-084,0
train/NON-LVO/lacunarCT-084/29.jpg,lacunarCT-084,0
train/NON-LVO/lacunarCT-084/30.jpg,lacunarCT-084,0
train/NON-LVO/lacunarCT-084/31.jpg,lacunarCT-084,0
train/NON-LVO/lacunarCT-084/32.jpg,lacunarCT-084,0
train/NON-LVO/lacunarCT-084/33.jpg,lacunarCT-084,0
train/NON-LVO/lacunarCT-084/34.jpg,lacunarCT-084,0
train/NON-LVO/lacunarCT-084/35.jpg,lacunarCT-084,0
train/NON-LVO/lacunarCT-084/36.jpg,lacunarCT-084,0
train/NON-LVO/lacunarCT-084/37.jpg,lacunarCT-084,0
train/NON-LVO/lacunarCT-084/38.jpg,lacunarCT-084,0
train/NON-LVO/lacunarCT-084/39.jpg,lacunarCT-084,0
train/NON-LVO/lacunarCT-084/40.jpg,lacunarCT-084,0
train/NON-LVO/lacunarCT-084/41.jpg,lacunarCT-084,0
train/NON-LVO/lacunarCT-084/42.jpg,lacunarCT-084,0
train/NON-LVO/lacunarCT-084/43.jpg,lacunarCT-084,0
train/NON-LVO/lacunarCT-084/44.jpg,lacunarCT-084,0
train/NON-LVO/lacunarCT-084/45.jpg,lacunarCT-084,0
train/NON-LVO/lacunarCT-084/46.jpg,lacunarCT-084,0
train/NON-LVO/lacunarCT-086/01.jpg,lacunarCT-086,0
train/NON-LVO/lacunarCT-086/02.jpg,lacunarCT-086,0
train/NON-LVO/lacunarCT-086/03.jpg,lacunarCT-086,0
train/NON-LVO/lacunarCT-086/04.jpg,lacunarCT-086,0
train/NON-LVO/lacunarCT-086/05.jpg,lacunarCT-086,0
train/NON-LVO/lacunarCT-086/06.jpg,lacunarCT-086,0
train/NON-LVO/lacunarCT-086/07.jpg,lacunarCT-086,0
train/NON-LVO/lacunarCT-086/08.jpg,lacunarCT-086,0
train/NON-LVO/lacunarCT-086/09.jpg,lacunarCT-086,0
train/NON-LVO/lacunarCT-086/10.jpg,lacunarCT-086,0
train/NON-LVO/lacunarCT-086/11.jpg,lacunarCT-086,0
train/NON-LVO/lacunarCT-086/12.jpg,lacunarCT-086,0
train/NON-LVO/lacunarCT-086/13.jpg,lacunarCT-086,0
train/NON-LVO/lacunarCT-086/14.jpg,lacunarCT-086,0
train/NON-LVO/lacunarCT-086/15.jpg,lacunarCT-086,0
train/NON-LVO/lacunarCT-086/16.jpg,lacunarCT-086,0
train/NON-LVO/lacunarCT-086/17.jpg,lacunarCT-086,0
train/NON-LVO/lacunarCT-086/18.jpg,lacunarCT-086,0
train/NON-LVO/lacunarCT-086/19.jpg,lacunarCT-086,0
train/NON-LVO/lacunarCT-086/20.jpg,lacunarCT-086,0
train/NON-LVO/lacunarCT-086/21.jpg,lacunarCT-086,0
train/NON-LVO/lacunarCT-086/22.jpg,lacunarCT-086,0
train/NON-LVO/lacunarCT-086/23.jpg,lacunarCT-086,0
train/NON-LVO/lacunarCT-086/24.jpg,lacunarCT-086,0
train/NON-LVO/lacunarCT-086/25.jpg,lacunarCT-086,0
train/NON-LVO/lacunarCT-086/26.jpg,lacunarCT-086,0
train/NON-LVO/lacunarCT-086/27.jpg,lacunarCT-086,0
train/NON-LVO/lacunarCT-086/28.jpg,lacunarCT-086,0
train/NON-LVO/lacunarCT-086/29.jpg,lacunarCT-086,0
train/NON-LVO/lacunarCT-086/30.jpg,lacunarCT-086,0
train/NON-LVO/lacunarCT-086/31.jpg,lacunarCT-086,0
train/NON-LVO/lacunarCT-086/32.jpg,lacunarCT-086,0
train/NON-LVO/lacunarCT-086/33.jpg,lacunarCT-086,0
train/NON-LVO/lacunarCT-086/34.jpg,lacunarCT-086,0
train/NON-LVO/lacunarCT-086/35.jpg,lacunarCT-086,0
train/NON-LVO/lacunarCT-086/36.jpg,lacunarCT-086,0
train/NON-LVO/lacunarCT-086/37.jpg,lacunarCT-086,0
train/NON-LVO/lacunarCT-086/38.jpg,lacunarCT-086,0
train/NON-LVO/lacunarCT-086/39.jpg,lacunarCT-086,0
train/NON-LVO/lacunarCT-086/40.jpg,lacunarCT-086,0
train/NON-LVO/lacunarCT-086/41.jpg,lacunarCT-086,0
train/NON-LVO/lacunarCT-087/01.jpg,lacunarCT-087,0
train/NON-LVO/lacunarCT-087/02.jpg,lacunarCT-087,0
train/NON-LVO/lacunarCT-087/03.jpg,lacunarCT-087,0
train/NON-LVO/lacunarCT-087/04.jpg,lacunarCT-087,0
train/NON-LVO/lacunarCT-087/05.jpg,lacunarCT-087,0
train/NON-LVO/lacunarCT-087/06.jpg,lacunarCT-087,0
train/NON-LVO/lacunarCT-087/07.jpg,lacunarCT-087,0
train/NON-LVO/lacunarCT-087/08.jpg,lacunarCT-087,0
train/NON-LVO/lacunarCT-087/09.jpg,lacunarCT-087,0
train/NON-LVO/lacunarCT-087/10.jpg,lacunarCT-087,0
train/NON-LVO/lacunarCT-087/11.jpg,lacunarCT-087,0
train/NON-LVO/lacunarCT-087/12.jpg,lacunarCT-087,0
train/NON-LVO/lacunarCT-087/13.jpg,lacunarCT-087,0
train/NON-LVO/lacunarCT-087/14.jpg,lacunarCT-087,0
train/NON-LVO/lacunarCT-087/15.jpg,lacunarCT-087,0
train/NON-LVO/lacunarCT-087/16.jpg,lacunarCT-087,0
train/NON-LVO/lacunarCT-087/17.jpg,lacunarCT-087,0
train/NON-LVO/lacunarCT-087/18.jpg,lacunarCT-087,0
train/NON-LVO/lacunarCT-087/19.jpg,lacunarCT-087,0
train/NON-LVO/lacunarCT-087/20.jpg,lacunarCT-087,0
train/NON-LVO/lacunarCT-087/21.jpg,lacunarCT-087,0
train/NON-LVO/lacunarCT-087/22.jpg,lacunarCT-087,0
train/NON-LVO/lacunarCT-087/23.jpg,lacunarCT-087,0
train/NON-LVO/lacunarCT-087/24.jpg,lacunarCT-087,0
train/NON-LVO/lacunarCT-087/25.jpg,lacunarCT-087,0
train/NON-LVO/lacunarCT-087/26.jpg,lacunarCT-087,0
train/NON-LVO/lacunarCT-087/27.jpg,lacunarCT-087,0
train/NON-LVO/lacunarCT-087/28.jpg,lacunarCT-087,0
train/NON-LVO/lacunarCT-087/29.jpg,lacunarCT-087,0
train/NON-LVO/lacunarCT-087/30.jpg,lacunarCT-087,0
train/NON-LVO/lacunarCT-087/31.jpg,lacunarCT-087,0
train/NON-LVO/lacunarCT-087/32.jpg,lacunarCT-087,0
train/NON-LVO/lacunarCT-087/33.jpg,lacunarCT-087,0
train/NON-LVO/lacunarCT-087/34.jpg,lacunarCT-087,0
train/NON-LVO/lacunarCT-087/35.jpg,lacunarCT-087,0
train/NON-LVO/lacunarCT-087/36.jpg,lacunarCT-087,0
train/NON-LVO/lacunarCT-087/37.jpg,lacunarCT-087,0
train/NON-LVO/lacunarCT-087/38.jpg,lacunarCT-087,0
train/NON-LVO/lacunarCT-087/39.jpg,lacunarCT-087,0
train/NON-LVO/lacunarCT-087/40.jpg,lacunarCT-087,0
train/NON-LVO/lacunarCT-087/41.jpg,lacunarCT-087,0
train/NON-LVO/lacunarCT-087/42.jpg,lacunarCT-087,0
train/NON-LVO/lacunarCT-087/43.jpg,lacunarCT-087,0
train/NON-LVO/lacunarCT-087/44.jpg,lacunarCT-087,0
train/NON-LVO/lacunarCT-088/01.jpg,lacunarCT-088,0
train/NON-LVO/lacunarCT-088/02.jpg,lacunarCT-088,0
train/NON-LVO/lacunarCT-088/03.jpg,lacunarCT-088,0
train/NON-LVO/lacunarCT-088/04.jpg,lacunarCT-088,0
train/NON-LVO/lacunarCT-088/05.jpg,lacunarCT-088,0
train/NON-LVO/lacunarCT-088/06.jpg,lacunarCT-088,0
train/NON-LVO/lacunarCT-088/07.jpg,lacunarCT-088,0
train/NON-LVO/lacunarCT-088/08.jpg,lacunarCT-088,0
train/NON-LVO/lacunarCT-088/09.jpg,lacunarCT-088,0
train/NON-LVO/lacunarCT-088/10.jpg,lacunarCT-088,0
train/NON-LVO/lacunarCT-088/11.jpg,lacunarCT-088,0
train/NON-LVO/lacunarCT-088/12.jpg,lacunarCT-088,0
train/NON-LVO/lacunarCT-088/13.jpg,lacunarCT-088,0
train/NON-LVO/lacunarCT-088/14.jpg,lacunarCT-088,0
train/NON-LVO/lacunarCT-088/15.jpg,lacunarCT-088,0
train/NON-LVO/lacunarCT-088/16.jpg,lacunarCT-088,0
train/NON-LVO/lacunarCT-088/17.jpg,lacunarCT-088,0
train/NON-LVO/lacunarCT-088/18.jpg,lacunarCT-088,0
train/NON-LVO/lacunarCT-088/19.jpg,lacunarCT-088,0
train/NON-LVO/lacunarCT-088/20.jpg,lacunarCT-088,0
train/NON-LVO/lacunarCT-088/21.jpg,lacunarCT-088,0
train/NON-LVO/lacunarCT-088/22.jpg,lacunarCT-088,0
train/NON-LVO/lacunarCT-088/23.jpg,lacunarCT-088,0
train/NON-LVO/lacunarCT-088/24.jpg,lacunarCT-088,0
train/NON-LVO/lacunarCT-088/25.jpg,lacunarCT-088,0
train/NON-LVO/lacunarCT-088/26.jpg,lacunarCT-088,0
train/NON-LVO/lacunarCT-088/27.jpg,lacunarCT-088,0
train/NON-LVO/lacunarCT-088/28.jpg,lacunarCT-088,0
train/NON-LVO/lacunarCT-088/29.jpg,lacunarCT-088,0
train/NON-LVO/lacunarCT-088/30.jpg,lacunarCT-088,0
train/NON-LVO/lacunarCT-088/31.jpg,lacunarCT-088,0
train/NON-LVO/lacunarCT-088/32.jpg,lacunarCT-088,0
train/NON-LVO/lacunarCT-088/33.jpg,lacunarCT-088,0
train/NON-LVO/lacunarCT-088/34.jpg,lacunarCT-088,0
train/NON-LVO/lacunarCT-088/35.jpg,lacunarCT-088,0
train/NON-LVO/lacunarCT-088/36.jpg,lacunarCT-088,0
train/NON-LVO/lacunarCT-088/37.jpg,lacunarCT-088,0
train/NON-LVO/lacunarCT-088/38.jpg,lacunarCT-088,0
train/NON-LVO/lacunarCT-088/39.jpg,lacunarCT-088,0
train/NON-LVO/lacunarCT-088/40.jpg,lacunarCT-088,0
train/NON-LVO/lacunarCT-088/41.jpg,lacunarCT-088,0
train/NON-LVO/lacunarCT-088/42.jpg,lacunarCT-088,0
train/NON-LVO/lacunarCT-088/43.jpg,lacunarCT-088,0
train/NON-LVO/lacunarCT-088/44.jpg,lacunarCT-088,0
train/NON-LVO/lacunarCT-089/01.jpg,lacunarCT-089,0
train/NON-LVO/lacunarCT-089/02.jpg,lacunarCT-089,0
train/NON-LVO/lacunarCT-089/03.jpg,lacunarCT-089,0
train/NON-LVO/lacunarCT-089/04.jpg,lacunarCT-089,0
train/NON-LVO/lacunarCT-089/05.jpg,lacunarCT-089,0
train/NON-LVO/lacunarCT-089/06.jpg,lacunarCT-089,0
train/NON-LVO/lacunarCT-089/07.jpg,lacunarCT-089,0
train/NON-LVO/lacunarCT-089/08.jpg,lacunarCT-089,0
train/NON-LVO/lacunarCT-089/09.jpg,lacunarCT-089,0
train/NON-LVO/lacunarCT-089/10.jpg,lacunarCT-089,0
train/NON-LVO/lacunarCT-089/11.jpg,lacunarCT-089,0
train/NON-LVO/lacunarCT-089/12.jpg,lacunarCT-089,0
train/NON-LVO/lacunarCT-089/13.jpg,lacunarCT-089,0
train/NON-LVO/lacunarCT-089/14.jpg,lacunarCT-089,0
train/NON-LVO/lacunarCT-089/15.jpg,lacunarCT-089,0
train/NON-LVO/lacunarCT-089/16.jpg,lacunarCT-089,0
train/NON-LVO/lacunarCT-089/17.jpg,lacunarCT-089,0
train/NON-LVO/lacunarCT-089/18.jpg,lacunarCT-089,0
train/NON-LVO/lacunarCT-089/19.jpg,lacunarCT-089,0
train/NON-LVO/lacunarCT-089/20.jpg,lacunarCT-089,0
train/NON-LVO/lacunarCT-089/21.jpg,lacunarCT-089,0
train/NON-LVO/lacunarCT-089/22.jpg,lacunarCT-089,0
train/NON-LVO/lacunarCT-089/23.jpg,lacunarCT-089,0
train/NON-LVO/lacunarCT-089/24.jpg,lacunarCT-089,0
train/NON-LVO/lacunarCT-089/25.jpg,lacunarCT-089,0
train/NON-LVO/lacunarCT-089/26.jpg,lacunarCT-089,0
train/NON-LVO/lacunarCT-089/27.jpg,lacunarCT-089,0
train/NON-LVO/lacunarCT-089/28.jpg,lacunarCT-089,0
train/NON-LVO/lacunarCT-089/29.jpg,lacunarCT-089,0
train/NON-LVO/lacunarCT-089/30.jpg,lacunarCT-089,0
train/NON-LVO/lacunarCT-089/31.jpg,lacunarCT-089,0
train/NON-LVO/lacunarCT-089/32.jpg,lacunarCT-089,0
train/NON-LVO/lacunarCT-089/33.jpg,lacunarCT-089,0
train/NON-LVO/lacunarCT-089/34.jpg,lacunarCT-089,0
train/NON-LVO/lacunarCT-089/35.jpg,lacunarCT-089,0
train/NON-LVO/lacunarCT-089/36.jpg,lacunarCT-089,0
train/NON-LVO/lacunarCT-089/37.jpg,lacunarCT-089,0
train/NON-LVO/lacunarCT-089/38.jpg,lacunarCT-089,0
train/NON-LVO/lacunarCT-089/39.jpg,lacunarCT-089,0
train/NON-LVO/lacunarCT-089/40.jpg,lacunarCT-089,0
train/NON-LVO/lacunarCT-089/41.jpg,lacunarCT-089,0
train/NON-LVO/lacunarCT-089/42.jpg,lacunarCT-089,0
train/NON-LVO/lacunarCT-089/43.jpg,lacunarCT-089,0
train/NON-LVO/lacunarCT-089/44.jpg,lacunarCT-089,0
train/NON-LVO/lacunarCT-090/01.jpg,lacunarCT-090,0
train/NON-LVO/lacunarCT-090/02.jpg,lacunarCT-090,0
train/NON-LVO/lacunarCT-090/03.jpg,lacunarCT-090,0
train/NON-LVO/lacunarCT-090/04.jpg,lacunarCT-090,0
train/NON-LVO/lacunarCT-090/05.jpg,lacunarCT-090,0
train/NON-LVO/lacunarCT-090/06.jpg,lacunarCT-090,0
train/NON-LVO/lacunarCT-090/07.jpg,lacunarCT-090,0
train/NON-LVO/lacunarCT-090/08.jpg,lacunarCT-090,0
train/NON-LVO/lacunarCT-090/09.jpg,lacunarCT-090,0
train/NON-LVO/lacunarCT-090/10.jpg,lacunarCT-090,0
train/NON-LVO/lacunarCT-090/11.jpg,lacunarCT-090,0
train/NON-LVO/lacunarCT-090/12.jpg,lacunarCT-090,0
train/NON-LVO/lacunarCT-090/13.jpg,lacunarCT-090,0
train/NON-LVO/lacunarCT-090/14.jpg,lacunarCT-090,0
train/NON-LVO/lacunarCT-090/15.jpg,lacunarCT-090,0
train/NON-LVO/lacunarCT-090/16.jpg,lacunarCT-090,0
train/NON-LVO/lacunarCT-090/17.jpg,lacunarCT-090,0
train/NON-LVO/lacunarCT-090/18.jpg,lacunarCT-090,0
train/NON-LVO/lacunarCT-090/19.jpg,lacunarCT-090,0
train/NON-LVO/lacunarCT-090/20.jpg,lacunarCT-090,0
train/NON-LVO/lacunarCT-090/21.jpg,lacunarCT-090,0
train/NON-LVO/lacunarCT-090/22.jpg,lacunarCT-090,0
train/NON-LVO/lacunarCT-090/23.jpg,lacunarCT-090,0
train/NON-LVO/lacunarCT-090/24.jpg,lacunarCT-090,0
train/NON-LVO/lacunarCT-090/25.jpg,lacunarCT-090,0
train/NON-LVO/lacunarCT-090/26.jpg,lacunarCT-090,0
train/NON-LVO/lacunarCT-090/27.jpg,lacunarCT-090,0
train/NON-LVO/lacunarCT-090/28.jpg,lacunarCT-090,0
train/NON-LVO/lacunarCT-090/29.jpg,lacunarCT-090,0
train/NON-LVO/lacunarCT-090/30.jpg,lacunarCT-090,0
train/NON-LVO/lacunarCT-090/31.jpg,lacunarCT-090,0
train/NON-LVO/lacunarCT-090/32.jpg,lacunarCT-090,0
train/NON-LVO/lacunarCT-090/33.jpg,lacunarCT-090,0
train/NON-LVO/lacunarCT-090/34.jpg,lacunarCT-090,0
train/NON-LVO/lacunarCT-090/35.jpg,lacunarCT-090,0
train/NON-LVO/lacunarCT-090/36.jpg,lacunarCT-090,0
train/NON-LVO/lacunarCT-090/37.jpg,lacunarCT-090,0
train/NON-LVO/lacunarCT-090/38.jpg,lacunarCT-090,0
train/NON-LVO/lacunarCT-090/39.jpg,lacunarCT-090,0
train/NON-LVO/lacunarCT-090/40.jpg,lacunarCT-090,0
train/NON-LVO/lacunarCT-090/41.jpg,lacunarCT-090,0
train/NON-LVO/lacunarCT-090/42.jpg,lacunarCT-090,0
train/NON-LVO/lacunarCT-090/43.jpg,lacunarCT-090,0
train/NON-LVO/lacunarCT-090/44.jpg,lacunarCT-090,0
train/NON-LVO/lacunarCT-090/45.jpg,lacunarCT-090,0
train/NON-LVO/lacunarCT-090/46.jpg,lacunarCT-090,0
train/NON-LVO/lacunarCT-092/01.jpg,lacunarCT-092,0
train/NON-LVO/lacunarCT-092/02.jpg,lacunarCT-092,0
train/NON-LVO/lacunarCT-092/03.jpg,lacunarCT-092,0
train/NON-LVO/lacunarCT-092/04.jpg,lacunarCT-092,0
train/NON-LVO/lacunarCT-092/05.jpg,lacunarCT-092,0
train/NON-LVO/lacunarCT-092/06.jpg,lacunarCT-092,0
train/NON-LVO/lacunarCT-092/07.jpg,lacunarCT-092,0
train/NON-LVO/lacunarCT-092/08.jpg,lacunarCT-092,0
train/NON-LVO/lacunarCT-092/09.jpg,lacunarCT-092,0
train/NON-LVO/lacunarCT-092/10.jpg,lacunarCT-092,0
train/NON-LVO/lacunarCT-092/11.jpg,lacunarCT-092,0
train/NON-LVO/lacunarCT-092/12.jpg,lacunarCT-092,0
train/NON-LVO/lacunarCT-092/13.jpg,lacunarCT-092,0
train/NON-LVO/lacunarCT-092/14.jpg,lacunarCT-092,0
train/NON-LVO/lacunarCT-092/15.jpg,lacunarCT-092,0
train/NON-LVO/lacunarCT-092/16.jpg,lacunarCT-092,0
train/NON-LVO/lacunarCT-092/17.jpg,lacunarCT-092,0
train/NON-LVO/lacunarCT-092/18.jpg,lacunarCT-092,0
train/NON-LVO/lacunarCT-092/19.jpg,lacunarCT-092,0
train/NON-LVO/lacunarCT-092/20.jpg,lacunarCT-092,0
train/NON-LVO/lacunarCT-092/21.jpg,lacunarCT-092,0
train/NON-LVO/lacunarCT-092/22.jpg,lacunarCT-092,0
train/NON-LVO/lacunarCT-092/23.jpg,lacunarCT-092,0
train/NON-LVO/lacunarCT-092/24.jpg,lacunarCT-092,0
train/NON-LVO/lacunarCT-092/25.jpg,lacunarCT-092,0
train/NON-LVO/lacunarCT-092/26.jpg,lacunarCT-092,0
train/NON-LVO/lacunarCT-092/27.jpg,lacunarCT-092,0
train/NON-LVO/lacunarCT-092/28.jpg,lacunarCT-092,0
train/NON-LVO/lacunarCT-092/29.jpg,lacunarCT-092,0
train/NON-LVO/lacunarCT-092/30.jpg,lacunarCT-092,0
train/NON-LVO/lacunarCT-092/31.jpg,lacunarCT-092,0
train/NON-LVO/lacunarCT-092/32.jpg,lacunarCT-092,0
train/NON-LVO/lacunarCT-092/33.jpg,lacunarCT-092,0
train/NON-LVO/lacunarCT-093/01.jpg,lacunarCT-093,0
train/NON-LVO/lacunarCT-093/02.jpg,lacunarCT-093,0
train/NON-LVO/lacunarCT-093/03.jpg,lacunarCT-093,0
train/NON-LVO/lacunarCT-093/04.jpg,lacunarCT-093,0
train/NON-LVO/lacunarCT-093/05.jpg,lacunarCT-093,0
train/NON-LVO/lacunarCT-093/06.jpg,lacunarCT-093,0
train/NON-LVO/lacunarCT-093/07.jpg,lacunarCT-093,0
train/NON-LVO/lacunarCT-093/08.jpg,lacunarCT-093,0
train/NON-LVO/lacunarCT-093/09.jpg,lacunarCT-093,0
train/NON-LVO/lacunarCT-093/10.jpg,lacunarCT-093,0
train/NON-LVO/lacunarCT-093/11.jpg,lacunarCT-093,0
train/NON-LVO/lacunarCT-093/12.jpg,lacunarCT-093,0
train/NON-LVO/lacunarCT-093/13.jpg,lacunarCT-093,0
train/NON-LVO/lacunarCT-093/14.jpg,lacunarCT-093,0
train/NON-LVO/lacunarCT-093/15.jpg,lacunarCT-093,0
train/NON-LVO/lacunarCT-093/16.jpg,lacunarCT-093,0
train/NON-LVO/lacunarCT-093/17.jpg,lacunarCT-093,0
train/NON-LVO/lacunarCT-093/18.jpg,lacunarCT-093,0
train/NON-LVO/lacunarCT-093/19.jpg,lacunarCT-093,0
train/NON-LVO/lacunarCT-093/20.jpg,lacunarCT-093,0
train/NON-LVO/lacunarCT-093/21.jpg,lacunarCT-093,0
train/NON-LVO/lacunarCT-093/22.jpg,lacunarCT-093,0
train/NON-LVO/lacunarCT-093/23.jpg,lacunarCT-093,0
train/NON-LVO/lacunarCT-093/24.jpg,lacunarCT-093,0
train/NON-LVO/lacunarCT-093/25.jpg,lacunarCT-093,0
train/NON-LVO/lacunarCT-093/26.jpg,lacunarCT-093,0
train/NON-LVO/lacunarCT-093/27.jpg,lacunarCT-093,0
train/NON-LVO/lacunarCT-093/28.jpg,lacunarCT-093,0
train/NON-LVO/lacunarCT-093/29.jpg,lacunarCT-093,0
train/NON-LVO/lacunarCT-093/30.jpg,lacunarCT-093,0
train/NON-LVO/lacunarCT-093/31.jpg,lacunarCT-093,0
train/NON-LVO/lacunarCT-093/32.jpg,lacunarCT-093,0
train/NON-LVO/lacunarCT-093/33.jpg,lacunarCT-093,0
train/NON-LVO/lacunarCT-093/34.jpg,lacunarCT-093,0
train/NON-LVO/lacunarCT-093/35.jpg,lacunarCT-093,0
train/NON-LVO/lacunarCT-093/36.jpg,lacunarCT-093,0
train/NON-LVO/lacunarCT-093/37.jpg,lacunarCT-093,0
train/NON-LVO/lacunarCT-093/38.jpg,lacunarCT-093,0
train/NON-LVO/lacunarCT-093/39.jpg,lacunarCT-093,0
train/NON-LVO/lacunarCT-093/40.jpg,lacunarCT-093,0
train/NON-LVO/lacunarCT-093/41.jpg,lacunarCT-093,0
train/NON-LVO/lacunarCT-093/42.jpg,lacunarCT-093,0
train/NON-LVO/lacunarCT-093/43.jpg,lacunarCT-093,0
train/NON-LVO/lacunarCT-093/44.jpg,lacunarCT-093,0
train/NON-LVO/lacunarCT-093/45.jpg,lacunarCT-093,0
train/NON-LVO/lacunarCT-093/46.jpg,lacunarCT-093,0
train/NON-LVO/lacunarCT-093/47.jpg,lacunarCT-093,0
train/NON-LVO/lacunarCT-093/48.jpg,lacunarCT-093,0
train/NON-LVO/lacunarCT-093/49.jpg,lacunarCT-093,0
train/NON-LVO/lacunarCT-096/01.jpg,lacunarCT-096,0
train/NON-LVO/lacunarCT-096/02.jpg,lacunarCT-096,0
train/NON-LVO/lacunarCT-096/03.jpg,lacunarCT-096,0
train/NON-LVO/lacunarCT-096/04.jpg,lacunarCT-096,0
train/NON-LVO/lacunarCT-096/05.jpg,lacunarCT-096,0
train/NON-LVO/lacunarCT-096/06.jpg,lacunarCT-096,0
train/NON-LVO/lacunarCT-096/07.jpg,lacunarCT-096,0
train/NON-LVO/lacunarCT-096/08.jpg,lacunarCT-096,0
train/NON-LVO/lacunarCT-096/09.jpg,lacunarCT-096,0
train/NON-LVO/lacunarCT-096/10.jpg,lacunarCT-096,0
train/NON-LVO/lacunarCT-096/11.jpg,lacunarCT-096,0
train/NON-LVO/lacunarCT-096/12.jpg,lacunarCT-096,0
train/NON-LVO/lacunarCT-096/13.jpg,lacunarCT-096,0
train/NON-LVO/lacunarCT-096/14.jpg,lacunarCT-096,0
train/NON-LVO/lacunarCT-096/15.jpg,lacunarCT-096,0
train/NON-LVO/lacunarCT-096/16.jpg,lacunarCT-096,0
train/NON-LVO/lacunarCT-096/17.jpg,lacunarCT-096,0
train/NON-LVO/lacunarCT-096/18.jpg,lacunarCT-096,0
train/NON-LVO/lacunarCT-096/19.jpg,lacunarCT-096,0
train/NON-LVO/lacunarCT-096/20.jpg,lacunarCT-096,0
train/NON-LVO/lacunarCT-096/21.jpg,lacunarCT-096,0
train/NON-LVO/lacunarCT-096/22.jpg,lacunarCT-096,0
train/NON-LVO/lacunarCT-096/23.jpg,lacunarCT-096,0
train/NON-LVO/lacunarCT-096/24.jpg,lacunarCT-096,0
train/NON-LVO/lacunarCT-096/25.jpg,lacunarCT-096,0
train/NON-LVO/lacunarCT-096/26.jpg,lacunarCT-096,0
train/NON-LVO/lacunarCT-096/27.jpg,lacunarCT-096,0
train/NON-LVO/lacunarCT-096/28.jpg,lacunarCT-096,0
train/NON-LVO/lacunarCT-096/29.jpg,lacunarCT-096,0
train/NON-LVO/lacunarCT-096/30.jpg,lacunarCT-096,0
train/NON-LVO/lacunarCT-096/31.jpg,lacunarCT-096,0
train/NON-LVO/lacunarCT-096/32.jpg,lacunarCT-096,0
train/NON-LVO/lacunarCT-096/33.jpg,lacunarCT-096,0
train/NON-LVO/lacunarCT-096/34.jpg,lacunarCT-096,0
train/NON-LVO/lacunarCT-096/35.jpg,lacunarCT-096,0
train/NON-LVO/lacunarCT-096/36.jpg,lacunarCT-096,0
train/NON-LVO/lacunarCT-096/37.jpg,lacunarCT-096,0
train/NON-LVO/lacunarCT-096/38.jpg,lacunarCT-096,0
train/NON-LVO/lacunarCT-096/39.jpg,lacunarCT-096,0
train/NON-LVO/lacunarCT-096/40.jpg,lacunarCT-096,0
train/NON-LVO/lacunarCT-096/41.jpg,lacunarCT-096,0
train/NON-LVO/lacunarCT-096/42.jpg,lacunarCT-096,0
train/NON-LVO/lacunarCT-096/43.jpg,lacunarCT-096,0
train/NON-LVO/lacunarCT-096/44.jpg,lacunarCT-096,0
train/NON-LVO/lacunarCT-096/45.jpg,lacunarCT-096,0
train/NON-LVO/lacunarCT-096/46.jpg,lacunarCT-096,0
train/NON-LVO/lacunarCT-096/47.jpg,lacunarCT-096,0
train/NON-LVO/lacunarCT-096/48.jpg,lacunarCT-096,0
train/NON-LVO/lacunarCT-096/49.jpg,lacunarCT-096,0
train/NON-LVO/lacunarCT-096/50.jpg,lacunarCT-096,0
train/NON-LVO/lacunarCT-097/01.jpg,lacunarCT-097,0
train/NON-LVO/lacunarCT-097/02.jpg,lacunarCT-097,0
train/NON-LVO/lacunarCT-097/03.jpg,lacunarCT-097,0
train/NON-LVO/lacunarCT-097/04.jpg,lacunarCT-097,0
train/NON-LVO/lacunarCT-097/05.jpg,lacunarCT-097,0
train/NON-LVO/lacunarCT-097/06.jpg,lacunarCT-097,0
train/NON-LVO/lacunarCT-097/07.jpg,lacunarCT-097,0
train/NON-LVO/lacunarCT-097/08.jpg,lacunarCT-097,0
train/NON-LVO/lacunarCT-097/09.jpg,lacunarCT-097,0
train/NON-LVO/lacunarCT-097/10.jpg,lacunarCT-097,0
train/NON-LVO/lacunarCT-097/11.jpg,lacunarCT-097,0
train/NON-LVO/lacunarCT-097/12.jpg,lacunarCT-097,0
train/NON-LVO/lacunarCT-097/13.jpg,lacunarCT-097,0
train/NON-LVO/lacunarCT-097/14.jpg,lacunarCT-097,0
train/NON-LVO/lacunarCT-097/15.jpg,lacunarCT-097,0
train/NON-LVO/lacunarCT-097/16.jpg,lacunarCT-097,0
train/NON-LVO/lacunarCT-097/17.jpg,lacunarCT-097,0
train/NON-LVO/lacunarCT-097/18.jpg,lacunarCT-097,0
train/NON-LVO/lacunarCT-097/19.jpg,lacunarCT-097,0
train/NON-LVO/lacunarCT-097/20.jpg,lacunarCT-097,0
train/NON-LVO/lacunarCT-097/21.jpg,lacunarCT-097,0
train/NON-LVO/lacunarCT-097/22.jpg,lacunarCT-097,0
train/NON-LVO/lacunarCT-097/23.jpg,lacunarCT-097,0
train/NON-LVO/lacunarCT-097/24.jpg,lacunarCT-097,0
train/NON-LVO/lacunarCT-097/25.jpg,lacunarCT-097,0
train/NON-LVO/lacunarCT-097/26.jpg,lacunarCT-097,0
train/NON-LVO/lacunarCT-097/27.jpg,lacunarCT-097,0
train/NON-LVO/lacunarCT-097/28.jpg,lacunarCT-097,0
train/NON-LVO/lacunarCT-097/29.jpg,lacunarCT-097,0
train/NON-LVO/lacunarCT-097/30.jpg,lacunarCT-097,0
train/NON-LVO/lacunarCT-097/31.jpg,lacunarCT-097,0
train/NON-LVO/lacunarCT-097/32.jpg,lacunarCT-097,0
train/NON-LVO/lacunarCT-097/33.jpg,lacunarCT-097,0
train/NON-LVO/lacunarCT-097/34.jpg,lacunarCT-097,0
train/NON-LVO/lacunarCT-097/35.jpg,lacunarCT-097,0
train/NON-LVO/lacunarCT-097/36.jpg,lacunarCT-097,0
train/NON-LVO/lacunarCT-097/37.jpg,lacunarCT-097,0
train/NON-LVO/lacunarCT-097/38.jpg,lacunarCT-097,0
train/NON-LVO/lacunarCT-097/39.jpg,lacunarCT-097,0
train/NON-LVO/lacunarCT-097/40.jpg,lacunarCT-097,0
train/NON-LVO/lacunarCT-098/01.jpg,lacunarCT-098,0
train/NON-LVO/lacunarCT-098/02.jpg,lacunarCT-098,0
train/NON-LVO/lacunarCT-098/03.jpg,lacunarCT-098,0
train/NON-LVO/lacunarCT-098/04.jpg,lacunarCT-098,0
train/NON-LVO/lacunarCT-098/05.jpg,lacunarCT-098,0
train/NON-LVO/lacunarCT-098/06.jpg,lacunarCT-098,0
train/NON-LVO/lacunarCT-098/07.jpg,lacunarCT-098,0
train/NON-LVO/lacunarCT-098/08.jpg,lacunarCT-098,0
train/NON-LVO/lacunarCT-098/09.jpg,lacunarCT-098,0
train/NON-LVO/lacunarCT-098/10.jpg,lacunarCT-098,0
train/NON-LVO/lacunarCT-098/11.jpg,lacunarCT-098,0
train/NON-LVO/lacunarCT-098/12.jpg,lacunarCT-098,0
train/NON-LVO/lacunarCT-098/13.jpg,lacunarCT-098,0
train/NON-LVO/lacunarCT-098/14.jpg,lacunarCT-098,0
train/NON-LVO/lacunarCT-098/15.jpg,lacunarCT-098,0
train/NON-LVO/lacunarCT-098/16.jpg,lacunarCT-098,0
train/NON-LVO/lacunarCT-098/17.jpg,lacunarCT-098,0
train/NON-LVO/lacunarCT-098/18.jpg,lacunarCT-098,0
train/NON-LVO/lacunarCT-098/19.jpg,lacunarCT-098,0
train/NON-LVO/lacunarCT-098/20.jpg,lacunarCT-098,0
train/NON-LVO/lacunarCT-098/21.jpg,lacunarCT-098,0
train/NON-LVO/lacunarCT-098/22.jpg,lacunarCT-098,0
train/NON-LVO/lacunarCT-098/23.jpg,lacunarCT-098,0
train/NON-LVO/lacunarCT-098/24.jpg,lacunarCT-098,0
train/NON-LVO/lacunarCT-098/25.jpg,lacunarCT-098,0
train/NON-LVO/lacunarCT-098/26.jpg,lacunarCT-098,0
train/NON-LVO/lacunarCT-098/27.jpg,lacunarCT-098,0
train/NON-LVO/lacunarCT-098/28.jpg,lacunarCT-098,0
train/NON-LVO/lacunarCT-098/29.jpg,lacunarCT-098,0
train/NON-LVO/lacunarCT-098/30.jpg,lacunarCT-098,0
train/NON-LVO/lacunarCT-098/31.jpg,lacunarCT-098,0
train/NON-LVO/lacunarCT-098/32.jpg,lacunarCT-098,0
train/NON-LVO/lacunarCT-098/33.jpg,lacunarCT-098,0
train/NON-LVO/lacunarCT-098/34.jpg,lacunarCT-098,0
train/NON-LVO/lacunarCT-098/35.jpg,lacunarCT-098,0
train/NON-LVO/lacunarCT-098/36.jpg,lacunarCT-098,0
train/NON-LVO/lacunarCT-098/37.jpg,lacunarCT-098,0
train/NON-LVO/lacunarCT-098/38.jpg,lacunarCT-098,0
train/NON-LVO/lacunarCT-098/39.jpg,lacunarCT-098,0
train/NON-LVO/lacunarCT-098/40.jpg,lacunarCT-098,0
train/NON-LVO/lacunarCT-098/41.jpg,lacunarCT-098,0
train/NON-LVO/lacunarCT-098/42.jpg,lacunarCT-098,0
train/NON-LVO/lacunarCT-098/43.jpg,lacunarCT-098,0
train/NON-LVO/lacunarCT-099/01.jpg,lacunarCT-099,0
train/NON-LVO/lacunarCT-099/02.jpg,lacunarCT-099,0
train/NON-LVO/lacunarCT-099/03.jpg,lacunarCT-099,0
train/NON-LVO/lacunarCT-099/04.jpg,lacunarCT-099,0
train/NON-LVO/lacunarCT-099/05.jpg,lacunarCT-099,0
train/NON-LVO/lacunarCT-099/06.jpg,lacunarCT-099,0
train/NON-LVO/lacunarCT-099/07.jpg,lacunarCT-099,0
train/NON-LVO/lacunarCT-099/08.jpg,lacunarCT-099,0
train/NON-LVO/lacunarCT-099/09.jpg,lacunarCT-099,0
train/NON-LVO/lacunarCT-099/10.jpg,lacunarCT-099,0
train/NON-LVO/lacunarCT-099/11.jpg,lacunarCT-099,0
train/NON-LVO/lacunarCT-099/12.jpg,lacunarCT-099,0
train/NON-LVO/lacunarCT-099/13.jpg,lacunarCT-099,0
train/NON-LVO/lacunarCT-099/14.jpg,lacunarCT-099,0
train/NON-LVO/lacunarCT-099/15.jpg,lacunarCT-099,0
train/NON-LVO/lacunarCT-099/16.jpg,lacunarCT-099,0
train/NON-LVO/lacunarCT-099/17.jpg,lacunarCT-099,0
train/NON-LVO/lacunarCT-099/18.jpg,lacunarCT-099,0
train/NON-LVO/lacunarCT-099/19.jpg,lacunarCT-099,0
train/NON-LVO/lacunarCT-099/20.jpg,lacunarCT-099,0
train/NON-LVO/lacunarCT-099/21.jpg,lacunarCT-099,0
train/NON-LVO/lacunarCT-099/22.jpg,lacunarCT-099,0
train/NON-LVO/lacunarCT-099/23.jpg,lacunarCT-099,0
train/NON-LVO/lacunarCT-099/24.jpg,lacunarCT-099,0
train/NON-LVO/lacunarCT-099/25.jpg,lacunarCT-099,0
train/NON-LVO/lacunarCT-099/26.jpg,lacunarCT-099,0
train/NON-LVO/lacunarCT-099/27.jpg,lacunarCT-099,0
train/NON-LVO/lacunarCT-099/28.jpg,lacunarCT-099,0
train/NON-LVO/lacunarCT-099/29.jpg,lacunarCT-099,0
train/NON-LVO/lacunarCT-099/30.jpg,lacunarCT-099,0
train/NON-LVO/lacunarCT-099/31.jpg,lacunarCT-099,0
train/NON-LVO/lacunarCT-099/32.jpg,lacunarCT-099,0
train/NON-LVO/lacunarCT-099/33.jpg,lacunarCT-099,0
train/NON-LVO/lacunarCT-099/34.jpg,lacunarCT-099,0
train/NON-LVO/lacunarCT-099/35.jpg,lacunarCT-099,0
train/NON-LVO/lacunarCT-099/36.jpg,lacunarCT-099,0
train/NON-LVO/lacunarCT-099/37.jpg,lacunarCT-099,0
train/NON-LVO/lacunarCT-099/38.jpg,lacunarCT-099,0
train/NON-LVO/lacunarCT-099/39.jpg,lacunarCT-099,0
train/NON-LVO/lacunarCT-099/40.jpg,lacunarCT-099,0
train/NON-LVO/lacunarCT-099/41.jpg,lacunarCT-099,0
train/NON-LVO/lacunarCT-100/01.jpg,lacunarCT-100,0
train/NON-LVO/lacunarCT-100/02.jpg,lacunarCT-100,0
train/NON-LVO/lacunarCT-100/03.jpg,lacunarCT-100,0
train/NON-LVO/lacunarCT-100/04.jpg,lacunarCT-100,0
train/NON-LVO/lacunarCT-100/05.jpg,lacunarCT-100,0
train/NON-LVO/lacunarCT-100/06.jpg,lacunarCT-100,0
train/NON-LVO/lacunarCT-100/07.jpg,lacunarCT-100,0
train/NON-LVO/lacunarCT-100/08.jpg,lacunarCT-100,0
train/NON-LVO/lacunarCT-100/09.jpg,lacunarCT-100,0
train/NON-LVO/lacunarCT-100/10.jpg,lacunarCT-100,0
train/NON-LVO/lacunarCT-100/11.jpg,lacunarCT-100,0
train/NON-LVO/lacunarCT-100/12.jpg,lacunarCT-100,0
train/NON-LVO/lacunarCT-100/13.jpg,lacunarCT-100,0
train/NON-LVO/lacunarCT-100/14.jpg,lacunarCT-100,0
train/NON-LVO/lacunarCT-100/15.jpg,lacunarCT-100,0
train/NON-LVO/lacunarCT-100/16.jpg,lacunarCT-100,0
train/NON-LVO/lacunarCT-100/17.jpg,lacunarCT-100,0
train/NON-LVO/lacunarCT-100/18.jpg,lacunarCT-100,0
train/NON-LVO/lacunarCT-100/19.jpg,lacunarCT-100,0
train/NON-LVO/lacunarCT-100/20.jpg,lacunarCT-100,0
train/NON-LVO/lacunarCT-100/21.jpg,lacunarCT-100,0
train/NON-LVO/lacunarCT-100/22.jpg,lacunarCT-100,0
train/NON-LVO/lacunarCT-100/23.jpg,lacunarCT-100,0
train/NON-LVO/lacunarCT-100/24.jpg,lacunarCT-100,0
train/NON-LVO/lacunarCT-100/25.jpg,lacunarCT-100,0
train/NON-LVO/lacunarCT-100/26.jpg,lacunarCT-100,0
train/NON-LVO/lacunarCT-100/27.jpg,lacunarCT-100,0
train/NON-LVO/lacunarCT-100/28.jpg,lacunarCT-100,0
train/NON-LVO/lacunarCT-100/29.jpg,lacunarCT-100,0
train/NON-LVO/lacunarCT-100/30.jpg,lacunarCT-100,0
train/NON-LVO/lacunarCT-100/31.jpg,lacunarCT-100,0
train/NON-LVO/lacunarCT-100/32.jpg,lacunarCT-100,0
train/NON-LVO/lacunarCT-100/33.jpg,lacunarCT-100,0
train/NON-LVO/lacunarCT-100/34.jpg,lacunarCT-100,0
train/NON-LVO/lacunarCT-100/35.jpg,lacunarCT-100,0
train/NON-LVO/lacunarCT-100/36.jpg,lacunarCT-100,0
train/NON-LVO/lacunarCT-100/37.jpg,lacunarCT-100,0
train/NON-LVO/lacunarCT-100/38.jpg,lacunarCT-100,0
train/NON-LVO/lacunarCT-100/39.jpg,lacunarCT-100,0
train/NON-LVO/lacunarCT-100/40.jpg,lacunarCT-100,0
train/NON-LVO/lacunarCT-100/41.jpg,lacunarCT-100,0
train/NON-LVO/lacunarCT-100/42.jpg,lacunarCT-100,0
train/NON-LVO/lacunarCT-100/43.jpg,lacunarCT-100,0
train/NON-LVO/lacunarCT-100/44.jpg,lacunarCT-100,0
train/NON-LVO/lacunarCT-101/01.jpg,lacunarCT-101,0
train/NON-LVO/lacunarCT-101/02.jpg,lacunarCT-101,0
train/NON-LVO/lacunarCT-101/03.jpg,lacunarCT-101,0
train/NON-LVO/lacunarCT-101/04.jpg,lacunarCT-101,0
train/NON-LVO/lacunarCT-101/05.jpg,lacunarCT-101,0
train/NON-LVO/lacunarCT-101/06.jpg,lacunarCT-101,0
train/NON-LVO/lacunarCT-101/07.jpg,lacunarCT-101,0
train/NON-LVO/lacunarCT-101/08.jpg,lacunarCT-101,0
train/NON-LVO/lacunarCT-101/09.jpg,lacunarCT-101,0
train/NON-LVO/lacunarCT-101/10.jpg,lacunarCT-101,0
train/NON-LVO/lacunarCT-101/11.jpg,lacunarCT-101,0
train/NON-LVO/lacunarCT-101/12.jpg,lacunarCT-101,0
train/NON-LVO/lacunarCT-101/13.jpg,lacunarCT-101,0
train/NON-LVO/lacunarCT-101/14.jpg,lacunarCT-101,0
train/NON-LVO/lacunarCT-101/15.jpg,lacunarCT-101,0
train/NON-LVO/lacunarCT-101/16.jpg,lacunarCT-101,0
train/NON-LVO/lacunarCT-101/17.jpg,lacunarCT-101,0
train/NON-LVO/lacunarCT-101/18.jpg,lacunarCT-101,0
train/NON-LVO/lacunarCT-101/19.jpg,lacunarCT-101,0
train/NON-LVO/lacunarCT-101/20.jpg,lacunarCT-101,0
train/NON-LVO/lacunarCT-101/21.jpg,lacunarCT-101,0
train/NON-LVO/lacunarCT-101/22.jpg,lacunarCT-101,0
train/NON-LVO/lacunarCT-101/23.jpg,lacunarCT-101,0
train/NON-LVO/lacunarCT-101/24.jpg,lacunarCT-101,0
train/NON-LVO/lacunarCT-101/25.jpg,lacunarCT-101,0
train/NON-LVO/lacunarCT-101/26.jpg,lacunarCT-101,0
train/NON-LVO/lacunarCT-101/27.jpg,lacunarCT-101,0
train/NON-LVO/lacunarCT-101/28.jpg,lacunarCT-101,0
train/NON-LVO/lacunarCT-101/29.jpg,lacunarCT-101,0
train/NON-LVO/lacunarCT-101/30.jpg,lacunarCT-101,0
train/NON-LVO/lacunarCT-101/31.jpg,lacunarCT-101,0
train/NON-LVO/lacunarCT-101/32.jpg,lacunarCT-101,0
train/NON-LVO/lacunarCT-101/33.jpg,lacunarCT-101,0
train/NON-LVO/lacunarCT-101/34.jpg,lacunarCT-101,0
train/NON-LVO/lacunarCT-101/35.jpg,lacunarCT-101,0
train/NON-LVO/lacunarCT-101/36.jpg,lacunarCT-101,0
train/NON-LVO/lacunarCT-101/37.jpg,lacunarCT-101,0
train/NON-LVO/lacunarCT-101/38.jpg,lacunarCT-101,0
train/NON-LVO/lacunarCT-101/39.jpg,lacunarCT-101,0
train/NON-LVO/lacunarCT-101/40.jpg,lacunarCT-101,0
train/NON-LVO/lacunarCT-101/41.jpg,lacunarCT-101,0
train/NON-LVO/lacunarCT-101/42.jpg,lacunarCT-101,0
train/NON-LVO/lacunarCT-101/43.jpg,lacunarCT-101,0
train/NON-LVO/lacunarCT-101/44.jpg,lacunarCT-101,0
train/NON-LVO/lacunarCT-103/01.jpg,lacunarCT-103,0
train/NON-LVO/lacunarCT-103/02.jpg,lacunarCT-103,0
train/NON-LVO/lacunarCT-103/03.jpg,lacunarCT-103,0
train/NON-LVO/lacunarCT-103/04.jpg,lacunarCT-103,0
train/NON-LVO/lacunarCT-103/05.jpg,lacunarCT-103,0
train/NON-LVO/lacunarCT-103/06.jpg,lacunarCT-103,0
train/NON-LVO/lacunarCT-103/07.jpg,lacunarCT-103,0
train/NON-LVO/lacunarCT-103/08.jpg,lacunarCT-103,0
train/NON-LVO/lacunarCT-103/09.jpg,lacunarCT-103,0
train/NON-LVO/lacunarCT-103/10.jpg,lacunarCT-103,0
train/NON-LVO/lacunarCT-103/11.jpg,lacunarCT-103,0
train/NON-LVO/lacunarCT-103/12.jpg,lacunarCT-103,0
train/NON-LVO/lacunarCT-103/13.jpg,lacunarCT-103,0
train/NON-LVO/lacunarCT-103/14.jpg,lacunarCT-103,0
train/NON-LVO/lacunarCT-103/15.jpg,lacunarCT-103,0
train/NON-LVO/lacunarCT-103/16.jpg,lacunarCT-103,0
train/NON-LVO/lacunarCT-103/17.jpg,lacunarCT-103,0
train/NON-LVO/lacunarCT-103/18.jpg,lacunarCT-103,0
train/NON-LVO/lacunarCT-103/19.jpg,lacunarCT-103,0
train/NON-LVO/lacunarCT-103/20.jpg,lacunarCT-103,0
train/NON-LVO/lacunarCT-103/21.jpg,lacunarCT-103,0
train/NON-LVO/lacunarCT-103/22.jpg,lacunarCT-103,0
train/NON-LVO/lacunarCT-103/23.jpg,lacunarCT-103,0
train/NON-LVO/lacunarCT-103/24.jpg,lacunarCT-103,0
train/NON-LVO/lacunarCT-103/25.jpg,lacunarCT-103,0
train/NON-LVO/lacunarCT-103/26.jpg,lacunarCT-103,0
train/NON-LVO/lacunarCT-103/27.jpg,lacunarCT-103,0
train/NON-LVO/lacunarCT-103/28.jpg,lacunarCT-103,0
train/NON-LVO/lacunarCT-103/29.jpg,lacunarCT-103,0
train/NON-LVO/lacunarCT-103/30.jpg,lacunarCT-103,0
train/NON-LVO/lacunarCT-103/31.jpg,lacunarCT-103,0
train/NON-LVO/lacunarCT-103/32.jpg,lacunarCT-103,0
train/NON-LVO/lacunarCT-103/33.jpg,lacunarCT-103,0
train/NON-LVO/lacunarCT-103/34.jpg,lacunarCT-103,0
train/NON-LVO/lacunarCT-103/35.jpg,lacunarCT-103,0
train/NON-LVO/lacunarCT-103/36.jpg,lacunarCT-103,0
train/NON-LVO/lacunarCT-103/37.jpg,lacunarCT-103,0
train/NON-LVO/lacunarCT-103/38.jpg,lacunarCT-103,0
train/NON-LVO/lacunarCT-103/39.jpg,lacunarCT-103,0
train/NON-LVO/lacunarCT-103/40.jpg,lacunarCT-103,0
train/NON-LVO/lacunarCT-103/41.jpg,lacunarCT-103,0
train/NON-LVO/lacunarCT-104/01.jpg,lacunarCT-104,0
train/NON-LVO/lacunarCT-104/02.jpg,lacunarCT-104,0
train/NON-LVO/lacunarCT-104/03.jpg,lacunarCT-104,0
train/NON-LVO/lacunarCT-104/04.jpg,lacunarCT-104,0
train/NON-LVO/lacunarCT-104/05.jpg,lacunarCT-104,0
train/NON-LVO/lacunarCT-104/06.jpg,lacunarCT-104,0
train/NON-LVO/lacunarCT-104/07.jpg,lacunarCT-104,0
train/NON-LVO/lacunarCT-104/08.jpg,lacunarCT-104,0
train/NON-LVO/lacunarCT-104/09.jpg,lacunarCT-104,0
train/NON-LVO/lacunarCT-104/10.jpg,lacunarCT-104,0
train/NON-LVO/lacunarCT-104/11.jpg,lacunarCT-104,0
train/NON-LVO/lacunarCT-104/12.jpg,lacunarCT-104,0
train/NON-LVO/lacunarCT-104/13.jpg,lacunarCT-104,0
train/NON-LVO/lacunarCT-104/14.jpg,lacunarCT-104,0
train/NON-LVO/lacunarCT-104/15.jpg,lacunarCT-104,0
train/NON-LVO/lacunarCT-104/16.jpg,lacunarCT-104,0
train/NON-LVO/lacunarCT-104/17.jpg,lacunarCT-104,0
train/NON-LVO/lacunarCT-104/18.jpg,lacunarCT-104,0
train/NON-LVO/lacunarCT-104/19.jpg,lacunarCT-104,0
train/NON-LVO/lacunarCT-104/20.jpg,lacunarCT-104,0
train/NON-LVO/lacunarCT-104/21.jpg,lacunarCT-104,0
train/NON-LVO/lacunarCT-104/22.jpg,lacunarCT-104,0
train/NON-LVO/lacunarCT-104/23.jpg,lacunarCT-104,0
train/NON-LVO/lacunarCT-104/24.jpg,lacunarCT-104,0
train/NON-LVO/lacunarCT-104/25.jpg,lacunarCT-104,0
train/NON-LVO/lacunarCT-104/26.jpg,lacunarCT-104,0
train/NON-LVO/lacunarCT-104/27.jpg,lacunarCT-104,0
train/NON-LVO/lacunarCT-104/28.jpg,lacunarCT-104,0
train/NON-LVO/lacunarCT-104/29.jpg,lacunarCT-104,0
train/NON-LVO/lacunarCT-104/30.jpg,lacunarCT-104,0
train/NON-LVO/lacunarCT-104/31.jpg,lacunarCT-104,0
train/NON-LVO/lacunarCT-104/32.jpg,lacunarCT-104,0
train/NON-LVO/lacunarCT-104/33.jpg,lacunarCT-104,0
train/NON-LVO/lacunarCT-104/34.jpg,lacunarCT-104,0
train/NON-LVO/lacunarCT-104/35.jpg,lacunarCT-104,0
train/NON-LVO/lacunarCT-104/36.jpg,lacunarCT-104,0
train/NON-LVO/lacunarCT-104/37.jpg,lacunarCT-104,0
train/NON-LVO/lacunarCT-104/38.jpg,lacunarCT-104,0
train/NON-LVO/lacunarCT-104/39.jpg,lacunarCT-104,0
train/NON-LVO/lacunarCT-104/40.jpg,lacunarCT-104,0
train/NON-LVO/lacunarCT-104/41.jpg,lacunarCT-104,0
train/NON-LVO/lacunarCT-105/01.jpg,lacunarCT-105,0
train/NON-LVO/lacunarCT-105/02.jpg,lacunarCT-105,0
train/NON-LVO/lacunarCT-105/03.jpg,lacunarCT-105,0
train/NON-LVO/lacunarCT-105/04.jpg,lacunarCT-105,0
train/NON-LVO/lacunarCT-105/05.jpg,lacunarCT-105,0
train/NON-LVO/lacunarCT-105/06.jpg,lacunarCT-105,0
train/NON-LVO/lacunarCT-105/07.jpg,lacunarCT-105,0
train/NON-LVO/lacunarCT-105/08.jpg,lacunarCT-105,0
train/NON-LVO/lacunarCT-105/09.jpg,lacunarCT-105,0
train/NON-LVO/lacunarCT-105/10.jpg,lacunarCT-105,0
train/NON-LVO/lacunarCT-105/11.jpg,lacunarCT-105,0
train/NON-LVO/lacunarCT-105/12.jpg,lacunarCT-105,0
train/NON-LVO/lacunarCT-105/13.jpg,lacunarCT-105,0
train/NON-LVO/lacunarCT-105/14.jpg,lacunarCT-105,0
train/NON-LVO/lacunarCT-105/15.jpg,lacunarCT-105,0
train/NON-LVO/lacunarCT-105/16.jpg,lacunarCT-105,0
train/NON-LVO/lacunarCT-105/17.jpg,lacunarCT-105,0
train/NON-LVO/lacunarCT-105/18.jpg,lacunarCT-105,0
train/NON-LVO/lacunarCT-105/19.jpg,lacunarCT-105,0
train/NON-LVO/lacunarCT-105/20.jpg,lacunarCT-105,0
train/NON-LVO/lacunarCT-105/21.jpg,lacunarCT-105,0
train/NON-LVO/lacunarCT-105/22.jpg,lacunarCT-105,0
train/NON-LVO/lacunarCT-105/24.jpg,lacunarCT-105,0
train/NON-LVO/lacunarCT-105/25.jpg,lacunarCT-105,0
train/NON-LVO/lacunarCT-105/26.jpg,lacunarCT-105,0
train/NON-LVO/lacunarCT-105/27.jpg,lacunarCT-105,0
train/NON-LVO/lacunarCT-105/28.jpg,lacunarCT-105,0
train/NON-LVO/lacunarCT-105/29.jpg,lacunarCT-105,0
train/NON-LVO/lacunarCT-105/30.jpg,lacunarCT-105,0
train/NON-LVO/lacunarCT-105/31.jpg,lacunarCT-105,0
train/NON-LVO/lacunarCT-105/32.jpg,lacunarCT-105,0
train/NON-LVO/lacunarCT-105/33.jpg,lacunarCT-105,0
train/NON-LVO/lacunarCT-105/34.jpg,lacunarCT-105,0
train/NON-LVO/lacunarCT-105/35.jpg,lacunarCT-105,0
train/NON-LVO/lacunarCT-105/36.jpg,lacunarCT-105,0
train/NON-LVO/lacunarCT-105/37.jpg,lacunarCT-105,0
train/NON-LVO/lacunarCT-105/38.jpg,lacunarCT-105,0
train/NON-LVO/lacunarCT-105/39.jpg,lacunarCT-105,0
train/NON-LVO/lacunarCT-105/40.jpg,lacunarCT-105,0
train/NON-LVO/lacunarCT-105/41.jpg,lacunarCT-105,0
train/NON-LVO/lacunarCT-105/42.jpg,lacunarCT-105,0
train/NON-LVO/lacunarCT-105/43.jpg,lacunarCT-105,0
train/NON-LVO/lacunarCT-105/44.jpg,lacunarCT-105,0
train/NON-LVO/lacunarCT-106/01.jpg,lacunarCT-106,0
train/NON-LVO/lacunarCT-106/02.jpg,lacunarCT-106,0
train/NON-LVO/lacunarCT-106/03.jpg,lacunarCT-106,0
train/NON-LVO/lacunarCT-106/04.jpg,lacunarCT-106,0
train/NON-LVO/lacunarCT-106/05.jpg,lacunarCT-106,0
train/NON-LVO/lacunarCT-106/06.jpg,lacunarCT-106,0
train/NON-LVO/lacunarCT-106/07.jpg,lacunarCT-106,0
train/NON-LVO/lacunarCT-106/08.jpg,lacunarCT-106,0
train/NON-LVO/lacunarCT-106/09.jpg,lacunarCT-106,0
train/NON-LVO/lacunarCT-106/10.jpg,lacunarCT-106,0
train/NON-LVO/lacunarCT-106/11.jpg,lacunarCT-106,0
train/NON-LVO/lacunarCT-106/12.jpg,lacunarCT-106,0
train/NON-LVO/lacunarCT-106/13.jpg,lacunarCT-106,0
train/NON-LVO/lacunarCT-106/14.jpg,lacunarCT-106,0
train/NON-LVO/lacunarCT-106/15.jpg,lacunarCT-106,0
train/NON-LVO/lacunarCT-106/16.jpg,lacunarCT-106,0
train/NON-LVO/lacunarCT-106/17.jpg,lacunarCT-106,0
train/NON-LVO/lacunarCT-106/18.jpg,lacunarCT-106,0
train/NON-LVO/lacunarCT-106/19.jpg,lacunarCT-106,0
train/NON-LVO/lacunarCT-106/20.jpg,lacunarCT-106,0
train/NON-LVO/lacunarCT-106/21.jpg,lacunarCT-106,0
train/NON-LVO/lacunarCT-106/22.jpg,lacunarCT-106,0
train/NON-LVO/lacunarCT-106/23.jpg,lacunarCT-106,0
train/NON-LVO/lacunarCT-106/24.jpg,lacunarCT-106,0
train/NON-LVO/lacunarCT-106/25.jpg,lacunarCT-106,0
train/NON-LVO/lacunarCT-106/26.jpg,lacunarCT-106,0
train/NON-LVO/lacunarCT-106/27.jpg,lacunarCT-106,0
train/NON-LVO/lacunarCT-106/28.jpg,lacunarCT-106,0
train/NON-LVO/lacunarCT-106/29.jpg,lacunarCT-106,0
train/NON-LVO/lacunarCT-106/30.jpg,lacunarCT-106,0
train/NON-LVO/lacunarCT-106/31.jpg,lacunarCT-106,0
train/NON-LVO/lacunarCT-106/32.jpg,lacunarCT-106,0
train/NON-LVO/lacunarCT-106/33.jpg,lacunarCT-106,0
train/NON-LVO/lacunarCT-106/34.jpg,lacunarCT-106,0
train/NON-LVO/lacunarCT-106/35.jpg,lacunarCT-106,0
train/NON-LVO/lacunarCT-106/36.jpg,lacunarCT-106,0
train/NON-LVO/lacunarCT-106/37.jpg,lacunarCT-106,0
train/NON-LVO/lacunarCT-106/38.jpg,lacunarCT-106,0
train/NON-LVO/lacunarCT-106/39.jpg,lacunarCT-106,0
train/NON-LVO/lacunarCT-106/40.jpg,lacunarCT-106,0
train/NON-LVO/lacunarCT-106/41.jpg,lacunarCT-106,0
train/NON-LVO/lacunarCT-106/42.jpg,lacunarCT-106,0
train/NON-LVO/lacunarCT-106/43.jpg,lacunarCT-106,0
train/NON-LVO/lacunarCT-106/44.jpg,lacunarCT-106,0
train/NON-LVO/lacunarCT-107/01.jpg,lacunarCT-107,0
train/NON-LVO/lacunarCT-107/02.jpg,lacunarCT-107,0
train/NON-LVO/lacunarCT-107/03.jpg,lacunarCT-107,0
train/NON-LVO/lacunarCT-107/04.jpg,lacunarCT-107,0
train/NON-LVO/lacunarCT-107/05.jpg,lacunarCT-107,0
train/NON-LVO/lacunarCT-107/06.jpg,lacunarCT-107,0
train/NON-LVO/lacunarCT-107/07.jpg,lacunarCT-107,0
train/NON-LVO/lacunarCT-107/08.jpg,lacunarCT-107,0
train/NON-LVO/lacunarCT-107/09.jpg,lacunarCT-107,0
train/NON-LVO/lacunarCT-107/10.jpg,lacunarCT-107,0
train/NON-LVO/lacunarCT-107/11.jpg,lacunarCT-107,0
train/NON-LVO/lacunarCT-107/12.jpg,lacunarCT-107,0
train/NON-LVO/lacunarCT-107/13.jpg,lacunarCT-107,0
train/NON-LVO/lacunarCT-107/14.jpg,lacunarCT-107,0
train/NON-LVO/lacunarCT-107/15.jpg,lacunarCT-107,0
train/NON-LVO/lacunarCT-107/16.jpg,lacunarCT-107,0
train/NON-LVO/lacunarCT-107/17.jpg,lacunarCT-107,0
train/NON-LVO/lacunarCT-107/18.jpg,lacunarCT-107,0
train/NON-LVO/lacunarCT-107/19.jpg,lacunarCT-107,0
train/NON-LVO/lacunarCT-107/20.jpg,lacunarCT-107,0
train/NON-LVO/lacunarCT-107/21.jpg,lacunarCT-107,0
train/NON-LVO/lacunarCT-107/22.jpg,lacunarCT-107,0
train/NON-LVO/lacunarCT-107/23.jpg,lacunarCT-107,0
train/NON-LVO/lacunarCT-107/24.jpg,lacunarCT-107,0
train/NON-LVO/lacunarCT-107/25.jpg,lacunarCT-107,0
train/NON-LVO/lacunarCT-107/26.jpg,lacunarCT-107,0
train/NON-LVO/lacunarCT-107/27.jpg,lacunarCT-107,0
train/NON-LVO/lacunarCT-107/28.jpg,lacunarCT-107,0
train/NON-LVO/lacunarCT-107/29.jpg,lacunarCT-107,0
train/NON-LVO/lacunarCT-107/30.jpg,lacunarCT-107,0
train/NON-LVO/lacunarCT-107/31.jpg,lacunarCT-107,0
train/NON-LVO/lacunarCT-107/32.jpg,lacunarCT-107,0
train/NON-LVO/lacunarCT-107/33.jpg,lacunarCT-107,0
train/NON-LVO/lacunarCT-107/34.jpg,lacunarCT-107,0
train/NON-LVO/lacunarCT-107/35.jpg,lacunarCT-107,0
train/NON-LVO/lacunarCT-107/36.jpg,lacunarCT-107,0
train/NON-LVO/lacunarCT-107/37.jpg,lacunarCT-107,0
train/NON-LVO/lacunarCT-107/38.jpg,lacunarCT-107,0
train/NON-LVO/lacunarCT-107/39.jpg,lacunarCT-107,0
train/NON-LVO/lacunarCT-108/01.jpg,lacunarCT-108,0
train/NON-LVO/lacunarCT-108/02.jpg,lacunarCT-108,0
train/NON-LVO/lacunarCT-108/03.jpg,lacunarCT-108,0
train/NON-LVO/lacunarCT-108/04.jpg,lacunarCT-108,0
train/NON-LVO/lacunarCT-108/05.jpg,lacunarCT-108,0
train/NON-LVO/lacunarCT-108/06.jpg,lacunarCT-108,0
train/NON-LVO/lacunarCT-108/07.jpg,lacunarCT-108,0
train/NON-LVO/lacunarCT-108/08.jpg,lacunarCT-108,0
train/NON-LVO/lacunarCT-108/09.jpg,lacunarCT-108,0
train/NON-LVO/lacunarCT-108/10.jpg,lacunarCT-108,0
train/NON-LVO/lacunarCT-108/11.jpg,lacunarCT-108,0
train/NON-LVO/lacunarCT-108/12.jpg,lacunarCT-108,0
train/NON-LVO/lacunarCT-108/13.jpg,lacunarCT-108,0
train/NON-LVO/lacunarCT-108/14.jpg,lacunarCT-108,0
train/NON-LVO/lacunarCT-108/15.jpg,lacunarCT-108,0
train/NON-LVO/lacunarCT-108/16.jpg,lacunarCT-108,0
train/NON-LVO/lacunarCT-108/17.jpg,lacunarCT-108,0
train/NON-LVO/lacunarCT-108/18.jpg,lacunarCT-108,0
train/NON-LVO/lacunarCT-108/19.jpg,lacunarCT-108,0
train/NON-LVO/lacunarCT-108/20.jpg,lacunarCT-108,0
train/NON-LVO/lacunarCT-108/21.jpg,lacunarCT-108,0
train/NON-LVO/lacunarCT-108/22.jpg,lacunarCT-108,0
train/NON-LVO/lacunarCT-108/23.jpg,lacunarCT-108,0
train/NON-LVO/lacunarCT-108/24.jpg,lacunarCT-108,0
train/NON-LVO/lacunarCT-108/25.jpg,lacunarCT-108,0
train/NON-LVO/lacunarCT-108/26.jpg,lacunarCT-108,0
train/NON-LVO/lacunarCT-108/27.jpg,lacunarCT-108,0
train/NON-LVO/lacunarCT-108/28.jpg,lacunarCT-108,0
train/NON-LVO/lacunarCT-108/29.jpg,lacunarCT-108,0
train/NON-LVO/lacunarCT-108/30.jpg,lacunarCT-108,0
train/NON-LVO/lacunarCT-108/31.jpg,lacunarCT-108,0
train/NON-LVO/lacunarCT-108/32.jpg,lacunarCT-108,0
train/NON-LVO/lacunarCT-108/33.jpg,lacunarCT-108,0
train/NON-LVO/lacunarCT-108/34.jpg,lacunarCT-108,0
train/NON-LVO/lacunarCT-108/35.jpg,lacunarCT-108,0
train/NON-LVO/lacunarCT-108/36.jpg,lacunarCT-108,0
train/NON-LVO/lacunarCT-108/37.jpg,lacunarCT-108,0
train/NON-LVO/lacunarCT-108/38.jpg,lacunarCT-108,0
train/NON-LVO/lacunarCT-108/39.jpg,lacunarCT-108,0
train/NON-LVO/lacunarCT-108/40.jpg,lacunarCT-108,0
train/NON-LVO/lacunarCT-108/41.jpg,lacunarCT-108,0
train/NON-LVO/lacunarCT-108/42.jpg,lacunarCT-108,0
train/NON-LVO/lacunarCT-108/43.jpg,lacunarCT-108,0
train/NON-LVO/lacunarCT-108/44.jpg,lacunarCT-108,0
train/NON-LVO/lacunarCT-108/45.jpg,lacunarCT-108,0
train/NON-LVO/lacunarCT-108/46.jpg,lacunarCT-108,0
train/NON-LVO/lacunarCT-108/47.jpg,lacunarCT-108,0
train/NON-LVO/lacunarCT-108/48.jpg,lacunarCT-108,0
train/NON-LVO/lacunarCT-108/49.jpg,lacunarCT-108,0
train/NON-LVO/lacunarCT-112/01.jpg,lacunarCT-112,0
train/NON-LVO/lacunarCT-112/02.jpg,lacunarCT-112,0
train/NON-LVO/lacunarCT-112/03.jpg,lacunarCT-112,0
train/NON-LVO/lacunarCT-112/04.jpg,lacunarCT-112,0
train/NON-LVO/lacunarCT-112/05.jpg,lacunarCT-112,0
train/NON-LVO/lacunarCT-112/06.jpg,lacunarCT-112,0
train/NON-LVO/lacunarCT-112/07.jpg,lacunarCT-112,0
train/NON-LVO/lacunarCT-112/08.jpg,lacunarCT-112,0
train/NON-LVO/lacunarCT-112/09.jpg,lacunarCT-112,0
train/NON-LVO/lacunarCT-112/10.jpg,lacunarCT-112,0
train/NON-LVO/lacunarCT-112/11.jpg,lacunarCT-112,0
train/NON-LVO/lacunarCT-112/12.jpg,lacunarCT-112,0
train/NON-LVO/lacunarCT-112/13.jpg,lacunarCT-112,0
train/NON-LVO/lacunarCT-112/14.jpg,lacunarCT-112,0
train/NON-LVO/lacunarCT-112/15.jpg,lacunarCT-112,0
train/NON-LVO/lacunarCT-112/16.jpg,lacunarCT-112,0
train/NON-LVO/lacunarCT-112/17.jpg,lacunarCT-112,0
train/NON-LVO/lacunarCT-112/18.jpg,lacunarCT-112,0
train/NON-LVO/lacunarCT-112/19.jpg,lacunarCT-112,0
train/NON-LVO/lacunarCT-112/20.jpg,lacunarCT-112,0
train/NON-LVO/lacunarCT-112/21.jpg,lacunarCT-112,0
train/NON-LVO/lacunarCT-112/22.jpg,lacunarCT-112,0
train/NON-LVO/lacunarCT-112/23.jpg,lacunarCT-112,0
train/NON-LVO/lacunarCT-112/24.jpg,lacunarCT-112,0
train/NON-LVO/lacunarCT-112/25.jpg,lacunarCT-112,0
train/NON-LVO/lacunarCT-112/26.jpg,lacunarCT-112,0
train/NON-LVO/lacunarCT-112/27.jpg,lacunarCT-112,0
train/NON-LVO/lacunarCT-112/28.jpg,lacunarCT-112,0
train/NON-LVO/lacunarCT-112/29.jpg,lacunarCT-112,0
train/NON-LVO/lacunarCT-112/30.jpg,lacunarCT-112,0
train/NON-LVO/lacunarCT-112/31.jpg,lacunarCT-112,0
train/NON-LVO/lacunarCT-112/32.jpg,lacunarCT-112,0
train/NON-LVO/lacunarCT-112/33.jpg,lacunarCT-112,0
train/NON-LVO/lacunarCT-112/34.jpg,lacunarCT-112,0
train/NON-LVO/lacunarCT-112/35.jpg,lacunarCT-112,0
train/NON-LVO/lacunarCT-112/36.jpg,lacunarCT-112,0
train/NON-LVO/lacunarCT-112/37.jpg,lacunarCT-112,0
train/NON-LVO/lacunarCT-112/38.jpg,lacunarCT-112,0
train/NON-LVO/lacunarCT-112/39.jpg,lacunarCT-112,0
train/NON-LVO/lacunarCT-112/40.jpg,lacunarCT-112,0
train/NON-LVO/lacunarCT-112/41.jpg,lacunarCT-112,0
train/NON-LVO/lacunarCT-112/42.jpg,lacunarCT-112,0
train/NON-LVO/lacunarCT-112/43.jpg,lacunarCT-112,0
train/NON-LVO/lacunarCT-112/44.jpg,lacunarCT-112,0
train/NON-LVO/lacunarCT-112/45.jpg,lacunarCT-112,0
train/NON-LVO/lacunarCT-113/01.jpg,lacunarCT-113,0
train/NON-LVO/lacunarCT-113/02.jpg,lacunarCT-113,0
train/NON-LVO/lacunarCT-113/03.jpg,lacunarCT-113,0
train/NON-LVO/lacunarCT-113/04.jpg,lacunarCT-113,0
train/NON-LVO/lacunarCT-113/05.jpg,lacunarCT-113,0
train/NON-LVO/lacunarCT-113/06.jpg,lacunarCT-113,0
train/NON-LVO/lacunarCT-113/07.jpg,lacunarCT-113,0
train/NON-LVO/lacunarCT-113/08.jpg,lacunarCT-113,0
train/NON-LVO/lacunarCT-113/09.jpg,lacunarCT-113,0
train/NON-LVO/lacunarCT-113/10.jpg,lacunarCT-113,0
train/NON-LVO/lacunarCT-113/11.jpg,lacunarCT-113,0
train/NON-LVO/lacunarCT-113/12.jpg,lacunarCT-113,0
train/NON-LVO/lacunarCT-113/13.jpg,lacunarCT-113,0
train/NON-LVO/lacunarCT-113/14.jpg,lacunarCT-113,0
train/NON-LVO/lacunarCT-113/15.jpg,lacunarCT-113,0
train/NON-LVO/lacunarCT-113/16.jpg,lacunarCT-113,0
train/NON-LVO/lacunarCT-113/17.jpg,lacunarCT-113,0
train/NON-LVO/lacunarCT-113/18.jpg,lacunarCT-113,0
train/NON-LVO/lacunarCT-113/19.jpg,lacunarCT-113,0
train/NON-LVO/lacunarCT-113/20.jpg,lacunarCT-113,0
train/NON-LVO/lacunarCT-113/21.jpg,lacunarCT-113,0
train/NON-LVO/lacunarCT-113/22.jpg,lacunarCT-113,0
train/NON-LVO/lacunarCT-113/23.jpg,lacunarCT-113,0
train/NON-LVO/lacunarCT-113/24.jpg,lacunarCT-113,0
train/NON-LVO/lacunarCT-113/25.jpg,lacunarCT-113,0
train/NON-LVO/lacunarCT-113/26.jpg,lacunarCT-113,0
train/NON-LVO/lacunarCT-113/27.jpg,lacunarCT-113,0
train/NON-LVO/lacunarCT-113/28.jpg,lacunarCT-113,0
train/NON-LVO/lacunarCT-113/29.jpg,lacunarCT-113,0
train/NON-LVO/lacunarCT-113/30.jpg,lacunarCT-113,0
train/NON-LVO/lacunarCT-113/31.jpg,lacunarCT-113,0
train/NON-LVO/lacunarCT-113/32.jpg,lacunarCT-113,0
train/NON-LVO/lacunarCT-113/33.jpg,lacunarCT-113,0
train/NON-LVO/lacunarCT-113/34.jpg,lacunarCT-113,0
train/NON-LVO/lacunarCT-113/35.jpg,lacunarCT-113,0
train/NON-LVO/lacunarCT-113/36.jpg,lacunarCT-113,0
train/NON-LVO/lacunarCT-113/37.jpg,lacunarCT-113,0
train/NON-LVO/lacunarCT-113/38.jpg,lacunarCT-113,0
train/NON-LVO/lacunarCT-113/39.jpg,lacunarCT-113,0
train/NON-LVO/lacunarCT-113/40.jpg,lacunarCT-113,0
train/NON-LVO/lacunarCT-113/41.jpg,lacunarCT-113,0
train/NON-LVO/lacunarCT-113/42.jpg,lacunarCT-113,0
train/NON-LVO/lacunarCT-113/43.jpg,lacunarCT-113,0
train/NON-LVO/lacunarCT-113/44.jpg,lacunarCT-113,0
train/NON-LVO/lacunarCT-116/01.jpg,lacunarCT-116,0
train/NON-LVO/lacunarCT-116/02.jpg,lacunarCT-116,0
train/NON-LVO/lacunarCT-116/03.jpg,lacunarCT-116,0
train/NON-LVO/lacunarCT-116/04.jpg,lacunarCT-116,0
train/NON-LVO/lacunarCT-116/05.jpg,lacunarCT-116,0
train/NON-LVO/lacunarCT-116/06.jpg,lacunarCT-116,0
train/NON-LVO/lacunarCT-116/07.jpg,lacunarCT-116,0
train/NON-LVO/lacunarCT-116/08.jpg,lacunarCT-116,0
train/NON-LVO/lacunarCT-116/09.jpg,lacunarCT-116,0
train/NON-LVO/lacunarCT-116/10.jpg,lacunarCT-116,0
train/NON-LVO/lacunarCT-116/11.jpg,lacunarCT-116,0
train/NON-LVO/lacunarCT-116/12.jpg,lacunarCT-116,0
train/NON-LVO/lacunarCT-116/13.jpg,lacunarCT-116,0
train/NON-LVO/lacunarCT-116/14.jpg,lacunarCT-116,0
train/NON-LVO/lacunarCT-116/15.jpg,lacunarCT-116,0
train/NON-LVO/lacunarCT-116/16.jpg,lacunarCT-116,0
train/NON-LVO/lacunarCT-116/17.jpg,lacunarCT-116,0
train/NON-LVO/lacunarCT-116/18.jpg,lacunarCT-116,0
train/NON-LVO/lacunarCT-116/19.jpg,lacunarCT-116,0
train/NON-LVO/lacunarCT-116/20.jpg,lacunarCT-116,0
train/NON-LVO/lacunarCT-116/21.jpg,lacunarCT-116,0
train/NON-LVO/lacunarCT-116/22.jpg,lacunarCT-116,0
train/NON-LVO/lacunarCT-116/23.jpg,lacunarCT-116,0
train/NON-LVO/lacunarCT-116/24.jpg,lacunarCT-116,0
train/NON-LVO/lacunarCT-116/25.jpg,lacunarCT-116,0
train/NON-LVO/lacunarCT-116/26.jpg,lacunarCT-116,0
train/NON-LVO/lacunarCT-116/27.jpg,lacunarCT-116,0
train/NON-LVO/lacunarCT-116/28.jpg,lacunarCT-116,0
train/NON-LVO/lacunarCT-116/29.jpg,lacunarCT-116,0
train/NON-LVO/lacunarCT-116/30.jpg,lacunarCT-116,0
train/NON-LVO/lacunarCT-116/31.jpg,lacunarCT-116,0
train/NON-LVO/lacunarCT-116/32.jpg,lacunarCT-116,0
train/NON-LVO/lacunarCT-116/33.jpg,lacunarCT-116,0
train/NON-LVO/lacunarCT-116/34.jpg,lacunarCT-116,0
train/NON-LVO/lacunarCT-116/35.jpg,lacunarCT-116,0
train/NON-LVO/lacunarCT-116/36.jpg,lacunarCT-116,0
train/NON-LVO/lacunarCT-116/37.jpg,lacunarCT-116,0
train/NON-LVO/lacunarCT-116/38.jpg,lacunarCT-116,0
train/NON-LVO/lacunarCT-116/39.jpg,lacunarCT-116,0
train/NON-LVO/lacunarCT-116/40.jpg,lacunarCT-116,0
train/NON-LVO/lacunarCT-116/41.jpg,lacunarCT-116,0
train/NON-LVO/lacunarCT-116/42.jpg,lacunarCT-116,0
train/NON-LVO/lacunarCT-116/43.jpg,lacunarCT-116,0
train/NON-LVO/lacunarCT-116/44.jpg,lacunarCT-116,0
train/NON-LVO/lacunarCT-116/45.jpg,lacunarCT-116,0
train/NON-LVO/lacunarCT-116/46.jpg,lacunarCT-116,0
train/NON-LVO/lacunarCT-116/47.jpg,lacunarCT-116,0
train/NON-LVO/lacunarCT-116/48.jpg,lacunarCT-116,0
train/NON-LVO/lacunarCT-116/49.jpg,lacunarCT-116,0
train/NON-LVO/lacunarCT-118/01.jpg,lacunarCT-118,0
train/NON-LVO/lacunarCT-118/02.jpg,lacunarCT-118,0
train/NON-LVO/lacunarCT-118/03.jpg,lacunarCT-118,0
train/NON-LVO/lacunarCT-118/04.jpg,lacunarCT-118,0
train/NON-LVO/lacunarCT-118/05.jpg,lacunarCT-118,0
train/NON-LVO/lacunarCT-118/06.jpg,lacunarCT-118,0
train/NON-LVO/lacunarCT-118/07.jpg,lacunarCT-118,0
train/NON-LVO/lacunarCT-118/08.jpg,lacunarCT-118,0
train/NON-LVO/lacunarCT-118/09.jpg,lacunarCT-118,0
train/NON-LVO/lacunarCT-118/10.jpg,lacunarCT-118,0
train/NON-LVO/lacunarCT-118/11.jpg,lacunarCT-118,0
train/NON-LVO/lacunarCT-118/12.jpg,lacunarCT-118,0
train/NON-LVO/lacunarCT-118/13.jpg,lacunarCT-118,0
train/NON-LVO/lacunarCT-118/14.jpg,lacunarCT-118,0
train/NON-LVO/lacunarCT-118/15.jpg,lacunarCT-118,0
train/NON-LVO/lacunarCT-118/16.jpg,lacunarCT-118,0
train/NON-LVO/lacunarCT-118/17.jpg,lacunarCT-118,0
train/NON-LVO/lacunarCT-118/18.jpg,lacunarCT-118,0
train/NON-LVO/lacunarCT-118/19.jpg,lacunarCT-118,0
train/NON-LVO/lacunarCT-118/20.jpg,lacunarCT-118,0
train/NON-LVO/lacunarCT-118/21.jpg,lacunarCT-118,0
train/NON-LVO/lacunarCT-118/22.jpg,lacunarCT-118,0
train/NON-LVO/lacunarCT-118/23.jpg,lacunarCT-118,0
train/NON-LVO/lacunarCT-118/24.jpg,lacunarCT-118,0
train/NON-LVO/lacunarCT-118/25.jpg,lacunarCT-118,0
train/NON-LVO/lacunarCT-118/26.jpg,lacunarCT-118,0
train/NON-LVO/lacunarCT-118/27.jpg,lacunarCT-118,0
train/NON-LVO/lacunarCT-118/28.jpg,lacunarCT-118,0
train/NON-LVO/lacunarCT-118/29.jpg,lacunarCT-118,0
train/NON-LVO/lacunarCT-118/30.jpg,lacunarCT-118,0
train/NON-LVO/lacunarCT-118/31.jpg,lacunarCT-118,0
train/NON-LVO/lacunarCT-118/32.jpg,lacunarCT-118,0
train/NON-LVO/lacunarCT-118/33.jpg,lacunarCT-118,0
train/NON-LVO/lacunarCT-118/34.jpg,lacunarCT-118,0
train/NON-LVO/lacunarCT-118/35.jpg,lacunarCT-118,0
train/NON-LVO/lacunarCT-118/36.jpg,lacunarCT-118,0
train/NON-LVO/lacunarCT-118/37.jpg,lacunarCT-118,0
train/NON-LVO/lacunarCT-118/38.jpg,lacunarCT-118,0
train/NON-LVO/lacunarCT-118/39.jpg,lacunarCT-118,0
train/NON-LVO/lacunarCT-118/40.jpg,lacunarCT-118,0
train/NON-LVO/lacunarCT-118/41.jpg,lacunarCT-118,0
train/NON-LVO/lacunarCT-118/42.jpg,lacunarCT-118,0
train/NON-LVO/lacunarCT-118/43.jpg,lacunarCT-118,0
train/NON-LVO/lacunarCT-118/44.jpg,lacunarCT-118,0
train/NON-LVO/lacunarCT-121/01.jpg,lacunarCT-121,0
train/NON-LVO/lacunarCT-121/02.jpg,lacunarCT-121,0
train/NON-LVO/lacunarCT-121/03.jpg,lacunarCT-121,0
train/NON-LVO/lacunarCT-121/04.jpg,lacunarCT-121,0
train/NON-LVO/lacunarCT-121/05.jpg,lacunarCT-121,0
train/NON-LVO/lacunarCT-121/06.jpg,lacunarCT-121,0
train/NON-LVO/lacunarCT-121/07.jpg,lacunarCT-121,0
train/NON-LVO/lacunarCT-121/08.jpg,lacunarCT-121,0
train/NON-LVO/lacunarCT-121/09.jpg,lacunarCT-121,0
train/NON-LVO/lacunarCT-121/10.jpg,lacunarCT-121,0
train/NON-LVO/lacunarCT-121/11.jpg,lacunarCT-121,0
train/NON-LVO/lacunarCT-121/12.jpg,lacunarCT-121,0
train/NON-LVO/lacunarCT-121/13.jpg,lacunarCT-121,0
train/NON-LVO/lacunarCT-121/14.jpg,lacunarCT-121,0
train/NON-LVO/lacunarCT-121/15.jpg,lacunarCT-121,0
train/NON-LVO/lacunarCT-121/16.jpg,lacunarCT-121,0
train/NON-LVO/lacunarCT-121/17.jpg,lacunarCT-121,0
train/NON-LVO/lacunarCT-121/18.jpg,lacunarCT-121,0
train/NON-LVO/lacunarCT-121/19.jpg,lacunarCT-121,0
train/NON-LVO/lacunarCT-121/20.jpg,lacunarCT-121,0
train/NON-LVO/lacunarCT-121/21.jpg,lacunarCT-121,0
train/NON-LVO/lacunarCT-121/22.jpg,lacunarCT-121,0
train/NON-LVO/lacunarCT-121/23.jpg,lacunarCT-121,0
train/NON-LVO/lacunarCT-121/24.jpg,lacunarCT-121,0
train/NON-LVO/lacunarCT-121/25.jpg,lacunarCT-121,0
train/NON-LVO/lacunarCT-121/26.jpg,lacunarCT-121,0
train/NON-LVO/lacunarCT-121/27.jpg,lacunarCT-121,0
train/NON-LVO/lacunarCT-121/28.jpg,lacunarCT-121,0
train/NON-LVO/lacunarCT-121/29.jpg,lacunarCT-121,0
train/NON-LVO/lacunarCT-121/30.jpg,lacunarCT-121,0
train/NON-LVO/lacunarCT-121/31.jpg,lacunarCT-121,0
train/NON-LVO/lacunarCT-121/32.jpg,lacunarCT-121,0
train/NON-LVO/lacunarCT-121/33.jpg,lacunarCT-121,0
train/NON-LVO/lacunarCT-121/34.jpg,lacunarCT-121,0
train/NON-LVO/lacunarCT-121/35.jpg,lacunarCT-121,0
train/NON-LVO/lacunarCT-121/36.jpg,lacunarCT-121,0
train/NON-LVO/lacunarCT-121/37.jpg,lacunarCT-121,0
train/NON-LVO/lacunarCT-121/38.jpg,lacunarCT-121,0
train/NON-LVO/lacunarCT-121/39.jpg,lacunarCT-121,0
train/NON-LVO/lacunarCT-121/40.jpg,lacunarCT-121,0
train/NON-LVO/lacunarCT-121/41.jpg,lacunarCT-121,0
train/NON-LVO/lacunarCT-121/42.jpg,lacunarCT-121,0
train/NON-LVO/lacunarCT-122/01.jpg,lacunarCT-122,0
train/NON-LVO/lacunarCT-122/02.jpg,lacunarCT-122,0
train/NON-LVO/lacunarCT-122/03.jpg,lacunarCT-122,0
train/NON-LVO/lacunarCT-122/04.jpg,lacunarCT-122,0
train/NON-LVO/lacunarCT-122/05.jpg,lacunarCT-122,0
train/NON-LVO/lacunarCT-122/06.jpg,lacunarCT-122,0
train/NON-LVO/lacunarCT-122/07.jpg,lacunarCT-122,0
train/NON-LVO/lacunarCT-122/08.jpg,lacunarCT-122,0
train/NON-LVO/lacunarCT-122/09.jpg,lacunarCT-122,0
train/NON-LVO/lacunarCT-122/10.jpg,lacunarCT-122,0
train/NON-LVO/lacunarCT-122/11.jpg,lacunarCT-122,0
train/NON-LVO/lacunarCT-122/12.jpg,lacunarCT-122,0
train/NON-LVO/lacunarCT-122/13.jpg,lacunarCT-122,0
train/NON-LVO/lacunarCT-122/14.jpg,lacunarCT-122,0
train/NON-LVO/lacunarCT-122/15.jpg,lacunarCT-122,0
train/NON-LVO/lacunarCT-122/16.jpg,lacunarCT-122,0
train/NON-LVO/lacunarCT-122/17.jpg,lacunarCT-122,0
train/NON-LVO/lacunarCT-122/18.jpg,lacunarCT-122,0
train/NON-LVO/lacunarCT-122/19.jpg,lacunarCT-122,0
train/NON-LVO/lacunarCT-122/20.jpg,lacunarCT-122,0
train/NON-LVO/lacunarCT-122/21.jpg,lacunarCT-122,0
train/NON-LVO/lacunarCT-122/22.jpg,lacunarCT-122,0
train/NON-LVO/lacunarCT-122/23.jpg,lacunarCT-122,0
train/NON-LVO/lacunarCT-122/24.jpg,lacunarCT-122,0
train/NON-LVO/lacunarCT-122/25.jpg,lacunarCT-122,0
train/NON-LVO/lacunarCT-122/26.jpg,lacunarCT-122,0
train/NON-LVO/lacunarCT-122/27.jpg,lacunarCT-122,0
train/NON-LVO/lacunarCT-122/28.jpg,lacunarCT-122,0
train/NON-LVO/lacunarCT-122/29.jpg,lacunarCT-122,0
train/NON-LVO/lacunarCT-122/30.jpg,lacunarCT-122,0
train/NON-LVO/lacunarCT-122/31.jpg,lacunarCT-122,0
train/NON-LVO/lacunarCT-123/01.jpg,lacunarCT-123,0
train/NON-LVO/lacunarCT-123/02.jpg,lacunarCT-123,0
train/NON-LVO/lacunarCT-123/03.jpg,lacunarCT-123,0
train/NON-LVO/lacunarCT-123/04.jpg,lacunarCT-123,0
train/NON-LVO/lacunarCT-123/05.jpg,lacunarCT-123,0
train/NON-LVO/lacunarCT-123/06.jpg,lacunarCT-123,0
train/NON-LVO/lacunarCT-123/07.jpg,lacunarCT-123,0
train/NON-LVO/lacunarCT-123/08.jpg,lacunarCT-123,0
train/NON-LVO/lacunarCT-123/09.jpg,lacunarCT-123,0
train/NON-LVO/lacunarCT-123/10.jpg,lacunarCT-123,0
train/NON-LVO/lacunarCT-123/11.jpg,lacunarCT-123,0
train/NON-LVO/lacunarCT-123/12.jpg,lacunarCT-123,0
train/NON-LVO/lacunarCT-123/13.jpg,lacunarCT-123,0
train/NON-LVO/lacunarCT-123/14.jpg,lacunarCT-123,0
train/NON-LVO/lacunarCT-123/15.jpg,lacunarCT-123,0
train/NON-LVO/lacunarCT-123/16.jpg,lacunarCT-123,0
train/NON-LVO/lacunarCT-123/17.jpg,lacunarCT-123,0
train/NON-LVO/lacunarCT-123/18.jpg,lacunarCT-123,0
train/NON-LVO/lacunarCT-123/19.jpg,lacunarCT-123,0
train/NON-LVO/lacunarCT-123/20.jpg,lacunarCT-123,0
train/NON-LVO/lacunarCT-123/21.jpg,lacunarCT-123,0
train/NON-LVO/lacunarCT-123/22.jpg,lacunarCT-123,0
train/NON-LVO/lacunarCT-123/23.jpg,lacunarCT-123,0
train/NON-LVO/lacunarCT-123/24.jpg,lacunarCT-123,0
train/NON-LVO/lacunarCT-123/25.jpg,lacunarCT-123,0
train/NON-LVO/lacunarCT-123/26.jpg,lacunarCT-123,0
train/NON-LVO/lacunarCT-123/27.jpg,lacunarCT-123,0
train/NON-LVO/lacunarCT-123/28.jpg,lacunarCT-123,0
train/NON-LVO/lacunarCT-123/29.jpg,lacunarCT-123,0
train/NON-LVO/lacunarCT-123/30.jpg,lacunarCT-123,0
train/NON-LVO/lacunarCT-123/31.jpg,lacunarCT-123,0
train/NON-LVO/lacunarCT-123/32.jpg,lacunarCT-123,0
train/NON-LVO/lacunarCT-123/33.jpg,lacunarCT-123,0
train/NON-LVO/lacunarCT-123/34.jpg,lacunarCT-123,0
train/NON-LVO/lacunarCT-123/35.jpg,lacunarCT-123,0
train/NON-LVO/lacunarCT-123/36.jpg,lacunarCT-123,0
train/NON-LVO/lacunarCT-123/37.jpg,lacunarCT-123,0
train/NON-LVO/lacunarCT-123/38.jpg,lacunarCT-123,0
train/NON-LVO/lacunarCT-123/39.jpg,lacunarCT-123,0
train/NON-LVO/lacunarCT-123/40.jpg,lacunarCT-123,0
train/NON-LVO/lacunarCT-123/41.jpg,lacunarCT-123,0
train/NON-LVO/lacunarCT-123/42.jpg,lacunarCT-123,0
train/NON-LVO/lacunarCT-123/43.jpg,lacunarCT-123,0
train/NON-LVO/lacunarCT-123/44.jpg,lacunarCT-123,0
train/NON-LVO/lacunarCT-124/01.jpg,lacunarCT-124,0
train/NON-LVO/lacunarCT-124/02.jpg,lacunarCT-124,0
train/NON-LVO/lacunarCT-124/03.jpg,lacunarCT-124,0
train/NON-LVO/lacunarCT-124/04.jpg,lacunarCT-124,0
train/NON-LVO/lacunarCT-124/05.jpg,lacunarCT-124,0
train/NON-LVO/lacunarCT-124/06.jpg,lacunarCT-124,0
train/NON-LVO/lacunarCT-124/07.jpg,lacunarCT-124,0
train/NON-LVO/lacunarCT-124/08.jpg,lacunarCT-124,0
train/NON-LVO/lacunarCT-124/09.jpg,lacunarCT-124,0
train/NON-LVO/lacunarCT-124/10.jpg,lacunarCT-124,0
train/NON-LVO/lacunarCT-124/11.jpg,lacunarCT-124,0
train/NON-LVO/lacunarCT-124/12.jpg,lacunarCT-124,0
train/NON-LVO/lacunarCT-124/13.jpg,lacunarCT-124,0
train/NON-LVO/lacunarCT-124/14.jpg,lacunarCT-124,0
train/NON-LVO/lacunarCT-124/15.jpg,lacunarCT-124,0
train/NON-LVO/lacunarCT-124/16.jpg,lacunarCT-124,0
train/NON-LVO/lacunarCT-124/17.jpg,lacunarCT-124,0
train/NON-LVO/lacunarCT-124/18.jpg,lacunarCT-124,0
train/NON-LVO/lacunarCT-124/19.jpg,lacunarCT-124,0
train/NON-LVO/lacunarCT-124/20.jpg,lacunarCT-124,0
train/NON-LVO/lacunarCT-124/21.jpg,lacunarCT-124,0
train/NON-LVO/lacunarCT-124/22.jpg,lacunarCT-124,0
train/NON-LVO/lacunarCT-124/23.jpg,lacunarCT-124,0
train/NON-LVO/lacunarCT-124/24.jpg,lacunarCT-124,0
train/NON-LVO/lacunarCT-124/25.jpg,lacunarCT-124,0
train/NON-LVO/lacunarCT-124/26.jpg,lacunarCT-124,0
train/NON-LVO/lacunarCT-124/27.jpg,lacunarCT-124,0
train/NON-LVO/lacunarCT-124/28.jpg,lacunarCT-124,0
train/NON-LVO/lacunarCT-124/29.jpg,lacunarCT-124,0
train/NON-LVO/lacunarCT-124/30.jpg,lacunarCT-124,0
train/NON-LVO/lacunarCT-124/31.jpg,lacunarCT-124,0
train/NON-LVO/lacunarCT-124/32.jpg,lacunarCT-124,0
train/NON-LVO/lacunarCT-126/01.jpg,lacunarCT-126,0
train/NON-LVO/lacunarCT-126/02.jpg,lacunarCT-126,0
train/NON-LVO/lacunarCT-126/03.jpg,lacunarCT-126,0
train/NON-LVO/lacunarCT-126/04.jpg,lacunarCT-126,0
train/NON-LVO/lacunarCT-126/05.jpg,lacunarCT-126,0
train/NON-LVO/lacunarCT-126/06.jpg,lacunarCT-126,0
train/NON-LVO/lacunarCT-126/07.jpg,lacunarCT-126,0
train/NON-LVO/lacunarCT-126/08.jpg,lacunarCT-126,0
train/NON-LVO/lacunarCT-126/09.jpg,lacunarCT-126,0
train/NON-LVO/lacunarCT-126/10.jpg,lacunarCT-126,0
train/NON-LVO/lacunarCT-126/11.jpg,lacunarCT-126,0
train/NON-LVO/lacunarCT-126/12.jpg,lacunarCT-126,0
train/NON-LVO/lacunarCT-126/13.jpg,lacunarCT-126,0
train/NON-LVO/lacunarCT-126/14.jpg,lacunarCT-126,0
train/NON-LVO/lacunarCT-126/15.jpg,lacunarCT-126,0
train/NON-LVO/lacunarCT-126/16.jpg,lacunarCT-126,0
train/NON-LVO/lacunarCT-126/17.jpg,lacunarCT-126,0
train/NON-LVO/lacunarCT-126/18.jpg,lacunarCT-126,0
train/NON-LVO/lacunarCT-126/19.jpg,lacunarCT-126,0
train/NON-LVO/lacunarCT-126/20.jpg,lacunarCT-126,0
train/NON-LVO/lacunarCT-126/21.jpg,lacunarCT-126,0
train/NON-LVO/lacunarCT-126/22.jpg,lacunarCT-126,0
train/NON-LVO/lacunarCT-126/23.jpg,lacunarCT-126,0
train/NON-LVO/lacunarCT-126/24.jpg,lacunarCT-126,0
train/NON-LVO/lacunarCT-126/25.jpg,lacunarCT-126,0
train/NON-LVO/lacunarCT-126/26.jpg,lacunarCT-126,0
train/NON-LVO/lacunarCT-126/27.jpg,lacunarCT-126,0
train/NON-LVO/lacunarCT-126/28.jpg,lacunarCT-126,0
train/NON-LVO/lacunarCT-126/29.jpg,lacunarCT-126,0
train/NON-LVO/lacunarCT-126/30.jpg,lacunarCT-126,0
train/NON-LVO/lacunarCT-126/31.jpg,lacunarCT-126,0
train/NON-LVO/lacunarCT-126/32.jpg,lacunarCT-126,0
train/NON-LVO/lacunarCT-126/33.jpg,lacunarCT-126,0
train/NON-LVO/lacunarCT-126/34.jpg,lacunarCT-126,0
train/NON-LVO/lacunarCT-126/35.jpg,lacunarCT-126,0
train/NON-LVO/lacunarCT-126/36.jpg,lacunarCT-126,0
train/NON-LVO/lacunarCT-126/37.jpg,lacunarCT-126,0
train/NON-LVO/lacunarCT-128/01.jpg,lacunarCT-128,0
train/NON-LVO/lacunarCT-128/02.jpg,lacunarCT-128,0
train/NON-LVO/lacunarCT-128/03.jpg,lacunarCT-128,0
train/NON-LVO/lacunarCT-128/04.jpg,lacunarCT-128,0
train/NON-LVO/lacunarCT-128/05.jpg,lacunarCT-128,0
train/NON-LVO/lacunarCT-128/06.jpg,lacunarCT-128,0
train/NON-LVO/lacunarCT-128/07.jpg,lacunarCT-128,0
train/NON-LVO/lacunarCT-128/08.jpg,lacunarCT-128,0
train/NON-LVO/lacunarCT-128/09.jpg,lacunarCT-128,0
train/NON-LVO/lacunarCT-128/10.jpg,lacunarCT-128,0
train/NON-LVO/lacunarCT-128/11.jpg,lacunarCT-128,0
train/NON-LVO/lacunarCT-128/12.jpg,lacunarCT-128,0
train/NON-LVO/lacunarCT-128/13.jpg,lacunarCT-128,0
train/NON-LVO/lacunarCT-128/14.jpg,lacunarCT-128,0
train/NON-LVO/lacunarCT-128/15.jpg,lacunarCT-128,0
train/NON-LVO/lacunarCT-128/16.jpg,lacunarCT-128,0
train/NON-LVO/lacunarCT-128/17.jpg,lacunarCT-128,0
train/NON-LVO/lacunarCT-128/18.jpg,lacunarCT-128,0
train/NON-LVO/lacunarCT-128/19.jpg,lacunarCT-128,0
train/NON-LVO/lacunarCT-128/20.jpg,lacunarCT-128,0
train/NON-LVO/lacunarCT-128/21.jpg,lacunarCT-128,0
train/NON-LVO/lacunarCT-128/22.jpg,lacunarCT-128,0
train/NON-LVO/lacunarCT-128/23.jpg,lacunarCT-128,0
train/NON-LVO/lacunarCT-128/24.jpg,lacunarCT-128,0
train/NON-LVO/lacunarCT-128/25.jpg,lacunarCT-128,0
train/NON-LVO/lacunarCT-128/26.jpg,lacunarCT-128,0
train/NON-LVO/lacunarCT-128/27.jpg,lacunarCT-128,0
train/NON-LVO/lacunarCT-128/28.jpg,lacunarCT-128,0
train/NON-LVO/lacunarCT-128/29.jpg,lacunarCT-128,0
train/NON-LVO/lacunarCT-128/30.jpg,lacunarCT-128,0
train/NON-LVO/lacunarCT-128/31.jpg,lacunarCT-128,0
train/NON-LVO/lacunarCT-128/32.jpg,lacunarCT-128,0
train/NON-LVO/lacunarCT-128/33.jpg,lacunarCT-128,0
train/NON-LVO/lacunarCT-128/34.jpg,lacunarCT-128,0
train/NON-LVO/lacunarCT-128/35.jpg,lacunarCT-128,0
train/NON-LVO/lacunarCT-128/36.jpg,lacunarCT-128,0
train/NON-LVO/lacunarCT-128/37.jpg,lacunarCT-128,0
train/NON-LVO/lacunarCT-128/38.jpg,lacunarCT-128,0
train/NON-LVO/lacunarCT-128/39.jpg,lacunarCT-128,0
train/NON-LVO/lacunarCT-128/40.jpg,lacunarCT-128,0
train/NON-LVO/lacunarCT-128/41.jpg,lacunarCT-128,0
train/NON-LVO/lacunarCT-129/01.jpg,lacunarCT-129,0
train/NON-LVO/lacunarCT-129/02.jpg,lacunarCT-129,0
train/NON-LVO/lacunarCT-129/03.jpg,lacunarCT-129,0
train/NON-LVO/lacunarCT-129/04.jpg,lacunarCT-129,0
train/NON-LVO/lacunarCT-129/05.jpg,lacunarCT-129,0
train/NON-LVO/lacunarCT-129/06.jpg,lacunarCT-129,0
train/NON-LVO/lacunarCT-129/07.jpg,lacunarCT-129,0
train/NON-LVO/lacunarCT-129/08.jpg,lacunarCT-129,0
train/NON-LVO/lacunarCT-129/09.jpg,lacunarCT-129,0
train/NON-LVO/lacunarCT-129/10.jpg,lacunarCT-129,0
train/NON-LVO/lacunarCT-129/11.jpg,lacunarCT-129,0
train/NON-LVO/lacunarCT-129/12.jpg,lacunarCT-129,0
train/NON-LVO/lacunarCT-129/13.jpg,lacunarCT-129,0
train/NON-LVO/lacunarCT-129/14.jpg,lacunarCT-129,0
train/NON-LVO/lacunarCT-129/15.jpg,lacunarCT-129,0
train/NON-LVO/lacunarCT-129/16.jpg,lacunarCT-129,0
train/NON-LVO/lacunarCT-129/17.jpg,lacunarCT-129,0
train/NON-LVO/lacunarCT-129/18.jpg,lacunarCT-129,0
train/NON-LVO/lacunarCT-129/19.jpg,lacunarCT-129,0
train/NON-LVO/lacunarCT-129/20.jpg,lacunarCT-129,0
train/NON-LVO/lacunarCT-129/21.jpg,lacunarCT-129,0
train/NON-LVO/lacunarCT-129/22.jpg,lacunarCT-129,0
train/NON-LVO/lacunarCT-129/23.jpg,lacunarCT-129,0
train/NON-LVO/lacunarCT-129/24.jpg,lacunarCT-129,0
train/NON-LVO/lacunarCT-129/25.jpg,lacunarCT-129,0
train/NON-LVO/lacunarCT-129/26.jpg,lacunarCT-129,0
train/NON-LVO/lacunarCT-129/27.jpg,lacunarCT-129,0
train/NON-LVO/lacunarCT-129/28.jpg,lacunarCT-129,0
train/NON-LVO/lacunarCT-129/29.jpg,lacunarCT-129,0
train/NON-LVO/lacunarCT-129/30.jpg,lacunarCT-129,0
train/NON-LVO/lacunarCT-129/31.jpg,lacunarCT-129,0
train/NON-LVO/lacunarCT-129/32.jpg,lacunarCT-129,0
train/NON-LVO/lacunarCT-129/33.jpg,lacunarCT-129,0
train/NON-LVO/lacunarCT-129/34.jpg,lacunarCT-129,0
train/NON-LVO/lacunarCT-129/35.jpg,lacunarCT-129,0
train/NON-LVO/lacunarCT-129/36.jpg,lacunarCT-129,0
train/NON-LVO/lacunarCT-129/37.jpg,lacunarCT-129,0
train/NON-LVO/lacunarCT-129/38.jpg,lacunarCT-129,0
train/NON-LVO/lacunarCT-129/39.jpg,lacunarCT-129,0
train/NON-LVO/lacunarCT-129/40.jpg,lacunarCT-129,0
train/NON-LVO/lacunarCT-129/41.jpg,lacunarCT-129,0
train/NON-LVO/lacunarCT-129/42.jpg,lacunarCT-129,0
train/NON-LVO/lacunarCT-129/43.jpg,lacunarCT-129,0
train/NON-LVO/lacunarCT-129/44.jpg,lacunarCT-129,0
train/NON-LVO/lacunarCT-129/45.jpg,lacunarCT-129,0
train/NON-LVO/lacunarCT-130/01.jpg,lacunarCT-130,0
train/NON-LVO/lacunarCT-130/02.jpg,lacunarCT-130,0
train/NON-LVO/lacunarCT-130/03.jpg,lacunarCT-130,0
train/NON-LVO/lacunarCT-130/04.jpg,lacunarCT-130,0
train/NON-LVO/lacunarCT-130/05.jpg,lacunarCT-130,0
train/NON-LVO/lacunarCT-130/06.jpg,lacunarCT-130,0
train/NON-LVO/lacunarCT-130/07.jpg,lacunarCT-130,0
train/NON-LVO/lacunarCT-130/08.jpg,lacunarCT-130,0
train/NON-LVO/lacunarCT-130/09.jpg,lacunarCT-130,0
train/NON-LVO/lacunarCT-130/10.jpg,lacunarCT-130,0
train/NON-LVO/lacunarCT-130/11.jpg,lacunarCT-130,0
train/NON-LVO/lacunarCT-130/12.jpg,lacunarCT-130,0
train/NON-LVO/lacunarCT-130/13.jpg,lacunarCT-130,0
train/NON-LVO/lacunarCT-130/14.jpg,lacunarCT-130,0
train/NON-LVO/lacunarCT-130/15.jpg,lacunarCT-130,0
train/NON-LVO/lacunarCT-130/16.jpg,lacunarCT-130,0
train/NON-LVO/lacunarCT-130/17.jpg,lacunarCT-130,0
train/NON-LVO/lacunarCT-130/18.jpg,lacunarCT-130,0
train/NON-LVO/lacunarCT-130/19.jpg,lacunarCT-130,0
train/NON-LVO/lacunarCT-130/20.jpg,lacunarCT-130,0
train/NON-LVO/lacunarCT-130/21.jpg,lacunarCT-130,0
train/NON-LVO/lacunarCT-130/22.jpg,lacunarCT-130,0
train/NON-LVO/lacunarCT-130/23.jpg,lacunarCT-130,0
train/NON-LVO/lacunarCT-130/24.jpg,lacunarCT-130,0
train/NON-LVO/lacunarCT-130/25.jpg,lacunarCT-130,0
train/NON-LVO/lacunarCT-130/26.jpg,lacunarCT-130,0
train/NON-LVO/lacunarCT-130/27.jpg,lacunarCT-130,0
train/NON-LVO/lacunarCT-130/28.jpg,lacunarCT-130,0
train/NON-LVO/lacunarCT-130/29.jpg,lacunarCT-130,0
train/NON-LVO/lacunarCT-130/30.jpg,lacunarCT-130,0
train/NON-LVO/lacunarCT-130/31.jpg,lacunarCT-130,0
train/NON-LVO/lacunarCT-130/32.jpg,lacunarCT-130,0
train/NON-LVO/lacunarCT-130/33.jpg,lacunarCT-130,0
train/NON-LVO/lacunarCT-130/34.jpg,lacunarCT-130,0
train/NON-LVO/lacunarCT-130/35.jpg,lacunarCT-130,0
train/NON-LVO/lacunarCT-130/36.jpg,lacunarCT-130,0
train/NON-LVO/lacunarCT-130/37.jpg,lacunarCT-130,0
train/NON-LVO/lacunarCT-130/38.jpg,lacunarCT-130,0
train/NON-LVO/lacunarCT-130/39.jpg,lacunarCT-130,0
train/NON-LVO/lacunarCT-130/40.jpg,lacunarCT-130,0
train/NON-LVO/lacunarCT-130/41.jpg,lacunarCT-130,0
train/NON-LVO/lacunarCT-130/42.jpg,lacunarCT-130,0
train/NON-LVO/lacunarCT-130/43.jpg,lacunarCT-130,0
train/NON-LVO/lacunarCT-130/44.jpg,lacunarCT-130,0
train/NON-LVO/lacunarCT-131/01.jpg,lacunarCT-131,0
train/NON-LVO/lacunarCT-131/02.jpg,lacunarCT-131,0
train/NON-LVO/lacunarCT-131/03.jpg,lacunarCT-131,0
train/NON-LVO/lacunarCT-131/04.jpg,lacunarCT-131,0
train/NON-LVO/lacunarCT-131/05.jpg,lacunarCT-131,0
train/NON-LVO/lacunarCT-131/06.jpg,lacunarCT-131,0
train/NON-LVO/lacunarCT-131/07.jpg,lacunarCT-131,0
train/NON-LVO/lacunarCT-131/08.jpg,lacunarCT-131,0
train/NON-LVO/lacunarCT-131/09.jpg,lacunarCT-131,0
train/NON-LVO/lacunarCT-131/10.jpg,lacunarCT-131,0
train/NON-LVO/lacunarCT-131/11.jpg,lacunarCT-131,0
train/NON-LVO/lacunarCT-131/12.jpg,lacunarCT-131,0
train/NON-LVO/lacunarCT-131/13.jpg,lacunarCT-131,0
train/NON-LVO/lacunarCT-131/14.jpg,lacunarCT-131,0
train/NON-LVO/lacunarCT-131/15.jpg,lacunarCT-131,0
train/NON-LVO/lacunarCT-131/16.jpg,lacunarCT-131,0
train/NON-LVO/lacunarCT-131/17.jpg,lacunarCT-131,0
train/NON-LVO/lacunarCT-131/18.jpg,lacunarCT-131,0
train/NON-LVO/lacunarCT-131/19.jpg,lacunarCT-131,0
train/NON-LVO/lacunarCT-131/20.jpg,lacunarCT-131,0
train/NON-LVO/lacunarCT-131/21.jpg,lacunarCT-131,0
train/NON-LVO/lacunarCT-131/22.jpg,lacunarCT-131,0
train/NON-LVO/lacunarCT-131/23.jpg,lacunarCT-131,0
train/NON-LVO/lacunarCT-131/24.jpg,lacunarCT-131,0
train/NON-LVO/lacunarCT-131/25.jpg,lacunarCT-131,0
train/NON-LVO/lacunarCT-131/26.jpg,lacunarCT-131,0
train/NON-LVO/lacunarCT-131/27.jpg,lacunarCT-131,0
train/NON-LVO/lacunarCT-131/28.jpg,lacunarCT-131,0
train/NON-LVO/lacunarCT-131/29.jpg,lacunarCT-131,0
train/NON-LVO/lacunarCT-131/30.jpg,lacunarCT-131,0
train/NON-LVO/lacunarCT-131/31.jpg,lacunarCT-131,0
train/NON-LVO/lacunarCT-131/32.jpg,lacunarCT-131,0
train/NON-LVO/lacunarCT-131/33.jpg,lacunarCT-131,0
train/NON-LVO/lacunarCT-131/34.jpg,lacunarCT-131,0
train/NON-LVO/lacunarCT-131/35.jpg,lacunarCT-131,0
train/NON-LVO/lacunarCT-131/36.jpg,lacunarCT-131,0
train/NON-LVO/lacunarCT-131/37.jpg,lacunarCT-131,0
train/NON-LVO/lacunarCT-131/38.jpg,lacunarCT-131,0
train/NON-LVO/lacunarCT-131/39.jpg,lacunarCT-131,0
train/NON-LVO/lacunarCT-131/40.jpg,lacunarCT-131,0
train/NON-LVO/lacunarCT-131/41.jpg,lacunarCT-131,0
train/NON-LVO/lacunarCT-131/42.jpg,lacunarCT-131,0
train/NON-LVO/lacunarCT-131/43.jpg,lacunarCT-131,0
train/NON-LVO/lacunarCT-131/44.jpg,lacunarCT-131,0
train/NON-LVO/lacunarCT-131/45.jpg,lacunarCT-131,0
train/NON-LVO/lacunarCT-132/01.jpg,lacunarCT-132,0
train/NON-LVO/lacunarCT-132/02.jpg,lacunarCT-132,0
train/NON-LVO/lacunarCT-132/03.jpg,lacunarCT-132,0
train/NON-LVO/lacunarCT-132/04.jpg,lacunarCT-132,0
train/NON-LVO/lacunarCT-132/05.jpg,lacunarCT-132,0
train/NON-LVO/lacunarCT-132/06.jpg,lacunarCT-132,0
train/NON-LVO/lacunarCT-132/07.jpg,lacunarCT-132,0
train/NON-LVO/lacunarCT-132/08.jpg,lacunarCT-132,0
train/NON-LVO/lacunarCT-132/09.jpg,lacunarCT-132,0
train/NON-LVO/lacunarCT-132/10.jpg,lacunarCT-132,0
train/NON-LVO/lacunarCT-132/11.jpg,lacunarCT-132,0
train/NON-LVO/lacunarCT-132/12.jpg,lacunarCT-132,0
train/NON-LVO/lacunarCT-132/13.jpg,lacunarCT-132,0
train/NON-LVO/lacunarCT-132/14.jpg,lacunarCT-132,0
train/NON-LVO/lacunarCT-132/15.jpg,lacunarCT-132,0
train/NON-LVO/lacunarCT-132/16.jpg,lacunarCT-132,0
train/NON-LVO/lacunarCT-132/17.jpg,lacunarCT-132,0
train/NON-LVO/lacunarCT-132/18.jpg,lacunarCT-132,0
train/NON-LVO/lacunarCT-132/19.jpg,lacunarCT-132,0
train/NON-LVO/lacunarCT-132/20.jpg,lacunarCT-132,0
train/NON-LVO/lacunarCT-132/21.jpg,lacunarCT-132,0
train/NON-LVO/lacunarCT-132/22.jpg,lacunarCT-132,0
train/NON-LVO/lacunarCT-132/23.jpg,lacunarCT-132,0
train/NON-LVO/lacunarCT-132/24.jpg,lacunarCT-132,0
train/NON-LVO/lacunarCT-132/25.jpg,lacunarCT-132,0
train/NON-LVO/lacunarCT-132/26.jpg,lacunarCT-132,0
train/NON-LVO/lacunarCT-132/27.jpg,lacunarCT-132,0
train/NON-LVO/lacunarCT-132/28.jpg,lacunarCT-132,0
train/NON-LVO/lacunarCT-132/29.jpg,lacunarCT-132,0
train/NON-LVO/lacunarCT-132/30.jpg,lacunarCT-132,0
train/NON-LVO/lacunarCT-132/31.jpg,lacunarCT-132,0
train/NON-LVO/lacunarCT-132/32.jpg,lacunarCT-132,0
train/NON-LVO/lacunarCT-132/33.jpg,lacunarCT-132,0
train/NON-LVO/lacunarCT-132/34.jpg,lacunarCT-132,0
train/NON-LVO/lacunarCT-132/35.jpg,lacunarCT-132,0
train/NON-LVO/lacunarCT-132/36.jpg,lacunarCT-132,0
train/NON-LVO/lacunarCT-132/37.jpg,lacunarCT-132,0
train/NON-LVO/lacunarCT-132/38.jpg,lacunarCT-132,0
train/NON-LVO/lacunarCT-132/39.jpg,lacunarCT-132,0
train/NON-LVO/lacunarCT-132/40.jpg,lacunarCT-132,0
train/NON-LVO/lacunarCT-132/41.jpg,lacunarCT-132,0
train/NON-LVO/lacunarCT-132/42.jpg,lacunarCT-132,0
train/NON-LVO/lacunarCT-132/43.jpg,lacunarCT-132,0
train/NON-LVO/lacunarCT-132/44.jpg,lacunarCT-132,0
train/NON-LVO/lacunarCT-134/01.jpg,lacunarCT-134,0
train/NON-LVO/lacunarCT-134/02.jpg,lacunarCT-134,0
train/NON-LVO/lacunarCT-134/03.jpg,lacunarCT-134,0
train/NON-LVO/lacunarCT-134/04.jpg,lacunarCT-134,0
train/NON-LVO/lacunarCT-134/05.jpg,lacunarCT-134,0
train/NON-LVO/lacunarCT-134/06.jpg,lacunarCT-134,0
train/NON-LVO/lacunarCT-134/07.jpg,lacunarCT-134,0
train/NON-LVO/lacunarCT-134/08.jpg,lacunarCT-134,0
train/NON-LVO/lacunarCT-134/09.jpg,lacunarCT-134,0
train/NON-LVO/lacunarCT-134/10.jpg,lacunarCT-134,0
train/NON-LVO/lacunarCT-134/11.jpg,lacunarCT-134,0
train/NON-LVO/lacunarCT-134/12.jpg,lacunarCT-134,0
train/NON-LVO/lacunarCT-134/13.jpg,lacunarCT-134,0
train/NON-LVO/lacunarCT-134/14.jpg,lacunarCT-134,0
train/NON-LVO/lacunarCT-134/15.jpg,lacunarCT-134,0
train/NON-LVO/lacunarCT-134/16.jpg,lacunarCT-134,0
train/NON-LVO/lacunarCT-134/17.jpg,lacunarCT-134,0
train/NON-LVO/lacunarCT-134/18.jpg,lacunarCT-134,0
train/NON-LVO/lacunarCT-134/19.jpg,lacunarCT-134,0
train/NON-LVO/lacunarCT-134/20.jpg,lacunarCT-134,0
train/NON-LVO/lacunarCT-134/21.jpg,lacunarCT-134,0
train/NON-LVO/lacunarCT-134/22.jpg,lacunarCT-134,0
train/NON-LVO/lacunarCT-134/23.jpg,lacunarCT-134,0
train/NON-LVO/lacunarCT-134/24.jpg,lacunarCT-134,0
train/NON-LVO/lacunarCT-134/25.jpg,lacunarCT-134,0
train/NON-LVO/lacunarCT-134/26.jpg,lacunarCT-134,0
train/NON-LVO/lacunarCT-134/27.jpg,lacunarCT-134,0
train/NON-LVO/lacunarCT-134/28.jpg,lacunarCT-134,0
train/NON-LVO/lacunarCT-134/29.jpg,lacunarCT-134,0
train/NON-LVO/lacunarCT-134/30.jpg,lacunarCT-134,0
train/NON-LVO/lacunarCT-134/31.jpg,lacunarCT-134,0
train/NON-LVO/lacunarCT-134/32.jpg,lacunarCT-134,0
train/NON-LVO/lacunarCT-134/33.jpg,lacunarCT-134,0
train/NON-LVO/lacunarCT-134/34.jpg,lacunarCT-134,0
train/NON-LVO/lacunarCT-134/35.jpg,lacunarCT-134,0
train/NON-LVO/lacunarCT-134/36.jpg,lacunarCT-134,0
train/NON-LVO/lacunarCT-134/37.jpg,lacunarCT-134,0
train/NON-LVO/lacunarCT-134/38.jpg,lacunarCT-134,0
train/NON-LVO/lacunarCT-134/39.jpg,lacunarCT-134,0
train/NON-LVO/lacunarCT-134/40.jpg,lacunarCT-134,0
train/NON-LVO/lacunarCT-134/41.jpg,lacunarCT-134,0
train/NON-LVO/lacunarCT-134/42.jpg,lacunarCT-134,0
train/NON-LVO/lacunarCT-134/43.jpg,lacunarCT-134,0
train/NON-LVO/lacunarCT-134/44.jpg,lacunarCT-134,0
train/NON-LVO/lacunarCT-135/01.jpg,lacunarCT-135,0
train/NON-LVO/lacunarCT-135/02.jpg,lacunarCT-135,0
train/NON-LVO/lacunarCT-135/03.jpg,lacunarCT-135,0
train/NON-LVO/lacunarCT-135/04.jpg,lacunarCT-135,0
train/NON-LVO/lacunarCT-135/05.jpg,lacunarCT-135,0
train/NON-LVO/lacunarCT-135/06.jpg,lacunarCT-135,0
train/NON-LVO/lacunarCT-135/07.jpg,lacunarCT-135,0
train/NON-LVO/lacunarCT-135/08.jpg,lacunarCT-135,0
train/NON-LVO/lacunarCT-135/09.jpg,lacunarCT-135,0
train/NON-LVO/lacunarCT-135/10.jpg,lacunarCT-135,0
train/NON-LVO/lacunarCT-135/11.jpg,lacunarCT-135,0
train/NON-LVO/lacunarCT-135/12.jpg,lacunarCT-135,0
train/NON-LVO/lacunarCT-135/13.jpg,lacunarCT-135,0
train/NON-LVO/lacunarCT-135/14.jpg,lacunarCT-135,0
train/NON-LVO/lacunarCT-135/15.jpg,lacunarCT-135,0
train/NON-LVO/lacunarCT-135/16.jpg,lacunarCT-135,0
train/NON-LVO/lacunarCT-135/17.jpg,lacunarCT-135,0
train/NON-LVO/lacunarCT-135/18.jpg,lacunarCT-135,0
train/NON-LVO/lacunarCT-135/19.jpg,lacunarCT-135,0
train/NON-LVO/lacunarCT-135/20.jpg,lacunarCT-135,0
train/NON-LVO/lacunarCT-135/21.jpg,lacunarCT-135,0
train/NON-LVO/lacunarCT-135/22.jpg,lacunarCT-135,0
train/NON-LVO/lacunarCT-135/23.jpg,lacunarCT-135,0
train/NON-LVO/lacunarCT-135/24.jpg,lacunarCT-135,0
train/NON-LVO/lacunarCT-135/25.jpg,lacunarCT-135,0
train/NON-LVO/lacunarCT-135/26.jpg,lacunarCT-135,0
train/NON-LVO/lacunarCT-135/27.jpg,lacunarCT-135,0
train/NON-LVO/lacunarCT-135/28.jpg,lacunarCT-135,0
train/NON-LVO/lacunarCT-135/29.jpg,lacunarCT-135,0
train/NON-LVO/lacunarCT-135/30.jpg,lacunarCT-135,0
train/NON-LVO/lacunarCT-135/31.jpg,lacunarCT-135,0
train/NON-LVO/lacunarCT-135/32.jpg,lacunarCT-135,0
train/NON-LVO/lacunarCT-135/34.jpg,lacunarCT-135,0
train/NON-LVO/lacunarCT-135/35.jpg,lacunarCT-135,0
train/NON-LVO/lacunarCT-135/36.jpg,lacunarCT-135,0
train/NON-LVO/lacunarCT-135/37.jpg,lacunarCT-135,0
train/NON-LVO/lacunarCT-135/38.jpg,lacunarCT-135,0
train/NON-LVO/lacunarCT-135/39.jpg,lacunarCT-135,0
train/NON-LVO/lacunarCT-135/40.jpg,lacunarCT-135,0
train/NON-LVO/lacunarCT-135/41.jpg,lacunarCT-135,0
train/NON-LVO/lacunarCT-135/42.jpg,lacunarCT-135,0
train/NON-LVO/lacunarCT-135/43.jpg,lacunarCT-135,0
train/NON-LVO/lacunarCT-135/44.jpg,lacunarCT-135,0
train/NON-LVO/lacunarCT-136/01.jpg,lacunarCT-136,0
train/NON-LVO/lacunarCT-136/02.jpg,lacunarCT-136,0
train/NON-LVO/lacunarCT-136/03.jpg,lacunarCT-136,0
train/NON-LVO/lacunarCT-136/04.jpg,lacunarCT-136,0
train/NON-LVO/lacunarCT-136/05.jpg,lacunarCT-136,0
train/NON-LVO/lacunarCT-136/06.jpg,lacunarCT-136,0
train/NON-LVO/lacunarCT-136/07.jpg,lacunarCT-136,0
train/NON-LVO/lacunarCT-136/08.jpg,lacunarCT-136,0
train/NON-LVO/lacunarCT-136/09.jpg,lacunarCT-136,0
train/NON-LVO/lacunarCT-136/10.jpg,lacunarCT-136,0
train/NON-LVO/lacunarCT-136/11.jpg,lacunarCT-136,0
train/NON-LVO/lacunarCT-136/12.jpg,lacunarCT-136,0
train/NON-LVO/lacunarCT-136/13.jpg,lacunarCT-136,0
train/NON-LVO/lacunarCT-136/14.jpg,lacunarCT-136,0
train/NON-LVO/lacunarCT-136/15.jpg,lacunarCT-136,0
train/NON-LVO/lacunarCT-136/16.jpg,lacunarCT-136,0
train/NON-LVO/lacunarCT-136/17.jpg,lacunarCT-136,0
train/NON-LVO/lacunarCT-136/18.jpg,lacunarCT-136,0
train/NON-LVO/lacunarCT-136/19.jpg,lacunarCT-136,0
train/NON-LVO/lacunarCT-136/20.jpg,lacunarCT-136,0
train/NON-LVO/lacunarCT-136/21.jpg,lacunarCT-136,0
train/NON-LVO/lacunarCT-136/22.jpg,lacunarCT-136,0
train/NON-LVO/lacunarCT-136/23.jpg,lacunarCT-136,0
train/NON-LVO/lacunarCT-136/24.jpg,lacunarCT-136,0
train/NON-LVO/lacunarCT-136/25.jpg,lacunarCT-136,0
train/NON-LVO/lacunarCT-136/26.jpg,lacunarCT-136,0
train/NON-LVO/lacunarCT-136/27.jpg,lacunarCT-136,0
train/NON-LVO/lacunarCT-136/28.jpg,lacunarCT-136,0
train/NON-LVO/lacunarCT-136/29.jpg,lacunarCT-136,0
train/NON-LVO/lacunarCT-136/30.jpg,lacunarCT-136,0
train/NON-LVO/lacunarCT-136/31.jpg,lacunarCT-136,0
train/NON-LVO/lacunarCT-136/32.jpg,lacunarCT-136,0
train/NON-LVO/lacunarCT-136/33.jpg,lacunarCT-136,0
train/NON-LVO/lacunarCT-136/34.jpg,lacunarCT-136,0
train/NON-LVO/lacunarCT-136/35.jpg,lacunarCT-136,0
train/NON-LVO/lacunarCT-136/36.jpg,lacunarCT-136,0
train/NON-LVO/lacunarCT-136/37.jpg,lacunarCT-136,0
train/NON-LVO/lacunarCT-136/38.jpg,lacunarCT-136,0
train/NON-LVO/lacunarCT-136/39.jpg,lacunarCT-136,0
train/NON-LVO/lacunarCT-136/40.jpg,lacunarCT-136,0
train/NON-LVO/lacunarCT-136/41.jpg,lacunarCT-136,0
train/NON-LVO/lacunarCT-136/42.jpg,lacunarCT-136,0
train/NON-LVO/lacunarCT-136/43.jpg,lacunarCT-136,0
train/NON-LVO/lacunarCT-137/01.jpg,lacunarCT-137,0
train/NON-LVO/lacunarCT-137/02.jpg,lacunarCT-137,0
train/NON-LVO/lacunarCT-137/03.jpg,lacunarCT-137,0
train/NON-LVO/lacunarCT-137/04.jpg,lacunarCT-137,0
train/NON-LVO/lacunarCT-137/05.jpg,lacunarCT-137,0
train/NON-LVO/lacunarCT-137/06.jpg,lacunarCT-137,0
train/NON-LVO/lacunarCT-137/07.jpg,lacunarCT-137,0
train/NON-LVO/lacunarCT-137/08.jpg,lacunarCT-137,0
train/NON-LVO/lacunarCT-137/09.jpg,lacunarCT-137,0
train/NON-LVO/lacunarCT-137/10.jpg,lacunarCT-137,0
train/NON-LVO/lacunarCT-137/11.jpg,lacunarCT-137,0
train/NON-LVO/lacunarCT-137/12.jpg,lacunarCT-137,0
train/NON-LVO/lacunarCT-137/13.jpg,lacunarCT-137,0
train/NON-LVO/lacunarCT-137/14.jpg,lacunarCT-137,0
train/NON-LVO/lacunarCT-137/15.jpg,lacunarCT-137,0
train/NON-LVO/lacunarCT-137/16.jpg,lacunarCT-137,0
train/NON-LVO/lacunarCT-137/17.jpg,lacunarCT-137,0
train/NON-LVO/lacunarCT-137/18.jpg,lacunarCT-137,0
train/NON-LVO/lacunarCT-137/19.jpg,lacunarCT-137,0
train/NON-LVO/lacunarCT-137/20.jpg,lacunarCT-137,0
train/NON-LVO/lacunarCT-137/21.jpg,lacunarCT-137,0
train/NON-LVO/lacunarCT-137/22.jpg,lacunarCT-137,0
train/NON-LVO/lacunarCT-137/23.jpg,lacunarCT-137,0
train/NON-LVO/lacunarCT-137/24.jpg,lacunarCT-137,0
train/NON-LVO/lacunarCT-137/25.jpg,lacunarCT-137,0
train/NON-LVO/lacunarCT-137/26.jpg,lacunarCT-137,0
train/NON-LVO/lacunarCT-137/27.jpg,lacunarCT-137,0
train/NON-LVO/lacunarCT-137/28.jpg,lacunarCT-137,0
train/NON-LVO/lacunarCT-137/29.jpg,lacunarCT-137,0
train/NON-LVO/lacunarCT-137/30.jpg,lacunarCT-137,0
train/NON-LVO/lacunarCT-137/31.jpg,lacunarCT-137,0
train/NON-LVO/lacunarCT-137/32.jpg,lacunarCT-137,0
train/NON-LVO/lacunarCT-137/33.jpg,lacunarCT-137,0
train/NON-LVO/lacunarCT-137/34.jpg,lacunarCT-137,0
train/NON-LVO/lacunarCT-137/35.jpg,lacunarCT-137,0
train/NON-LVO/lacunarCT-137/36.jpg,lacunarCT-137,0
train/NON-LVO/lacunarCT-137/37.jpg,lacunarCT-137,0
train/NON-LVO/lacunarCT-137/38.jpg,lacunarCT-137,0
train/NON-LVO/lacunarCT-137/39.jpg,lacunarCT-137,0
train/NON-LVO/lacunarCT-137/40.jpg,lacunarCT-137,0
train/NON-LVO/lacunarCT-137/41.jpg,lacunarCT-137,0
train/NON-LVO/lacunarCT-137/42.jpg,lacunarCT-137,0
train/NON-LVO/lacunarCT-137/43.jpg,lacunarCT-137,0
train/NON-LVO/lacunarCT-137/44.jpg,lacunarCT-137,0
train/NON-LVO/lacunarCT-138/01.jpg,lacunarCT-138,0
train/NON-LVO/lacunarCT-138/02.jpg,lacunarCT-138,0
train/NON-LVO/lacunarCT-138/03.jpg,lacunarCT-138,0
train/NON-LVO/lacunarCT-138/04.jpg,lacunarCT-138,0
train/NON-LVO/lacunarCT-138/05.jpg,lacunarCT-138,0
train/NON-LVO/lacunarCT-138/06.jpg,lacunarCT-138,0
train/NON-LVO/lacunarCT-138/07.jpg,lacunarCT-138,0
train/NON-LVO/lacunarCT-138/08.jpg,lacunarCT-138,0
train/NON-LVO/lacunarCT-138/09.jpg,lacunarCT-138,0
train/NON-LVO/lacunarCT-138/10.jpg,lacunarCT-138,0
train/NON-LVO/lacunarCT-138/11.jpg,lacunarCT-138,0
train/NON-LVO/lacunarCT-138/12.jpg,lacunarCT-138,0
train/NON-LVO/lacunarCT-138/13.jpg,lacunarCT-138,0
train/NON-LVO/lacunarCT-138/14.jpg,lacunarCT-138,0
train/NON-LVO/lacunarCT-138/15.jpg,lacunarCT-138,0
train/NON-LVO/lacunarCT-138/16.jpg,lacunarCT-138,0
train/NON-LVO/lacunarCT-138/17.jpg,lacunarCT-138,0
train/NON-LVO/lacunarCT-138/18.jpg,lacunarCT-138,0
train/NON-LVO/lacunarCT-138/19.jpg,lacunarCT-138,0
train/NON-LVO/lacunarCT-138/20.jpg,lacunarCT-138,0
train/NON-LVO/lacunarCT-138/21.jpg,lacunarCT-138,0
train/NON-LVO/lacunarCT-138/22.jpg,lacunarCT-138,0
train/NON-LVO/lacunarCT-138/23.jpg,lacunarCT-138,0
train/NON-LVO/lacunarCT-138/24.jpg,lacunarCT-138,0
train/NON-LVO/lacunarCT-138/25.jpg,lacunarCT-138,0
train/NON-LVO/lacunarCT-138/26.jpg,lacunarCT-138,0
train/NON-LVO/lacunarCT-138/27.jpg,lacunarCT-138,0
train/NON-LVO/lacunarCT-138/28.jpg,lacunarCT-138,0
train/NON-LVO/lacunarCT-138/29.jpg,lacunarCT-138,0
train/NON-LVO/lacunarCT-138/30.jpg,lacunarCT-138,0
train/NON-LVO/lacunarCT-138/31.jpg,lacunarCT-138,0
train/NON-LVO/lacunarCT-138/32.jpg,lacunarCT-138,0
train/NON-LVO/lacunarCT-138/33.jpg,lacunarCT-138,0
train/NON-LVO/lacunarCT-138/34.jpg,lacunarCT-138,0
train/NON-LVO/lacunarCT-138/35.jpg,lacunarCT-138,0
train/NON-LVO/lacunarCT-138/36.jpg,lacunarCT-138,0
train/NON-LVO/lacunarCT-138/37.jpg,lacunarCT-138,0
train/NON-LVO/lacunarCT-138/38.jpg,lacunarCT-138,0
train/NON-LVO/lacunarCT-138/39.jpg,lacunarCT-138,0
train/NON-LVO/lacunarCT-138/40.jpg,lacunarCT-138,0
train/NON-LVO/lacunarCT-138/41.jpg,lacunarCT-138,0
train/NON-LVO/lacunarCT-138/42.jpg,lacunarCT-138,0
train/NON-LVO/lacunarCT-138/43.jpg,lacunarCT-138,0
train/NON-LVO/lacunarCT-138/44.jpg,lacunarCT-138,0
train/NON-LVO/lacunarCT-139/01.jpg,lacunarCT-139,0
train/NON-LVO/lacunarCT-139/02.jpg,lacunarCT-139,0
train/NON-LVO/lacunarCT-139/03.jpg,lacunarCT-139,0
train/NON-LVO/lacunarCT-139/04.jpg,lacunarCT-139,0
train/NON-LVO/lacunarCT-139/05.jpg,lacunarCT-139,0
train/NON-LVO/lacunarCT-139/06.jpg,lacunarCT-139,0
train/NON-LVO/lacunarCT-139/07.jpg,lacunarCT-139,0
train/NON-LVO/lacunarCT-139/08.jpg,lacunarCT-139,0
train/NON-LVO/lacunarCT-139/09.jpg,lacunarCT-139,0
train/NON-LVO/lacunarCT-139/10.jpg,lacunarCT-139,0
train/NON-LVO/lacunarCT-139/11.jpg,lacunarCT-139,0
train/NON-LVO/lacunarCT-139/12.jpg,lacunarCT-139,0
train/NON-LVO/lacunarCT-139/13.jpg,lacunarCT-139,0
train/NON-LVO/lacunarCT-139/14.jpg,lacunarCT-139,0
train/NON-LVO/lacunarCT-139/15.jpg,lacunarCT-139,0
train/NON-LVO/lacunarCT-139/16.jpg,lacunarCT-139,0
train/NON-LVO/lacunarCT-139/17.jpg,lacunarCT-139,0
train/NON-LVO/lacunarCT-139/18.jpg,lacunarCT-139,0
train/NON-LVO/lacunarCT-139/19.jpg,lacunarCT-139,0
train/NON-LVO/lacunarCT-139/20.jpg,lacunarCT-139,0
train/NON-LVO/lacunarCT-139/21.jpg,lacunarCT-139,0
train/NON-LVO/lacunarCT-139/22.jpg,lacunarCT-139,0
train/NON-LVO/lacunarCT-139/23.jpg,lacunarCT-139,0
train/NON-LVO/lacunarCT-139/24.jpg,lacunarCT-139,0
train/NON-LVO/lacunarCT-139/25.jpg,lacunarCT-139,0
train/NON-LVO/lacunarCT-139/26.jpg,lacunarCT-139,0
train/NON-LVO/lacunarCT-139/27.jpg,lacunarCT-139,0
train/NON-LVO/lacunarCT-139/28.jpg,lacunarCT-139,0
train/NON-LVO/lacunarCT-139/29.jpg,lacunarCT-139,0
train/NON-LVO/lacunarCT-139/30.jpg,lacunarCT-139,0
train/NON-LVO/lacunarCT-139/31.jpg,lacunarCT-139,0
train/NON-LVO/lacunarCT-139/32.jpg,lacunarCT-139,0
train/NON-LVO/lacunarCT-139/33.jpg,lacunarCT-139,0
train/NON-LVO/lacunarCT-139/34.jpg,lacunarCT-139,0
train/NON-LVO/lacunarCT-139/35.jpg,lacunarCT-139,0
train/NON-LVO/lacunarCT-139/36.jpg,lacunarCT-139,0
train/NON-LVO/lacunarCT-139/37.jpg,lacunarCT-139,0
train/NON-LVO/lacunarCT-139/38.jpg,lacunarCT-139,0
train/NON-LVO/lacunarCT-139/39.jpg,lacunarCT-139,0
train/NON-LVO/lacunarCT-139/40.jpg,lacunarCT-139,0
train/NON-LVO/lacunarCT-139/41.jpg,lacunarCT-139,0
train/NON-LVO/lacunarCT-139/42.jpg,lacunarCT-139,0
train/NON-LVO/lacunarCT-139/43.jpg,lacunarCT-139,0
train/NON-LVO/lacunarCT-139/44.jpg,lacunarCT-139,0
train/NON-LVO/lacunarCT-142/01.jpg,lacunarCT-142,0
train/NON-LVO/lacunarCT-142/02.jpg,lacunarCT-142,0
train/NON-LVO/lacunarCT-142/03.jpg,lacunarCT-142,0
train/NON-LVO/lacunarCT-142/04.jpg,lacunarCT-142,0
train/NON-LVO/lacunarCT-142/05.jpg,lacunarCT-142,0
train/NON-LVO/lacunarCT-142/06.jpg,lacunarCT-142,0
train/NON-LVO/lacunarCT-142/07.jpg,lacunarCT-142,0
train/NON-LVO/lacunarCT-142/08.jpg,lacunarCT-142,0
train/NON-LVO/lacunarCT-142/09.jpg,lacunarCT-142,0
train/NON-LVO/lacunarCT-142/10.jpg,lacunarCT-142,0
train/NON-LVO/lacunarCT-142/11.jpg,lacunarCT-142,0
train/NON-LVO/lacunarCT-142/12.jpg,lacunarCT-142,0
train/NON-LVO/lacunarCT-142/13.jpg,lacunarCT-142,0
train/NON-LVO/lacunarCT-142/14.jpg,lacunarCT-142,0
train/NON-LVO/lacunarCT-142/15.jpg,lacunarCT-142,0
train/NON-LVO/lacunarCT-142/16.jpg,lacunarCT-142,0
train/NON-LVO/lacunarCT-142/17.jpg,lacunarCT-142,0
train/NON-LVO/lacunarCT-142/18.jpg,lacunarCT-142,0
train/NON-LVO/lacunarCT-142/19.jpg,lacunarCT-142,0
train/NON-LVO/lacunarCT-142/20.jpg,lacunarCT-142,0
train/NON-LVO/lacunarCT-142/21.jpg,lacunarCT-142,0
train/NON-LVO/lacunarCT-142/22.jpg,lacunarCT-142,0
train/NON-LVO/lacunarCT-142/23.jpg,lacunarCT-142,0
train/NON-LVO/lacunarCT-142/24.jpg,lacunarCT-142,0
train/NON-LVO/lacunarCT-142/25.jpg,lacunarCT-142,0
train/NON-LVO/lacunarCT-142/26.jpg,lacunarCT-142,0
train/NON-LVO/lacunarCT-142/27.jpg,lacunarCT-142,0
train/NON-LVO/lacunarCT-142/28.jpg,lacunarCT-142,0
train/NON-LVO/lacunarCT-142/29.jpg,lacunarCT-142,0
train/NON-LVO/lacunarCT-142/30.jpg,lacunarCT-142,0
train/NON-LVO/lacunarCT-142/31.jpg,lacunarCT-142,0
train/NON-LVO/lacunarCT-142/32.jpg,lacunarCT-142,0
train/NON-LVO/lacunarCT-142/33.jpg,lacunarCT-142,0
train/NON-LVO/lacunarCT-142/34.jpg,lacunarCT-142,0
train/NON-LVO/lacunarCT-142/35.jpg,lacunarCT-142,0
train/NON-LVO/lacunarCT-142/36.jpg,lacunarCT-142,0
train/NON-LVO/lacunarCT-142/37.jpg,lacunarCT-142,0
train/NON-LVO/lacunarCT-142/38.jpg,lacunarCT-142,0
train/NON-LVO/lacunarCT-142/39.jpg,lacunarCT-142,0
train/NON-LVO/lacunarCT-143/01.jpg,lacunarCT-143,0
train/NON-LVO/lacunarCT-143/02.jpg,lacunarCT-143,0
train/NON-LVO/lacunarCT-143/03.jpg,lacunarCT-143,0
train/NON-LVO/lacunarCT-143/04.jpg,lacunarCT-143,0
train/NON-LVO/lacunarCT-143/05.jpg,lacunarCT-143,0
train/NON-LVO/lacunarCT-143/06.jpg,lacunarCT-143,0
train/NON-LVO/lacunarCT-143/07.jpg,lacunarCT-143,0
train/NON-LVO/lacunarCT-143/08.jpg,lacunarCT-143,0
train/NON-LVO/lacunarCT-143/09.jpg,lacunarCT-143,0
train/NON-LVO/lacunarCT-143/10.jpg,lacunarCT-143,0
train/NON-LVO/lacunarCT-143/11.jpg,lacunarCT-143,0
train/NON-LVO/lacunarCT-143/12.jpg,lacunarCT-143,0
train/NON-LVO/lacunarCT-143/13.jpg,lacunarCT-143,0
train/NON-LVO/lacunarCT-143/14.jpg,lacunarCT-143,0
train/NON-LVO/lacunarCT-143/15.jpg,lacunarCT-143,0
train/NON-LVO/lacunarCT-143/16.jpg,lacunarCT-143,0
train/NON-LVO/lacunarCT-143/17.jpg,lacunarCT-143,0
train/NON-LVO/lacunarCT-143/18.jpg,lacunarCT-143,0
train/NON-LVO/lacunarCT-143/19.jpg,lacunarCT-143,0
train/NON-LVO/lacunarCT-143/20.jpg,lacunarCT-143,0
train/NON-LVO/lacunarCT-143/21.jpg,lacunarCT-143,0
train/NON-LVO/lacunarCT-143/22.jpg,lacunarCT-143,0
train/NON-LVO/lacunarCT-143/23.jpg,lacunarCT-143,0
train/NON-LVO/lacunarCT-143/24.jpg,lacunarCT-143,0
train/NON-LVO/lacunarCT-143/25.jpg,lacunarCT-143,0
train/NON-LVO/lacunarCT-143/26.jpg,lacunarCT-143,0
train/NON-LVO/lacunarCT-143/27.jpg,lacunarCT-143,0
train/NON-LVO/lacunarCT-143/28.jpg,lacunarCT-143,0
train/NON-LVO/lacunarCT-143/29.jpg,lacunarCT-143,0
train/NON-LVO/lacunarCT-143/30.jpg,lacunarCT-143,0
train/NON-LVO/lacunarCT-143/31.jpg,lacunarCT-143,0
train/NON-LVO/lacunarCT-143/32.jpg,lacunarCT-143,0
train/NON-LVO/lacunarCT-143/33.jpg,lacunarCT-143,0
train/NON-LVO/lacunarCT-143/34.jpg,lacunarCT-143,0
train/NON-LVO/lacunarCT-143/35.jpg,lacunarCT-143,0
train/NON-LVO/lacunarCT-143/36.jpg,lacunarCT-143,0
train/NON-LVO/lacunarCT-143/37.jpg,lacunarCT-143,0
train/NON-LVO/lacunarCT-143/38.jpg,lacunarCT-143,0
train/NON-LVO/lacunarCT-143/39.jpg,lacunarCT-143,0
train/NON-LVO/lacunarCT-143/40.jpg,lacunarCT-143,0
train/NON-LVO/lacunarCT-144/01.jpg,lacunarCT-144,0
train/NON-LVO/lacunarCT-144/02.jpg,lacunarCT-144,0
train/NON-LVO/lacunarCT-144/03.jpg,lacunarCT-144,0
train/NON-LVO/lacunarCT-144/04.jpg,lacunarCT-144,0
train/NON-LVO/lacunarCT-144/05.jpg,lacunarCT-144,0
train/NON-LVO/lacunarCT-144/06.jpg,lacunarCT-144,0
train/NON-LVO/lacunarCT-144/07.jpg,lacunarCT-144,0
train/NON-LVO/lacunarCT-144/08.jpg,lacunarCT-144,0
train/NON-LVO/lacunarCT-144/09.jpg,lacunarCT-144,0
train/NON-LVO/lacunarCT-144/10.jpg,lacunarCT-144,0
train/NON-LVO/lacunarCT-144/11.jpg,lacunarCT-144,0
train/NON-LVO/lacunarCT-144/12.jpg,lacunarCT-144,0
train/NON-LVO/lacunarCT-144/13.jpg,lacunarCT-144,0
train/NON-LVO/lacunarCT-144/14.jpg,lacunarCT-144,0
train/NON-LVO/lacunarCT-144/15.jpg,lacunarCT-144,0
train/NON-LVO/lacunarCT-144/16.jpg,lacunarCT-144,0
train/NON-LVO/lacunarCT-144/17.jpg,lacunarCT-144,0
train/NON-LVO/lacunarCT-144/18.jpg,lacunarCT-144,0
train/NON-LVO/lacunarCT-144/19.jpg,lacunarCT-144,0
train/NON-LVO/lacunarCT-144/20.jpg,lacunarCT-144,0
train/NON-LVO/lacunarCT-144/21.jpg,lacunarCT-144,0
train/NON-LVO/lacunarCT-144/22.jpg,lacunarCT-144,0
train/NON-LVO/lacunarCT-144/23.jpg,lacunarCT-144,0
train/NON-LVO/lacunarCT-144/24.jpg,lacunarCT-144,0
train/NON-LVO/lacunarCT-144/25.jpg,lacunarCT-144,0
train/NON-LVO/lacunarCT-144/26.jpg,lacunarCT-144,0
train/NON-LVO/lacunarCT-144/27.jpg,lacunarCT-144,0
train/NON-LVO/lacunarCT-144/28.jpg,lacunarCT-144,0
train/NON-LVO/lacunarCT-144/29.jpg,lacunarCT-144,0
train/NON-LVO/lacunarCT-144/30.jpg,lacunarCT-144,0
train/NON-LVO/lacunarCT-144/31.jpg,lacunarCT-144,0
train/NON-LVO/lacunarCT-144/32.jpg,lacunarCT-144,0
train/NON-LVO/lacunarCT-144/33.jpg,lacunarCT-144,0
train/NON-LVO/lacunarCT-144/34.jpg,lacunarCT-144,0
train/NON-LVO/lacunarCT-144/35.jpg,lacunarCT-144,0
train/NON-LVO/lacunarCT-144/36.jpg,lacunarCT-144,0
train/NON-LVO/lacunarCT-144/37.jpg,lacunarCT-144,0
train/NON-LVO/lacunarCT-144/38.jpg,lacunarCT-144,0
train/NON-LVO/lacunarCT-144/39.jpg,lacunarCT-144,0
train/NON-LVO/lacunarCT-144/40.jpg,lacunarCT-144,0
train/NON-LVO/lacunarCT-145/01.jpg,lacunarCT-145,0
train/NON-LVO/lacunarCT-145/02.jpg,lacunarCT-145,0
train/NON-LVO/lacunarCT-145/03.jpg,lacunarCT-145,0
train/NON-LVO/lacunarCT-145/04.jpg,lacunarCT-145,0
train/NON-LVO/lacunarCT-145/05.jpg,lacunarCT-145,0
train/NON-LVO/lacunarCT-145/06.jpg,lacunarCT-145,0
train/NON-LVO/lacunarCT-145/07.jpg,lacunarCT-145,0
train/NON-LVO/lacunarCT-145/08.jpg,lacunarCT-145,0
train/NON-LVO/lacunarCT-145/09.jpg,lacunarCT-145,0
train/NON-LVO/lacunarCT-145/10.jpg,lacunarCT-145,0
train/NON-LVO/lacunarCT-145/11.jpg,lacunarCT-145,0
train/NON-LVO/lacunarCT-145/12.jpg,lacunarCT-145,0
train/NON-LVO/lacunarCT-145/13.jpg,lacunarCT-145,0
train/NON-LVO/lacunarCT-145/14.jpg,lacunarCT-145,0
train/NON-LVO/lacunarCT-145/15.jpg,lacunarCT-145,0
train/NON-LVO/lacunarCT-145/16.jpg,lacunarCT-145,0
train/NON-LVO/lacunarCT-145/17.jpg,lacunarCT-145,0
train/NON-LVO/lacunarCT-145/18.jpg,lacunarCT-145,0
train/NON-LVO/lacunarCT-145/19.jpg,lacunarCT-145,0
train/NON-LVO/lacunarCT-145/20.jpg,lacunarCT-145,0
train/NON-LVO/lacunarCT-145/21.jpg,lacunarCT-145,0
train/NON-LVO/lacunarCT-145/22.jpg,lacunarCT-145,0
train/NON-LVO/lacunarCT-145/23.jpg,lacunarCT-145,0
train/NON-LVO/lacunarCT-145/24.jpg,lacunarCT-145,0
train/NON-LVO/lacunarCT-145/25.jpg,lacunarCT-145,0
train/NON-LVO/lacunarCT-145/26.jpg,lacunarCT-145,0
train/NON-LVO/lacunarCT-145/27.jpg,lacunarCT-145,0
train/NON-LVO/lacunarCT-145/28.jpg,lacunarCT-145,0
train/NON-LVO/lacunarCT-145/29.jpg,lacunarCT-145,0
train/NON-LVO/lacunarCT-145/30.jpg,lacunarCT-145,0
train/NON-LVO/lacunarCT-145/31.jpg,lacunarCT-145,0
train/NON-LVO/lacunarCT-145/32.jpg,lacunarCT-145,0
train/NON-LVO/lacunarCT-145/33.jpg,lacunarCT-145,0
train/NON-LVO/lacunarCT-145/34.jpg,lacunarCT-145,0
train/NON-LVO/lacunarCT-145/35.jpg,lacunarCT-145,0
train/NON-LVO/lacunarCT-145/36.jpg,lacunarCT-145,0
train/NON-LVO/lacunarCT-145/37.jpg,lacunarCT-145,0
train/NON-LVO/lacunarCT-145/38.jpg,lacunarCT-145,0
train/NON-LVO/lacunarCT-145/39.jpg,lacunarCT-145,0
train/NON-LVO/lacunarCT-145/40.jpg,lacunarCT-145,0
train/NON-LVO/lacunarCT-146/01.jpg,lacunarCT-146,0
train/NON-LVO/lacunarCT-146/02.jpg,lacunarCT-146,0
train/NON-LVO/lacunarCT-146/03.jpg,lacunarCT-146,0
train/NON-LVO/lacunarCT-146/04.jpg,lacunarCT-146,0
train/NON-LVO/lacunarCT-146/05.jpg,lacunarCT-146,0
train/NON-LVO/lacunarCT-146/06.jpg,lacunarCT-146,0
train/NON-LVO/lacunarCT-146/07.jpg,lacunarCT-146,0
train/NON-LVO/lacunarCT-146/08.jpg,lacunarCT-146,0
train/NON-LVO/lacunarCT-146/09.jpg,lacunarCT-146,0
train/NON-LVO/lacunarCT-146/10.jpg,lacunarCT-146,0
train/NON-LVO/lacunarCT-146/11.jpg,lacunarCT-146,0
train/NON-LVO/lacunarCT-146/12.jpg,lacunarCT-146,0
train/NON-LVO/lacunarCT-146/13.jpg,lacunarCT-146,0
train/NON-LVO/lacunarCT-146/14.jpg,lacunarCT-146,0
train/NON-LVO/lacunarCT-146/15.jpg,lacunarCT-146,0
train/NON-LVO/lacunarCT-146/16.jpg,lacunarCT-146,0
train/NON-LVO/lacunarCT-146/17.jpg,lacunarCT-146,0
train/NON-LVO/lacunarCT-146/18.jpg,lacunarCT-146,0
train/NON-LVO/lacunarCT-146/19.jpg,lacunarCT-146,0
train/NON-LVO/lacunarCT-146/20.jpg,lacunarCT-146,0
train/NON-LVO/lacunarCT-146/21.jpg,lacunarCT-146,0
train/NON-LVO/lacunarCT-146/22.jpg,lacunarCT-146,0
train/NON-LVO/lacunarCT-146/23.jpg,lacunarCT-146,0
train/NON-LVO/lacunarCT-146/24.jpg,lacunarCT-146,0
train/NON-LVO/lacunarCT-146/25.jpg,lacunarCT-146,0
train/NON-LVO/lacunarCT-146/26.jpg,lacunarCT-146,0
train/NON-LVO/lacunarCT-146/27.jpg,lacunarCT-146,0
train/NON-LVO/lacunarCT-146/28.jpg,lacunarCT-146,0
train/NON-LVO/lacunarCT-146/29.jpg,lacunarCT-146,0
train/NON-LVO/lacunarCT-146/30.jpg,lacunarCT-146,0
train/NON-LVO/lacunarCT-146/31.jpg,lacunarCT-146,0
train/NON-LVO/lacunarCT-146/32.jpg,lacunarCT-146,0
train/NON-LVO/lacunarCT-146/33.jpg,lacunarCT-146,0
train/NON-LVO/lacunarCT-146/34.jpg,lacunarCT-146,0
train/NON-LVO/lacunarCT-146/35.jpg,lacunarCT-146,0
train/NON-LVO/lacunarCT-146/36.jpg,lacunarCT-146,0
train/NON-LVO/lacunarCT-147/01.jpg,lacunarCT-147,0
train/NON-LVO/lacunarCT-147/02.jpg,lacunarCT-147,0
train/NON-LVO/lacunarCT-147/03.jpg,lacunarCT-147,0
train/NON-LVO/lacunarCT-147/04.jpg,lacunarCT-147,0
train/NON-LVO/lacunarCT-147/05.jpg,lacunarCT-147,0
train/NON-LVO/lacunarCT-147/06.jpg,lacunarCT-147,0
train/NON-LVO/lacunarCT-147/07.jpg,lacunarCT-147,0
train/NON-LVO/lacunarCT-147/08.jpg,lacunarCT-147,0
train/NON-LVO/lacunarCT-147/09.jpg,lacunarCT-147,0
train/NON-LVO/lacunarCT-147/10.jpg,lacunarCT-147,0
train/NON-LVO/lacunarCT-147/11.jpg,lacunarCT-147,0
train/NON-LVO/lacunarCT-147/12.jpg,lacunarCT-147,0
train/NON-LVO/lacunarCT-147/13.jpg,lacunarCT-147,0
train/NON-LVO/lacunarCT-147/14.jpg,lacunarCT-147,0
train/NON-LVO/lacunarCT-147/15.jpg,lacunarCT-147,0
train/NON-LVO/lacunarCT-147/16.jpg,lacunarCT-147,0
train/NON-LVO/lacunarCT-147/17.jpg,lacunarCT-147,0
train/NON-LVO/lacunarCT-147/18.jpg,lacunarCT-147,0
train/NON-LVO/lacunarCT-147/19.jpg,lacunarCT-147,0
train/NON-LVO/lacunarCT-147/20.jpg,lacunarCT-147,0
train/NON-LVO/lacunarCT-147/21.jpg,lacunarCT-147,0
train/NON-LVO/lacunarCT-147/22.jpg,lacunarCT-147,0
train/NON-LVO/lacunarCT-147/23.jpg,lacunarCT-147,0
train/NON-LVO/lacunarCT-147/24.jpg,lacunarCT-147,0
train/NON-LVO/lacunarCT-147/25.jpg,lacunarCT-147,0
train/NON-LVO/lacunarCT-147/26.jpg,lacunarCT-147,0
train/NON-LVO/lacunarCT-147/27.jpg,lacunarCT-147,0
train/NON-LVO/lacunarCT-147/28.jpg,lacunarCT-147,0
train/NON-LVO/lacunarCT-147/29.jpg,lacunarCT-147,0
train/NON-LVO/lacunarCT-147/30.jpg,lacunarCT-147,0
train/NON-LVO/lacunarCT-147/31.jpg,lacunarCT-147,0
train/NON-LVO/lacunarCT-147/32.jpg,lacunarCT-147,0
train/NON-LVO/lacunarCT-147/33.jpg,lacunarCT-147,0
train/NON-LVO/lacunarCT-147/34.jpg,lacunarCT-147,0
train/NON-LVO/lacunarCT-147/35.jpg,lacunarCT-147,0
train/NON-LVO/lacunarCT-147/36.jpg,lacunarCT-147,0
train/NON-LVO/lacunarCT-147/37.jpg,lacunarCT-147,0
train/NON-LVO/lacunarCT-147/38.jpg,lacunarCT-147,0
train/NON-LVO/lacunarCT-147/39.jpg,lacunarCT-147,0
train/NON-LVO/lacunarCT-147/40.jpg,lacunarCT-147,0
train/NON-LVO/lacunarCT-150/01.jpg,lacunarCT-150,0
train/NON-LVO/lacunarCT-150/02.jpg,lacunarCT-150,0
train/NON-LVO/lacunarCT-150/03.jpg,lacunarCT-150,0
train/NON-LVO/lacunarCT-150/04.jpg,lacunarCT-150,0
train/NON-LVO/lacunarCT-150/05.jpg,lacunarCT-150,0
train/NON-LVO/lacunarCT-150/06.jpg,lacunarCT-150,0
train/NON-LVO/lacunarCT-150/07.jpg,lacunarCT-150,0
train/NON-LVO/lacunarCT-150/08.jpg,lacunarCT-150,0
train/NON-LVO/lacunarCT-150/09.jpg,lacunarCT-150,0
train/NON-LVO/lacunarCT-150/10.jpg,lacunarCT-150,0
train/NON-LVO/lacunarCT-150/11.jpg,lacunarCT-150,0
train/NON-LVO/lacunarCT-150/12.jpg,lacunarCT-150,0
train/NON-LVO/lacunarCT-150/13.jpg,lacunarCT-150,0
train/NON-LVO/lacunarCT-150/14.jpg,lacunarCT-150,0
train/NON-LVO/lacunarCT-150/15.jpg,lacunarCT-150,0
train/NON-LVO/lacunarCT-150/16.jpg,lacunarCT-150,0
train/NON-LVO/lacunarCT-150/17.jpg,lacunarCT-150,0
train/NON-LVO/lacunarCT-150/18.jpg,lacunarCT-150,0
train/NON-LVO/lacunarCT-150/19.jpg,lacunarCT-150,0
train/NON-LVO/lacunarCT-150/20.jpg,lacunarCT-150,0
train/NON-LVO/lacunarCT-150/21.jpg,lacunarCT-150,0
train/NON-LVO/lacunarCT-150/22.jpg,lacunarCT-150,0
train/NON-LVO/lacunarCT-150/23.jpg,lacunarCT-150,0
train/NON-LVO/lacunarCT-150/24.jpg,lacunarCT-150,0
train/NON-LVO/lacunarCT-150/25.jpg,lacunarCT-150,0
train/NON-LVO/lacunarCT-150/26.jpg,lacunarCT-150,0
train/NON-LVO/lacunarCT-150/27.jpg,lacunarCT-150,0
train/NON-LVO/lacunarCT-150/28.jpg,lacunarCT-150,0
train/NON-LVO/lacunarCT-150/29.jpg,lacunarCT-150,0
train/NON-LVO/lacunarCT-150/30.jpg,lacunarCT-150,0
train/NON-LVO/lacunarCT-150/31.jpg,lacunarCT-150,0
train/NON-LVO/lacunarCT-150/32.jpg,lacunarCT-150,0
train/NON-LVO/lacunarCT-150/33.jpg,lacunarCT-150,0
train/NON-LVO/lacunarCT-150/34.jpg,lacunarCT-150,0
train/NON-LVO/lacunarCT-150/35.jpg,lacunarCT-150,0
train/NON-LVO/lacunarCT-150/36.jpg,lacunarCT-150,0
train/NON-LVO/lacunarCT-150/37.jpg,lacunarCT-150,0
train/NON-LVO/lacunarCT-150/38.jpg,lacunarCT-150,0
train/NON-LVO/lacunarCT-150/39.jpg,lacunarCT-150,0
train/NON-LVO/lacunarCT-150/40.jpg,lacunarCT-150,0
train/NON-LVO/lacunarCT-151/01.jpg,lacunarCT-151,0
train/NON-LVO/lacunarCT-151/02.jpg,lacunarCT-151,0
train/NON-LVO/lacunarCT-151/03.jpg,lacunarCT-151,0
train/NON-LVO/lacunarCT-151/04.jpg,lacunarCT-151,0
train/NON-LVO/lacunarCT-151/05.jpg,lacunarCT-151,0
train/NON-LVO/lacunarCT-151/06.jpg,lacunarCT-151,0
train/NON-LVO/lacunarCT-151/07.jpg,lacunarCT-151,0
train/NON-LVO/lacunarCT-151/08.jpg,lacunarCT-151,0
train/NON-LVO/lacunarCT-151/09.jpg,lacunarCT-151,0
train/NON-LVO/lacunarCT-151/10.jpg,lacunarCT-151,0
train/NON-LVO/lacunarCT-151/11.jpg,lacunarCT-151,0
train/NON-LVO/lacunarCT-151/12.jpg,lacunarCT-151,0
train/NON-LVO/lacunarCT-151/13.jpg,lacunarCT-151,0
train/NON-LVO/lacunarCT-151/14.jpg,lacunarCT-151,0
train/NON-LVO/lacunarCT-151/15.jpg,lacunarCT-151,0
train/NON-LVO/lacunarCT-151/16.jpg,lacunarCT-151,0
train/NON-LVO/lacunarCT-151/17.jpg,lacunarCT-151,0
train/NON-LVO/lacunarCT-151/18.jpg,lacunarCT-151,0
train/NON-LVO/lacunarCT-151/19.jpg,lacunarCT-151,0
train/NON-LVO/lacunarCT-151/20.jpg,lacunarCT-151,0
train/NON-LVO/lacunarCT-151/21.jpg,lacunarCT-151,0
train/NON-LVO/lacunarCT-151/22.jpg,lacunarCT-151,0
train/NON-LVO/lacunarCT-151/23.jpg,lacunarCT-151,0
train/NON-LVO/lacunarCT-151/24.jpg,lacunarCT-151,0
train/NON-LVO/lacunarCT-151/25.jpg,lacunarCT-151,0
train/NON-LVO/lacunarCT-151/26.jpg,lacunarCT-151,0
train/NON-LVO/lacunarCT-151/27.jpg,lacunarCT-151,0
train/NON-LVO/lacunarCT-151/28.jpg,lacunarCT-151,0
train/NON-LVO/lacunarCT-152/01.jpg,lacunarCT-152,0
train/NON-LVO/lacunarCT-152/02.jpg,lacunarCT-152,0
train/NON-LVO/lacunarCT-152/03.jpg,lacunarCT-152,0
train/NON-LVO/lacunarCT-152/04.jpg,lacunarCT-152,0
train/NON-LVO/lacunarCT-152/05.jpg,lacunarCT-152,0
train/NON-LVO/lacunarCT-152/06.jpg,lacunarCT-152,0
train/NON-LVO/lacunarCT-152/07.jpg,lacunarCT-152,0
train/NON-LVO/lacunarCT-152/08.jpg,lacunarCT-152,0
train/NON-LVO/lacunarCT-152/09.jpg,lacunarCT-152,0
train/NON-LVO/lacunarCT-152/10.jpg,lacunarCT-152,0
train/NON-LVO/lacunarCT-152/11.jpg,lacunarCT-152,0
train/NON-LVO/lacunarCT-152/12.jpg,lacunarCT-152,0
train/NON-LVO/lacunarCT-152/13.jpg,lacunarCT-152,0
train/NON-LVO/lacunarCT-152/14.jpg,lacunarCT-152,0
train/NON-LVO/lacunarCT-152/15.jpg,lacunarCT-152,0
train/NON-LVO/lacunarCT-152/16.jpg,lacunarCT-152,0
train/NON-LVO/lacunarCT-152/17.jpg,lacunarCT-152,0
train/NON-LVO/lacunarCT-152/18.jpg,lacunarCT-152,0
train/NON-LVO/lacunarCT-152/19.jpg,lacunarCT-152,0
train/NON-LVO/lacunarCT-152/20.jpg,lacunarCT-152,0
train/NON-LVO/lacunarCT-152/21.jpg,lacunarCT-152,0
train/NON-LVO/lacunarCT-152/22.jpg,lacunarCT-152,0
train/NON-LVO/lacunarCT-152/23.jpg,lacunarCT-152,0
train/NON-LVO/lacunarCT-152/24.jpg,lacunarCT-152,0
train/NON-LVO/lacunarCT-152/25.jpg,lacunarCT-152,0
train/NON-LVO/lacunarCT-152/26.jpg,lacunarCT-152,0
train/NON-LVO/lacunarCT-152/27.jpg,lacunarCT-152,0
train/NON-LVO/lacunarCT-152/28.jpg,lacunarCT-152,0
train/NON-LVO/lacunarCT-152/29.jpg,lacunarCT-152,0
train/NON-LVO/lacunarCT-155/01.jpg,lacunarCT-155,0
train/NON-LVO/lacunarCT-155/02.jpg,lacunarCT-155,0
train/NON-LVO/lacunarCT-155/03.jpg,lacunarCT-155,0
train/NON-LVO/lacunarCT-155/04.jpg,lacunarCT-155,0
train/NON-LVO/lacunarCT-155/05.jpg,lacunarCT-155,0
train/NON-LVO/lacunarCT-155/06.jpg,lacunarCT-155,0
train/NON-LVO/lacunarCT-155/07.jpg,lacunarCT-155,0
train/NON-LVO/lacunarCT-155/08.jpg,lacunarCT-155,0
train/NON-LVO/lacunarCT-155/09.jpg,lacunarCT-155,0
train/NON-LVO/lacunarCT-155/10.jpg,lacunarCT-155,0
train/NON-LVO/lacunarCT-155/11.jpg,lacunarCT-155,0
train/NON-LVO/lacunarCT-155/12.jpg,lacunarCT-155,0
train/NON-LVO/lacunarCT-155/13.jpg,lacunarCT-155,0
train/NON-LVO/lacunarCT-155/14.jpg,lacunarCT-155,0
train/NON-LVO/lacunarCT-155/15.jpg,lacunarCT-155,0
train/NON-LVO/lacunarCT-155/16.jpg,lacunarCT-155,0
train/NON-LVO/lacunarCT-155/17.jpg,lacunarCT-155,0
train/NON-LVO/lacunarCT-155/18.jpg,lacunarCT-155,0
train/NON-LVO/lacunarCT-155/19.jpg,lacunarCT-155,0
train/NON-LVO/lacunarCT-155/20.jpg,lacunarCT-155,0
train/NON-LVO/lacunarCT-155/21.jpg,lacunarCT-155,0
train/NON-LVO/lacunarCT-155/22.jpg,lacunarCT-155,0
train/NON-LVO/lacunarCT-155/23.jpg,lacunarCT-155,0
train/NON-LVO/lacunarCT-155/24.jpg,lacunarCT-155,0
train/NON-LVO/lacunarCT-155/25.jpg,lacunarCT-155,0
train/NON-LVO/lacunarCT-155/26.jpg,lacunarCT-155,0
train/NON-LVO/lacunarCT-155/27.jpg,lacunarCT-155,0
train/NON-LVO/lacunarCT-155/28.jpg,lacunarCT-155,0
train/NON-LVO/lacunarCT-155/29.jpg,lacunarCT-155,0
train/NON-LVO/lacunarCT-155/30.jpg,lacunarCT-155,0
train/NON-LVO/lacunarCT-155/31.jpg,lacunarCT-155,0
train/NON-LVO/lacunarCT-155/32.jpg,lacunarCT-155,0
train/NON-LVO/lacunarCT-155/33.jpg,lacunarCT-155,0
train/NON-LVO/lacunarCT-155/34.jpg,lacunarCT-155,0
train/NON-LVO/lacunarCT-155/35.jpg,lacunarCT-155,0
train/NON-LVO/lacunarCT-155/36.jpg,lacunarCT-155,0
train/NON-LVO/lacunarCT-155/37.jpg,lacunarCT-155,0
train/NON-LVO/lacunarCT-155/38.jpg,lacunarCT-155,0
train/NON-LVO/lacunarCT-155/39.jpg,lacunarCT-155,0
train/NON-LVO/lacunarCT-155/40.jpg,lacunarCT-155,0
train/NON-LVO/lacunarCT-156/01.jpg,lacunarCT-156,0
train/NON-LVO/lacunarCT-156/02.jpg,lacunarCT-156,0
train/NON-LVO/lacunarCT-156/03.jpg,lacunarCT-156,0
train/NON-LVO/lacunarCT-156/04.jpg,lacunarCT-156,0
train/NON-LVO/lacunarCT-156/05.jpg,lacunarCT-156,0
train/NON-LVO/lacunarCT-156/06.jpg,lacunarCT-156,0
train/NON-LVO/lacunarCT-156/07.jpg,lacunarCT-156,0
train/NON-LVO/lacunarCT-156/08.jpg,lacunarCT-156,0
train/NON-LVO/lacunarCT-156/09.jpg,lacunarCT-156,0
train/NON-LVO/lacunarCT-156/10.jpg,lacunarCT-156,0
train/NON-LVO/lacunarCT-156/11.jpg,lacunarCT-156,0
train/NON-LVO/lacunarCT-156/12.jpg,lacunarCT-156,0
train/NON-LVO/lacunarCT-156/13.jpg,lacunarCT-156,0
train/NON-LVO/lacunarCT-156/14.jpg,lacunarCT-156,0
train/NON-LVO/lacunarCT-156/15.jpg,lacunarCT-156,0
train/NON-LVO/lacunarCT-156/16.jpg,lacunarCT-156,0
train/NON-LVO/lacunarCT-156/17.jpg,lacunarCT-156,0
train/NON-LVO/lacunarCT-156/18.jpg,lacunarCT-156,0
train/NON-LVO/lacunarCT-156/19.jpg,lacunarCT-156,0
train/NON-LVO/lacunarCT-156/20.jpg,lacunarCT-156,0
train/NON-LVO/lacunarCT-156/21.jpg,lacunarCT-156,0
train/NON-LVO/lacunarCT-156/22.jpg,lacunarCT-156,0
train/NON-LVO/lacunarCT-156/23.jpg,lacunarCT-156,0
train/NON-LVO/lacunarCT-156/24.jpg,lacunarCT-156,0
train/NON-LVO/lacunarCT-156/25.jpg,lacunarCT-156,0
train/NON-LVO/lacunarCT-156/26.jpg,lacunarCT-156,0
train/NON-LVO/lacunarCT-156/27.jpg,lacunarCT-156,0
train/NON-LVO/lacunarCT-156/28.jpg,lacunarCT-156,0
train/NON-LVO/lacunarCT-156/29.jpg,lacunarCT-156,0
train/NON-LVO/lacunarCT-156/30.jpg,lacunarCT-156,0
train/NON-LVO/lacunarCT-156/31.jpg,lacunarCT-156,0
train/NON-LVO/lacunarCT-156/32.jpg,lacunarCT-156,0
train/NON-LVO/lacunarCT-156/33.jpg,lacunarCT-156,0
train/NON-LVO/lacunarCT-156/34.jpg,lacunarCT-156,0
train/NON-LVO/lacunarCT-156/35.jpg,lacunarCT-156,0
train/NON-LVO/lacunarCT-156/36.jpg,lacunarCT-156,0
train/NON-LVO/lacunarCT-156/37.jpg,lacunarCT-156,0
train/NON-LVO/lacunarCT-156/38.jpg,lacunarCT-156,0
train/NON-LVO/lacunarCT-156/39.jpg,lacunarCT-156,0
train/NON-LVO/lacunarCT-156/40.jpg,lacunarCT-156,0
train/NON-LVO/lacunarCT-156/41.jpg,lacunarCT-156,0
train/NON-LVO/lacunarCT-156/42.jpg,lacunarCT-156,0
train/NON-LVO/lacunarCT-156/43.jpg,lacunarCT-156,0
train/NON-LVO/lacunarCT-156/44.jpg,lacunarCT-156,0
train/NON-LVO/lacunarCT-156/45.jpg,lacunarCT-156,0
train/NON-LVO/lacunarCT-157/01.jpg,lacunarCT-157,0
train/NON-LVO/lacunarCT-157/02.jpg,lacunarCT-157,0
train/NON-LVO/lacunarCT-157/03.jpg,lacunarCT-157,0
train/NON-LVO/lacunarCT-157/04.jpg,lacunarCT-157,0
train/NON-LVO/lacunarCT-157/05.jpg,lacunarCT-157,0
train/NON-LVO/lacunarCT-157/06.jpg,lacunarCT-157,0
train/NON-LVO/lacunarCT-157/07.jpg,lacunarCT-157,0
train/NON-LVO/lacunarCT-157/08.jpg,lacunarCT-157,0
train/NON-LVO/lacunarCT-157/09.jpg,lacunarCT-157,0
train/NON-LVO/lacunarCT-157/10.jpg,lacunarCT-157,0
train/NON-LVO/lacunarCT-157/11.jpg,lacunarCT-157,0
train/NON-LVO/lacunarCT-157/12.jpg,lacunarCT-157,0
train/NON-LVO/lacunarCT-157/13.jpg,lacunarCT-157,0
train/NON-LVO/lacunarCT-157/14.jpg,lacunarCT-157,0
train/NON-LVO/lacunarCT-157/15.jpg,lacunarCT-157,0
train/NON-LVO/lacunarCT-157/16.jpg,lacunarCT-157,0
train/NON-LVO/lacunarCT-157/17.jpg,lacunarCT-157,0
train/NON-LVO/lacunarCT-157/18.jpg,lacunarCT-157,0
train/NON-LVO/lacunarCT-157/19.jpg,lacunarCT-157,0
train/NON-LVO/lacunarCT-157/20.jpg,lacunarCT-157,0
train/NON-LVO/lacunarCT-157/21.jpg,lacunarCT-157,0
train/NON-LVO/lacunarCT-157/22.jpg,lacunarCT-157,0
train/NON-LVO/lacunarCT-157/23.jpg,lacunarCT-157,0
train/NON-LVO/lacunarCT-157/24.jpg,lacunarCT-157,0
train/NON-LVO/lacunarCT-157/25.jpg,lacunarCT-157,0
train/NON-LVO/lacunarCT-157/26.jpg,lacunarCT-157,0
train/NON-LVO/lacunarCT-157/27.jpg,lacunarCT-157,0
train/NON-LVO/lacunarCT-157/28.jpg,lacunarCT-157,0
train/NON-LVO/lacunarCT-157/29.jpg,lacunarCT-157,0
train/NON-LVO/lacunarCT-157/30.jpg,lacunarCT-157,0
train/NON-LVO/lacunarCT-157/31.jpg,lacunarCT-157,0
train/NON-LVO/lacunarCT-157/32.jpg,lacunarCT-157,0
train/NON-LVO/lacunarCT-157/33.jpg,lacunarCT-157,0
train/NON-LVO/lacunarCT-157/34.jpg,lacunarCT-157,0
train/NON-LVO/lacunarCT-157/35.jpg,lacunarCT-157,0
train/NON-LVO/lacunarCT-157/36.jpg,lacunarCT-157,0
train/NON-LVO/lacunarCT-157/37.jpg,lacunarCT-157,0
train/NON-LVO/lacunarCT-157/38.jpg,lacunarCT-157,0
train/NON-LVO/lacunarCT-157/39.jpg,lacunarCT-157,0
train/NON-LVO/lacunarCT-157/40.jpg,lacunarCT-157,0
train/NON-LVO/lacunarCT-160/01.jpg,lacunarCT-160,0
train/NON-LVO/lacunarCT-160/02.jpg,lacunarCT-160,0
train/NON-LVO/lacunarCT-160/03.jpg,lacunarCT-160,0
train/NON-LVO/lacunarCT-160/04.jpg,lacunarCT-160,0
train/NON-LVO/lacunarCT-160/05.jpg,lacunarCT-160,0
train/NON-LVO/lacunarCT-160/06.jpg,lacunarCT-160,0
train/NON-LVO/lacunarCT-160/07.jpg,lacunarCT-160,0
train/NON-LVO/lacunarCT-160/08.jpg,lacunarCT-160,0
train/NON-LVO/lacunarCT-160/09.jpg,lacunarCT-160,0
train/NON-LVO/lacunarCT-160/10.jpg,lacunarCT-160,0
train/NON-LVO/lacunarCT-160/11.jpg,lacunarCT-160,0
train/NON-LVO/lacunarCT-160/12.jpg,lacunarCT-160,0
train/NON-LVO/lacunarCT-160/13.jpg,lacunarCT-160,0
train/NON-LVO/lacunarCT-160/14.jpg,lacunarCT-160,0
train/NON-LVO/lacunarCT-160/15.jpg,lacunarCT-160,0
train/NON-LVO/lacunarCT-160/16.jpg,lacunarCT-160,0
train/NON-LVO/lacunarCT-160/17.jpg,lacunarCT-160,0
train/NON-LVO/lacunarCT-160/18.jpg,lacunarCT-160,0
train/NON-LVO/lacunarCT-160/19.jpg,lacunarCT-160,0
train/NON-LVO/lacunarCT-160/20.jpg,lacunarCT-160,0
train/NON-LVO/lacunarCT-160/21.jpg,lacunarCT-160,0
train/NON-LVO/lacunarCT-160/22.jpg,lacunarCT-160,0
train/NON-LVO/lacunarCT-160/23.jpg,lacunarCT-160,0
train/NON-LVO/lacunarCT-160/24.jpg,lacunarCT-160,0
train/NON-LVO/lacunarCT-160/25.jpg,lacunarCT-160,0
train/NON-LVO/lacunarCT-160/26.jpg,lacunarCT-160,0
train/NON-LVO/lacunarCT-160/27.jpg,lacunarCT-160,0
train/NON-LVO/lacunarCT-160/28.jpg,lacunarCT-160,0
train/NON-LVO/lacunarCT-160/29.jpg,lacunarCT-160,0
train/NON-LVO/lacunarCT-160/30.jpg,lacunarCT-160,0
train/NON-LVO/lacunarCT-160/31.jpg,lacunarCT-160,0
train/NON-LVO/lacunarCT-160/32.jpg,lacunarCT-160,0
train/NON-LVO/lacunarCT-160/33.jpg,lacunarCT-160,0
train/NON-LVO/lacunarCT-160/34.jpg,lacunarCT-160,0
train/NON-LVO/lacunarCT-160/35.jpg,lacunarCT-160,0
train/NON-LVO/lacunarCT-160/36.jpg,lacunarCT-160,0
train/NON-LVO/lacunarCT-160/37.jpg,lacunarCT-160,0
train/NON-LVO/lacunarCT-160/38.jpg,lacunarCT-160,0
train/NON-LVO/lacunarCT-160/39.jpg,lacunarCT-160,0
train/NON-LVO/lacunarCT-160/40.jpg,lacunarCT-160,0
train/NON-LVO/lacunarCT-161/01.jpg,lacunarCT-161,0
train/NON-LVO/lacunarCT-161/02.jpg,lacunarCT-161,0
train/NON-LVO/lacunarCT-161/03.jpg,lacunarCT-161,0
train/NON-LVO/lacunarCT-161/04.jpg,lacunarCT-161,0
train/NON-LVO/lacunarCT-161/05.jpg,lacunarCT-161,0
train/NON-LVO/lacunarCT-161/06.jpg,lacunarCT-161,0
train/NON-LVO/lacunarCT-161/07.jpg,lacunarCT-161,0
train/NON-LVO/lacunarCT-161/08.jpg,lacunarCT-161,0
train/NON-LVO/lacunarCT-161/09.jpg,lacunarCT-161,0
train/NON-LVO/lacunarCT-161/10.jpg,lacunarCT-161,0
train/NON-LVO/lacunarCT-161/11.jpg,lacunarCT-161,0
train/NON-LVO/lacunarCT-161/12.jpg,lacunarCT-161,0
train/NON-LVO/lacunarCT-161/13.jpg,lacunarCT-161,0
train/NON-LVO/lacunarCT-161/14.jpg,lacunarCT-161,0
train/NON-LVO/lacunarCT-161/15.jpg,lacunarCT-161,0
train/NON-LVO/lacunarCT-161/16.jpg,lacunarCT-161,0
train/NON-LVO/lacunarCT-161/17.jpg,lacunarCT-161,0
train/NON-LVO/lacunarCT-161/18.jpg,lacunarCT-161,0
train/NON-LVO/lacunarCT-161/19.jpg,lacunarCT-161,0
train/NON-LVO/lacunarCT-161/20.jpg,lacunarCT-161,0
train/NON-LVO/lacunarCT-161/21.jpg,lacunarCT-161,0
train/NON-LVO/lacunarCT-161/22.jpg,lacunarCT-161,0
train/NON-LVO/lacunarCT-161/23.jpg,lacunarCT-161,0
train/NON-LVO/lacunarCT-161/24.jpg,lacunarCT-161,0
train/NON-LVO/lacunarCT-161/25.jpg,lacunarCT-161,0
train/NON-LVO/lacunarCT-161/26.jpg,lacunarCT-161,0
train/NON-LVO/lacunarCT-161/27.jpg,lacunarCT-161,0
train/NON-LVO/lacunarCT-161/28.jpg,lacunarCT-161,0
train/NON-LVO/lacunarCT-161/29.jpg,lacunarCT-161,0
train/NON-LVO/lacunarCT-161/30.jpg,lacunarCT-161,0
train/NON-LVO/lacunarCT-161/31.jpg,lacunarCT-161,0
train/NON-LVO/lacunarCT-161/32.jpg,lacunarCT-161,0
train/NON-LVO/lacunarCT-161/33.jpg,lacunarCT-161,0
train/NON-LVO/lacunarCT-161/34.jpg,lacunarCT-161,0
train/NON-LVO/lacunarCT-161/35.jpg,lacunarCT-161,0
train/NON-LVO/lacunarCT-161/36.jpg,lacunarCT-161,0
train/NON-LVO/lacunarCT-161/37.jpg,lacunarCT-161,0
train/NON-LVO/lacunarCT-161/38.jpg,lacunarCT-161,0
train/NON-LVO/lacunarCT-161/39.jpg,lacunarCT-161,0
train/NON-LVO/lacunarCT-161/40.jpg,lacunarCT-161,0
train/NON-LVO/lacunarCT-161/41.jpg,lacunarCT-161,0
train/NON-LVO/lacunarCT-161/42.jpg,lacunarCT-161,0
train/NON-LVO/lacunarCT-161/43.jpg,lacunarCT-161,0
train/NON-LVO/lacunarCT-161/44.jpg,lacunarCT-161,0
train/NON-LVO/lacunarCT-162/01.jpg,lacunarCT-162,0
train/NON-LVO/lacunarCT-162/02.jpg,lacunarCT-162,0
train/NON-LVO/lacunarCT-162/03.jpg,lacunarCT-162,0
train/NON-LVO/lacunarCT-162/04.jpg,lacunarCT-162,0
train/NON-LVO/lacunarCT-162/05.jpg,lacunarCT-162,0
train/NON-LVO/lacunarCT-162/06.jpg,lacunarCT-162,0
train/NON-LVO/lacunarCT-162/07.jpg,lacunarCT-162,0
train/NON-LVO/lacunarCT-162/08.jpg,lacunarCT-162,0
train/NON-LVO/lacunarCT-162/09.jpg,lacunarCT-162,0
train/NON-LVO/lacunarCT-162/10.jpg,lacunarCT-162,0
train/NON-LVO/lacunarCT-162/11.jpg,lacunarCT-162,0
train/NON-LVO/lacunarCT-162/12.jpg,lacunarCT-162,0
train/NON-LVO/lacunarCT-162/13.jpg,lacunarCT-162,0
train/NON-LVO/lacunarCT-162/14.jpg,lacunarCT-162,0
train/NON-LVO/lacunarCT-162/15.jpg,lacunarCT-162,0
train/NON-LVO/lacunarCT-162/16.jpg,lacunarCT-162,0
train/NON-LVO/lacunarCT-162/17.jpg,lacunarCT-162,0
train/NON-LVO/lacunarCT-162/18.jpg,lacunarCT-162,0
train/NON-LVO/lacunarCT-162/19.jpg,lacunarCT-162,0
train/NON-LVO/lacunarCT-162/20.jpg,lacunarCT-162,0
train/NON-LVO/lacunarCT-162/21.jpg,lacunarCT-162,0
train/NON-LVO/lacunarCT-162/22.jpg,lacunarCT-162,0
train/NON-LVO/lacunarCT-162/23.jpg,lacunarCT-162,0
train/NON-LVO/lacunarCT-162/24.jpg,lacunarCT-162,0
train/NON-LVO/lacunarCT-162/25.jpg,lacunarCT-162,0
train/NON-LVO/lacunarCT-162/26.jpg,lacunarCT-162,0
train/NON-LVO/lacunarCT-162/27.jpg,lacunarCT-162,0
train/NON-LVO/lacunarCT-162/28.jpg,lacunarCT-162,0
train/NON-LVO/lacunarCT-162/29.jpg,lacunarCT-162,0
train/NON-LVO/lacunarCT-162/30.jpg,lacunarCT-162,0
train/NON-LVO/lacunarCT-162/31.jpg,lacunarCT-162,0
train/NON-LVO/lacunarCT-162/32.jpg,lacunarCT-162,0
train/NON-LVO/lacunarCT-162/33.jpg,lacunarCT-162,0
train/NON-LVO/lacunarCT-162/34.jpg,lacunarCT-162,0
train/NON-LVO/lacunarCT-162/35.jpg,lacunarCT-162,0
train/NON-LVO/lacunarCT-162/36.jpg,lacunarCT-162,0
train/NON-LVO/lacunarCT-162/37.jpg,lacunarCT-162,0
train/NON-LVO/lacunarCT-162/38.jpg,lacunarCT-162,0
train/NON-LVO/lacunarCT-162/39.jpg,lacunarCT-162,0
train/NON-LVO/lacunarCT-162/40.jpg,lacunarCT-162,0
train/NON-LVO/lacunarCT-163/01.jpg,lacunarCT-163,0
train/NON-LVO/lacunarCT-163/02.jpg,lacunarCT-163,0
train/NON-LVO/lacunarCT-163/03.jpg,lacunarCT-163,0
train/NON-LVO/lacunarCT-163/04.jpg,lacunarCT-163,0
train/NON-LVO/lacunarCT-163/05.jpg,lacunarCT-163,0
train/NON-LVO/lacunarCT-163/06.jpg,lacunarCT-163,0
train/NON-LVO/lacunarCT-163/07.jpg,lacunarCT-163,0
train/NON-LVO/lacunarCT-163/08.jpg,lacunarCT-163,0
train/NON-LVO/lacunarCT-163/09.jpg,lacunarCT-163,0
train/NON-LVO/lacunarCT-163/10.jpg,lacunarCT-163,0
train/NON-LVO/lacunarCT-163/11.jpg,lacunarCT-163,0
train/NON-LVO/lacunarCT-163/12.jpg,lacunarCT-163,0
train/NON-LVO/lacunarCT-163/13.jpg,lacunarCT-163,0
train/NON-LVO/lacunarCT-163/14.jpg,lacunarCT-163,0
train/NON-LVO/lacunarCT-163/15.jpg,lacunarCT-163,0
train/NON-LVO/lacunarCT-163/16.jpg,lacunarCT-163,0
train/NON-LVO/lacunarCT-163/17.jpg,lacunarCT-163,0
train/NON-LVO/lacunarCT-163/18.jpg,lacunarCT-163,0
train/NON-LVO/lacunarCT-163/19.jpg,lacunarCT-163,0
train/NON-LVO/lacunarCT-163/20.jpg,lacunarCT-163,0
train/NON-LVO/lacunarCT-163/21.jpg,lacunarCT-163,0
train/NON-LVO/lacunarCT-163/22.jpg,lacunarCT-163,0
train/NON-LVO/lacunarCT-163/23.jpg,lacunarCT-163,0
train/NON-LVO/lacunarCT-163/24.jpg,lacunarCT-163,0
train/NON-LVO/lacunarCT-163/25.jpg,lacunarCT-163,0
train/NON-LVO/lacunarCT-163/26.jpg,lacunarCT-163,0
train/NON-LVO/lacunarCT-163/27.jpg,lacunarCT-163,0
train/NON-LVO/lacunarCT-163/28.jpg,lacunarCT-163,0
train/NON-LVO/lacunarCT-163/29.jpg,lacunarCT-163,0
train/NON-LVO/lacunarCT-163/30.jpg,lacunarCT-163,0
train/NON-LVO/lacunarCT-163/31.jpg,lacunarCT-163,0
train/NON-LVO/lacunarCT-163/32.jpg,lacunarCT-163,0
train/NON-LVO/lacunarCT-163/33.jpg,lacunarCT-163,0
train/NON-LVO/lacunarCT-163/34.jpg,lacunarCT-163,0
train/NON-LVO/lacunarCT-163/35.jpg,lacunarCT-163,0
train/NON-LVO/lacunarCT-163/36.jpg,lacunarCT-163,0
train/NON-LVO/lacunarCT-164/01.jpg,lacunarCT-164,0
train/NON-LVO/lacunarCT-164/02.jpg,lacunarCT-164,0
train/NON-LVO/lacunarCT-164/03.jpg,lacunarCT-164,0
train/NON-LVO/lacunarCT-164/04.jpg,lacunarCT-164,0
train/NON-LVO/lacunarCT-164/05.jpg,lacunarCT-164,0
train/NON-LVO/lacunarCT-164/06.jpg,lacunarCT-164,0
train/NON-LVO/lacunarCT-164/07.jpg,lacunarCT-164,0
train/NON-LVO/lacunarCT-164/08.jpg,lacunarCT-164,0
train/NON-LVO/lacunarCT-164/09.jpg,lacunarCT-164,0
train/NON-LVO/lacunarCT-164/10.jpg,lacunarCT-164,0
train/NON-LVO/lacunarCT-164/11.jpg,lacunarCT-164,0
train/NON-LVO/lacunarCT-164/12.jpg,lacunarCT-164,0
train/NON-LVO/lacunarCT-164/13.jpg,lacunarCT-164,0
train/NON-LVO/lacunarCT-164/14.jpg,lacunarCT-164,0
train/NON-LVO/lacunarCT-164/15.jpg,lacunarCT-164,0
train/NON-LVO/lacunarCT-164/16.jpg,lacunarCT-164,0
train/NON-LVO/lacunarCT-164/17.jpg,lacunarCT-164,0
train/NON-LVO/lacunarCT-164/18.jpg,lacunarCT-164,0
train/NON-LVO/lacunarCT-164/19.jpg,lacunarCT-164,0
train/NON-LVO/lacunarCT-164/20.jpg,lacunarCT-164,0
train/NON-LVO/lacunarCT-164/21.jpg,lacunarCT-164,0
train/NON-LVO/lacunarCT-164/22.jpg,lacunarCT-164,0
train/NON-LVO/lacunarCT-164/23.jpg,lacunarCT-164,0
train/NON-LVO/lacunarCT-164/24.jpg,lacunarCT-164,0
train/NON-LVO/lacunarCT-164/25.jpg,lacunarCT-164,0
train/NON-LVO/lacunarCT-164/26.jpg,lacunarCT-164,0
train/NON-LVO/lacunarCT-164/27.jpg,lacunarCT-164,0
train/NON-LVO/lacunarCT-164/28.jpg,lacunarCT-164,0
train/NON-LVO/lacunarCT-164/29.jpg,lacunarCT-164,0
train/NON-LVO/lacunarCT-164/30.jpg,lacunarCT-164,0
train/NON-LVO/lacunarCT-164/31.jpg,lacunarCT-164,0
train/NON-LVO/lacunarCT-164/32.jpg,lacunarCT-164,0
train/NON-LVO/lacunarCT-164/33.jpg,lacunarCT-164,0
train/NON-LVO/lacunarCT-164/34.jpg,lacunarCT-164,0
train/NON-LVO/lacunarCT-164/35.jpg,lacunarCT-164,0
train/NON-LVO/lacunarCT-164/36.jpg,lacunarCT-164,0
train/NON-LVO/lacunarCT-164/37.jpg,lacunarCT-164,0
train/NON-LVO/lacunarCT-164/38.jpg,lacunarCT-164,0
train/NON-LVO/lacunarCT-164/39.jpg,lacunarCT-164,0
train/NON-LVO/lacunarCT-164/40.jpg,lacunarCT-164,0
train/NON-LVO/lacunarCT-165/01.jpg,lacunarCT-165,0
train/NON-LVO/lacunarCT-165/02.jpg,lacunarCT-165,0
train/NON-LVO/lacunarCT-165/03.jpg,lacunarCT-165,0
train/NON-LVO/lacunarCT-165/04.jpg,lacunarCT-165,0
train/NON-LVO/lacunarCT-165/05.jpg,lacunarCT-165,0
train/NON-LVO/lacunarCT-165/06.jpg,lacunarCT-165,0
train/NON-LVO/lacunarCT-165/07.jpg,lacunarCT-165,0
train/NON-LVO/lacunarCT-165/08.jpg,lacunarCT-165,0
train/NON-LVO/lacunarCT-165/09.jpg,lacunarCT-165,0
train/NON-LVO/lacunarCT-165/10.jpg,lacunarCT-165,0
train/NON-LVO/lacunarCT-165/11.jpg,lacunarCT-165,0
train/NON-LVO/lacunarCT-165/12.jpg,lacunarCT-165,0
train/NON-LVO/lacunarCT-165/13.jpg,lacunarCT-165,0
train/NON-LVO/lacunarCT-165/14.jpg,lacunarCT-165,0
train/NON-LVO/lacunarCT-165/15.jpg,lacunarCT-165,0
train/NON-LVO/lacunarCT-165/16.jpg,lacunarCT-165,0
train/NON-LVO/lacunarCT-165/17.jpg,lacunarCT-165,0
train/NON-LVO/lacunarCT-165/18.jpg,lacunarCT-165,0
train/NON-LVO/lacunarCT-165/19.jpg,lacunarCT-165,0
train/NON-LVO/lacunarCT-165/20.jpg,lacunarCT-165,0
train/NON-LVO/lacunarCT-165/21.jpg,lacunarCT-165,0
train/NON-LVO/lacunarCT-165/22.jpg,lacunarCT-165,0
train/NON-LVO/lacunarCT-165/23.jpg,lacunarCT-165,0
train/NON-LVO/lacunarCT-165/24.jpg,lacunarCT-165,0
train/NON-LVO/lacunarCT-165/25.jpg,lacunarCT-165,0
train/NON-LVO/lacunarCT-165/26.jpg,lacunarCT-165,0
train/NON-LVO/lacunarCT-165/27.jpg,lacunarCT-165,0
train/NON-LVO/lacunarCT-165/28.jpg,lacunarCT-165,0
train/NON-LVO/lacunarCT-165/29.jpg,lacunarCT-165,0
train/NON-LVO/lacunarCT-165/30.jpg,lacunarCT-165,0
train/NON-LVO/lacunarCT-165/31.jpg,lacunarCT-165,0
train/NON-LVO/lacunarCT-165/32.jpg,lacunarCT-165,0
train/NON-LVO/lacunarCT-165/33.jpg,lacunarCT-165,0
train/NON-LVO/lacunarCT-165/34.jpg,lacunarCT-165,0
train/NON-LVO/lacunarCT-165/35.jpg,lacunarCT-165,0
train/NON-LVO/lacunarCT-165/36.jpg,lacunarCT-165,0
train/NON-LVO/lacunarCT-165/37.jpg,lacunarCT-165,0
train/NON-LVO/lacunarCT-165/38.jpg,lacunarCT-165,0
train/NON-LVO/lacunarCT-165/39.jpg,lacunarCT-165,0
train/NON-LVO/lacunarCT-165/40.jpg,lacunarCT-165,0
train/NON-LVO/lacunarCT-166/01.jpg,lacunarCT-166,0
train/NON-LVO/lacunarCT-166/02.jpg,lacunarCT-166,0
train/NON-LVO/lacunarCT-166/03.jpg,lacunarCT-166,0
train/NON-LVO/lacunarCT-166/04.jpg,lacunarCT-166,0
train/NON-LVO/lacunarCT-166/05.jpg,lacunarCT-166,0
train/NON-LVO/lacunarCT-166/06.jpg,lacunarCT-166,0
train/NON-LVO/lacunarCT-166/07.jpg,lacunarCT-166,0
train/NON-LVO/lacunarCT-166/08.jpg,lacunarCT-166,0
train/NON-LVO/lacunarCT-166/09.jpg,lacunarCT-166,0
train/NON-LVO/lacunarCT-166/10.jpg,lacunarCT-166,0
train/NON-LVO/lacunarCT-166/11.jpg,lacunarCT-166,0
train/NON-LVO/lacunarCT-166/12.jpg,lacunarCT-166,0
train/NON-LVO/lacunarCT-166/13.jpg,lacunarCT-166,0
train/NON-LVO/lacunarCT-166/14.jpg,lacunarCT-166,0
train/NON-LVO/lacunarCT-166/15.jpg,lacunarCT-166,0
train/NON-LVO/lacunarCT-166/16.jpg,lacunarCT-166,0
train/NON-LVO/lacunarCT-166/17.jpg,lacunarCT-166,0
train/NON-LVO/lacunarCT-166/18.jpg,lacunarCT-166,0
train/NON-LVO/lacunarCT-166/19.jpg,lacunarCT-166,0
train/NON-LVO/lacunarCT-166/20.jpg,lacunarCT-166,0
train/NON-LVO/lacunarCT-166/21.jpg,lacunarCT-166,0
train/NON-LVO/lacunarCT-166/22.jpg,lacunarCT-166,0
train/NON-LVO/lacunarCT-166/23.jpg,lacunarCT-166,0
train/NON-LVO/lacunarCT-166/24.jpg,lacunarCT-166,0
train/NON-LVO/lacunarCT-166/25.jpg,lacunarCT-166,0
train/NON-LVO/lacunarCT-166/26.jpg,lacunarCT-166,0
train/NON-LVO/lacunarCT-166/27.jpg,lacunarCT-166,0
train/NON-LVO/lacunarCT-166/28.jpg,lacunarCT-166,0
train/NON-LVO/lacunarCT-166/29.jpg,lacunarCT-166,0
train/NON-LVO/lacunarCT-166/30.jpg,lacunarCT-166,0
train/NON-LVO/lacunarCT-166/31.jpg,lacunarCT-166,0
train/NON-LVO/lacunarCT-166/32.jpg,lacunarCT-166,0
train/NON-LVO/lacunarCT-166/33.jpg,lacunarCT-166,0
train/NON-LVO/lacunarCT-166/34.jpg,lacunarCT-166,0
train/NON-LVO/lacunarCT-166/35.jpg,lacunarCT-166,0
train/NON-LVO/lacunarCT-166/36.jpg,lacunarCT-166,0
train/NON-LVO/lacunarCT-166/37.jpg,lacunarCT-166,0
train/NON-LVO/lacunarCT-166/38.jpg,lacunarCT-166,0
train/NON-LVO/lacunarCT-166/39.jpg,lacunarCT-166,0
train/NON-LVO/lacunarCT-166/40.jpg,lacunarCT-166,0
train/NON-LVO/lacunarCT-167/01.jpg,lacunarCT-167,0
train/NON-LVO/lacunarCT-167/02.jpg,lacunarCT-167,0
train/NON-LVO/lacunarCT-167/03.jpg,lacunarCT-167,0
train/NON-LVO/lacunarCT-167/04.jpg,lacunarCT-167,0
train/NON-LVO/lacunarCT-167/05.jpg,lacunarCT-167,0
train/NON-LVO/lacunarCT-167/06.jpg,lacunarCT-167,0
train/NON-LVO/lacunarCT-167/07.jpg,lacunarCT-167,0
train/NON-LVO/lacunarCT-167/08.jpg,lacunarCT-167,0
train/NON-LVO/lacunarCT-167/09.jpg,lacunarCT-167,0
train/NON-LVO/lacunarCT-167/10.jpg,lacunarCT-167,0
train/NON-LVO/lacunarCT-167/11.jpg,lacunarCT-167,0
train/NON-LVO/lacunarCT-167/12.jpg,lacunarCT-167,0
train/NON-LVO/lacunarCT-167/13.jpg,lacunarCT-167,0
train/NON-LVO/lacunarCT-167/14.jpg,lacunarCT-167,0
train/NON-LVO/lacunarCT-167/15.jpg,lacunarCT-167,0
train/NON-LVO/lacunarCT-167/16.jpg,lacunarCT-167,0
train/NON-LVO/lacunarCT-167/17.jpg,lacunarCT-167,0
train/NON-LVO/lacunarCT-167/18.jpg,lacunarCT-167,0
train/NON-LVO/lacunarCT-167/19.jpg,lacunarCT-167,0
train/NON-LVO/lacunarCT-167/20.jpg,lacunarCT-167,0
train/NON-LVO/lacunarCT-167/21.jpg,lacunarCT-167,0
train/NON-LVO/lacunarCT-167/22.jpg,lacunarCT-167,0
train/NON-LVO/lacunarCT-167/23.jpg,lacunarCT-167,0
train/NON-LVO/lacunarCT-167/24.jpg,lacunarCT-167,0
train/NON-LVO/lacunarCT-167/25.jpg,lacunarCT-167,0
train/NON-LVO/lacunarCT-167/26.jpg,lacunarCT-167,0
train/NON-LVO/lacunarCT-167/27.jpg,lacunarCT-167,0
train/NON-LVO/lacunarCT-167/28.jpg,lacunarCT-167,0
train/NON-LVO/lacunarCT-167/29.jpg,lacunarCT-167,0
train/NON-LVO/lacunarCT-167/30.jpg,lacunarCT-167,0
train/NON-LVO/lacunarCT-167/31.jpg,lacunarCT-167,0
train/NON-LVO/lacunarCT-167/32.jpg,lacunarCT-167,0
train/NON-LVO/lacunarCT-167/33.jpg,lacunarCT-167,0
train/NON-LVO/lacunarCT-167/34.jpg,lacunarCT-167,0
train/NON-LVO/lacunarCT-167/35.jpg,lacunarCT-167,0
train/NON-LVO/lacunarCT-167/36.jpg,lacunarCT-167,0
train/NON-LVO/lacunarCT-167/37.jpg,lacunarCT-167,0
train/NON-LVO/lacunarCT-167/38.jpg,lacunarCT-167,0
train/NON-LVO/lacunarCT-167/39.jpg,lacunarCT-167,0
train/NON-LVO/lacunarCT-167/40.jpg,lacunarCT-167,0
train/NON-LVO/lacunarCT-168/01.jpg,lacunarCT-168,0
train/NON-LVO/lacunarCT-168/02.jpg,lacunarCT-168,0
train/NON-LVO/lacunarCT-168/03.jpg,lacunarCT-168,0
train/NON-LVO/lacunarCT-168/04.jpg,lacunarCT-168,0
train/NON-LVO/lacunarCT-168/05.jpg,lacunarCT-168,0
train/NON-LVO/lacunarCT-168/06.jpg,lacunarCT-168,0
train/NON-LVO/lacunarCT-168/07.jpg,lacunarCT-168,0
train/NON-LVO/lacunarCT-168/08.jpg,lacunarCT-168,0
train/NON-LVO/lacunarCT-168/09.jpg,lacunarCT-168,0
train/NON-LVO/lacunarCT-168/10.jpg,lacunarCT-168,0
train/NON-LVO/lacunarCT-168/11.jpg,lacunarCT-168,0
train/NON-LVO/lacunarCT-168/12.jpg,lacunarCT-168,0
train/NON-LVO/lacunarCT-168/13.jpg,lacunarCT-168,0
train/NON-LVO/lacunarCT-168/14.jpg,lacunarCT-168,0
train/NON-LVO/lacunarCT-168/15.jpg,lacunarCT-168,0
train/NON-LVO/lacunarCT-168/16.jpg,lacunarCT-168,0
train/NON-LVO/lacunarCT-168/17.jpg,lacunarCT-168,0
train/NON-LVO/lacunarCT-168/18.jpg,lacunarCT-168,0
train/NON-LVO/lacunarCT-168/19.jpg,lacunarCT-168,0
train/NON-LVO/lacunarCT-168/20.jpg,lacunarCT-168,0
train/NON-LVO/lacunarCT-168/21.jpg,lacunarCT-168,0
train/NON-LVO/lacunarCT-168/22.jpg,lacunarCT-168,0
train/NON-LVO/lacunarCT-168/23.jpg,lacunarCT-168,0
train/NON-LVO/lacunarCT-168/24.jpg,lacunarCT-168,0
train/NON-LVO/lacunarCT-168/25.jpg,lacunarCT-168,0
train/NON-LVO/lacunarCT-168/26.jpg,lacunarCT-168,0
train/NON-LVO/lacunarCT-168/27.jpg,lacunarCT-168,0
train/NON-LVO/lacunarCT-168/28.jpg,lacunarCT-168,0
train/NON-LVO/lacunarCT-168/29.jpg,lacunarCT-168,0
train/NON-LVO/lacunarCT-168/30.jpg,lacunarCT-168,0
train/NON-LVO/lacunarCT-168/31.jpg,lacunarCT-168,0
train/NON-LVO/lacunarCT-168/32.jpg,lacunarCT-168,0
train/NON-LVO/lacunarCT-168/33.jpg,lacunarCT-168,0
train/NON-LVO/lacunarCT-168/34.jpg,lacunarCT-168,0
train/NON-LVO/lacunarCT-168/35.jpg,lacunarCT-168,0
train/NON-LVO/lacunarCT-168/36.jpg,lacunarCT-168,0
train/NON-LVO/lacunarCT-168/37.jpg,lacunarCT-168,0
train/NON-LVO/lacunarCT-168/38.jpg,lacunarCT-168,0
train/NON-LVO/lacunarCT-168/39.jpg,lacunarCT-168,0
train/NON-LVO/lacunarCT-168/40.jpg,lacunarCT-168,0
train/NON-LVO/lacunarCT-169/01.jpg,lacunarCT-169,0
train/NON-LVO/lacunarCT-169/02.jpg,lacunarCT-169,0
train/NON-LVO/lacunarCT-169/03.jpg,lacunarCT-169,0
train/NON-LVO/lacunarCT-169/04.jpg,lacunarCT-169,0
train/NON-LVO/lacunarCT-169/05.jpg,lacunarCT-169,0
train/NON-LVO/lacunarCT-169/06.jpg,lacunarCT-169,0
train/NON-LVO/lacunarCT-169/07.jpg,lacunarCT-169,0
train/NON-LVO/lacunarCT-169/08.jpg,lacunarCT-169,0
train/NON-LVO/lacunarCT-169/09.jpg,lacunarCT-169,0
train/NON-LVO/lacunarCT-169/10.jpg,lacunarCT-169,0
train/NON-LVO/lacunarCT-169/11.jpg,lacunarCT-169,0
train/NON-LVO/lacunarCT-169/12.jpg,lacunarCT-169,0
train/NON-LVO/lacunarCT-169/13.jpg,lacunarCT-169,0
train/NON-LVO/lacunarCT-169/14.jpg,lacunarCT-169,0
train/NON-LVO/lacunarCT-169/15.jpg,lacunarCT-169,0
train/NON-LVO/lacunarCT-169/16.jpg,lacunarCT-169,0
train/NON-LVO/lacunarCT-169/17.jpg,lacunarCT-169,0
train/NON-LVO/lacunarCT-169/18.jpg,lacunarCT-169,0
train/NON-LVO/lacunarCT-169/19.jpg,lacunarCT-169,0
train/NON-LVO/lacunarCT-169/20.jpg,lacunarCT-169,0
train/NON-LVO/lacunarCT-169/21.jpg,lacunarCT-169,0
train/NON-LVO/lacunarCT-169/22.jpg,lacunarCT-169,0
train/NON-LVO/lacunarCT-169/23.jpg,lacunarCT-169,0
train/NON-LVO/lacunarCT-169/24.jpg,lacunarCT-169,0
train/NON-LVO/lacunarCT-169/25.jpg,lacunarCT-169,0
train/NON-LVO/lacunarCT-169/26.jpg,lacunarCT-169,0
train/NON-LVO/lacunarCT-169/27.jpg,lacunarCT-169,0
train/NON-LVO/lacunarCT-169/28.jpg,lacunarCT-169,0
train/NON-LVO/lacunarCT-169/29.jpg,lacunarCT-169,0
train/NON-LVO/lacunarCT-169/30.jpg,lacunarCT-169,0
train/NON-LVO/lacunarCT-169/31.jpg,lacunarCT-169,0
train/NON-LVO/lacunarCT-169/32.jpg,lacunarCT-169,0
train/NON-LVO/lacunarCT-169/33.jpg,lacunarCT-169,0
train/NON-LVO/lacunarCT-169/34.jpg,lacunarCT-169,0
train/NON-LVO/lacunarCT-169/35.jpg,lacunarCT-169,0
train/NON-LVO/lacunarCT-169/36.jpg,lacunarCT-169,0
train/NON-LVO/lacunarCT-169/37.jpg,lacunarCT-169,0
train/NON-LVO/lacunarCT-169/38.jpg,lacunarCT-169,0
train/NON-LVO/lacunarCT-169/39.jpg,lacunarCT-169,0
train/NON-LVO/lacunarCT-169/40.jpg,lacunarCT-169,0
train/NON-LVO/lacunarCT-170/01.jpg,lacunarCT-170,0
train/NON-LVO/lacunarCT-170/02.jpg,lacunarCT-170,0
train/NON-LVO/lacunarCT-170/03.jpg,lacunarCT-170,0
train/NON-LVO/lacunarCT-170/04.jpg,lacunarCT-170,0
train/NON-LVO/lacunarCT-170/05.jpg,lacunarCT-170,0
train/NON-LVO/lacunarCT-170/06.jpg,lacunarCT-170,0
train/NON-LVO/lacunarCT-170/07.jpg,lacunarCT-170,0
train/NON-LVO/lacunarCT-170/08.jpg,lacunarCT-170,0
train/NON-LVO/lacunarCT-170/09.jpg,lacunarCT-170,0
train/NON-LVO/lacunarCT-170/10.jpg,lacunarCT-170,0
train/NON-LVO/lacunarCT-170/11.jpg,lacunarCT-170,0
train/NON-LVO/lacunarCT-170/12.jpg,lacunarCT-170,0
train/NON-LVO/lacunarCT-170/13.jpg,lacunarCT-170,0
train/NON-LVO/lacunarCT-170/14.jpg,lacunarCT-170,0
train/NON-LVO/lacunarCT-170/15.jpg,lacunarCT-170,0
train/NON-LVO/lacunarCT-170/16.jpg,lacunarCT-170,0
train/NON-LVO/lacunarCT-170/17.jpg,lacunarCT-170,0
train/NON-LVO/lacunarCT-170/18.jpg,lacunarCT-170,0
train/NON-LVO/lacunarCT-170/19.jpg,lacunarCT-170,0
train/NON-LVO/lacunarCT-170/20.jpg,lacunarCT-170,0
train/NON-LVO/lacunarCT-170/21.jpg,lacunarCT-170,0
train/NON-LVO/lacunarCT-170/22.jpg,lacunarCT-170,0
train/NON-LVO/lacunarCT-170/23.jpg,lacunarCT-170,0
train/NON-LVO/lacunarCT-170/24.jpg,lacunarCT-170,0
train/NON-LVO/lacunarCT-170/25.jpg,lacunarCT-170,0
train/NON-LVO/lacunarCT-170/26.jpg,lacunarCT-170,0
train/NON-LVO/lacunarCT-170/27.jpg,lacunarCT-170,0
train/NON-LVO/lacunarCT-170/28.jpg,lacunarCT-170,0
train/NON-LVO/lacunarCT-170/29.jpg,lacunarCT-170,0
train/NON-LVO/lacunarCT-170/30.jpg,lacunarCT-170,0
train/NON-LVO/lacunarCT-170/31.jpg,lacunarCT-170,0
train/NON-LVO/lacunarCT-170/32.jpg,lacunarCT-170,0
train/NON-LVO/lacunarCT-170/33.jpg,lacunarCT-170,0
train/NON-LVO/lacunarCT-170/34.jpg,lacunarCT-170,0
train/NON-LVO/lacunarCT-170/35.jpg,lacunarCT-170,0
train/NON-LVO/lacunarCT-170/36.jpg,lacunarCT-170,0
train/NON-LVO/lacunarCT-170/37.jpg,lacunarCT-170,0
train/NON-LVO/lacunarCT-170/38.jpg,lacunarCT-170,0
train/NON-LVO/lacunarCT-170/39.jpg,lacunarCT-170,0
train/NON-LVO/lacunarCT-170/40.jpg,lacunarCT-170,0
train/NON-LVO/lacunarCT-171/01.jpg,lacunarCT-171,0
train/NON-LVO/lacunarCT-171/02.jpg,lacunarCT-171,0
train/NON-LVO/lacunarCT-171/03.jpg,lacunarCT-171,0
train/NON-LVO/lacunarCT-171/04.jpg,lacunarCT-171,0
train/NON-LVO/lacunarCT-171/05.jpg,lacunarCT-171,0
train/NON-LVO/lacunarCT-171/06.jpg,lacunarCT-171,0
train/NON-LVO/lacunarCT-171/07.jpg,lacunarCT-171,0
train/NON-LVO/lacunarCT-171/08.jpg,lacunarCT-171,0
train/NON-LVO/lacunarCT-171/09.jpg,lacunarCT-171,0
train/NON-LVO/lacunarCT-171/10.jpg,lacunarCT-171,0
train/NON-LVO/lacunarCT-171/11.jpg,lacunarCT-171,0
train/NON-LVO/lacunarCT-171/12.jpg,lacunarCT-171,0
train/NON-LVO/lacunarCT-171/13.jpg,lacunarCT-171,0
train/NON-LVO/lacunarCT-171/14.jpg,lacunarCT-171,0
train/NON-LVO/lacunarCT-171/15.jpg,lacunarCT-171,0
train/NON-LVO/lacunarCT-171/16.jpg,lacunarCT-171,0
train/NON-LVO/lacunarCT-171/17.jpg,lacunarCT-171,0
train/NON-LVO/lacunarCT-171/18.jpg,lacunarCT-171,0
train/NON-LVO/lacunarCT-171/19.jpg,lacunarCT-171,0
train/NON-LVO/lacunarCT-171/20.jpg,lacunarCT-171,0
train/NON-LVO/lacunarCT-171/21.jpg,lacunarCT-171,0
train/NON-LVO/lacunarCT-171/22.jpg,lacunarCT-171,0
train/NON-LVO/lacunarCT-171/23.jpg,lacunarCT-171,0
train/NON-LVO/lacunarCT-171/24.jpg,lacunarCT-171,0
train/NON-LVO/lacunarCT-171/25.jpg,lacunarCT-171,0
train/NON-LVO/lacunarCT-171/26.jpg,lacunarCT-171,0
train/NON-LVO/lacunarCT-171/27.jpg,lacunarCT-171,0
train/NON-LVO/lacunarCT-171/28.jpg,lacunarCT-171,0
train/NON-LVO/lacunarCT-171/29.jpg,lacunarCT-171,0
train/NON-LVO/lacunarCT-171/30.jpg,lacunarCT-171,0
train/NON-LVO/lacunarCT-171/31.jpg,lacunarCT-171,0
train/NON-LVO/lacunarCT-171/32.jpg,lacunarCT-171,0
train/NON-LVO/lacunarCT-171/33.jpg,lacunarCT-171,0
train/NON-LVO/lacunarCT-171/34.jpg,lacunarCT-171,0
train/NON-LVO/lacunarCT-171/35.jpg,lacunarCT-171,0
train/NON-LVO/lacunarCT-171/36.jpg,lacunarCT-171,0
train/NON-LVO/lacunarCT-171/37.jpg,lacunarCT-171,0
train/NON-LVO/lacunarCT-171/38.jpg,lacunarCT-171,0
train/NON-LVO/lacunarCT-171/39.jpg,lacunarCT-171,0
train/NON-LVO/lacunarCT-171/40.jpg,lacunarCT-171,0
train/NON-LVO/lacunarCT-172/01.jpg,lacunarCT-172,0
train/NON-LVO/lacunarCT-172/02.jpg,lacunarCT-172,0
train/NON-LVO/lacunarCT-172/03.jpg,lacunarCT-172,0
train/NON-LVO/lacunarCT-172/04.jpg,lacunarCT-172,0
train/NON-LVO/lacunarCT-172/05.jpg,lacunarCT-172,0
train/NON-LVO/lacunarCT-172/06.jpg,lacunarCT-172,0
train/NON-LVO/lacunarCT-172/07.jpg,lacunarCT-172,0
train/NON-LVO/lacunarCT-172/08.jpg,lacunarCT-172,0
train/NON-LVO/lacunarCT-172/09.jpg,lacunarCT-172,0
train/NON-LVO/lacunarCT-172/10.jpg,lacunarCT-172,0
train/NON-LVO/lacunarCT-172/11.jpg,lacunarCT-172,0
train/NON-LVO/lacunarCT-172/12.jpg,lacunarCT-172,0
train/NON-LVO/lacunarCT-172/13.jpg,lacunarCT-172,0
train/NON-LVO/lacunarCT-172/14.jpg,lacunarCT-172,0
train/NON-LVO/lacunarCT-172/15.jpg,lacunarCT-172,0
train/NON-LVO/lacunarCT-172/16.jpg,lacunarCT-172,0
train/NON-LVO/lacunarCT-172/17.jpg,lacunarCT-172,0
train/NON-LVO/lacunarCT-172/18.jpg,lacunarCT-172,0
train/NON-LVO/lacunarCT-172/19.jpg,lacunarCT-172,0
train/NON-LVO/lacunarCT-172/20.jpg,lacunarCT-172,0
train/NON-LVO/lacunarCT-172/21.jpg,lacunarCT-172,0
train/NON-LVO/lacunarCT-172/22.jpg,lacunarCT-172,0
train/NON-LVO/lacunarCT-172/23.jpg,lacunarCT-172,0
train/NON-LVO/lacunarCT-172/24.jpg,lacunarCT-172,0
train/NON-LVO/lacunarCT-172/25.jpg,lacunarCT-172,0
train/NON-LVO/lacunarCT-172/26.jpg,lacunarCT-172,0
train/NON-LVO/lacunarCT-172/27.jpg,lacunarCT-172,0
train/NON-LVO/lacunarCT-172/28.jpg,lacunarCT-172,0
train/NON-LVO/lacunarCT-172/29.jpg,lacunarCT-172,0
train/NON-LVO/lacunarCT-172/30.jpg,lacunarCT-172,0
train/NON-LVO/lacunarCT-172/31.jpg,lacunarCT-172,0
train/NON-LVO/lacunarCT-172/32.jpg,lacunarCT-172,0
train/NON-LVO/lacunarCT-172/33.jpg,lacunarCT-172,0
train/NON-LVO/lacunarCT-172/34.jpg,lacunarCT-172,0
train/NON-LVO/lacunarCT-172/35.jpg,lacunarCT-172,0
train/NON-LVO/lacunarCT-172/36.jpg,lacunarCT-172,0
train/NON-LVO/lacunarCT-172/37.jpg,lacunarCT-172,0
train/NON-LVO/lacunarCT-172/38.jpg,lacunarCT-172,0
train/NON-LVO/lacunarCT-172/39.jpg,lacunarCT-172,0
train/NON-LVO/lacunarCT-172/40.jpg,lacunarCT-172,0
train/NON-LVO/lacunarCT-173/01.jpg,lacunarCT-173,0
train/NON-LVO/lacunarCT-173/02.jpg,lacunarCT-173,0
train/NON-LVO/lacunarCT-173/03.jpg,lacunarCT-173,0
train/NON-LVO/lacunarCT-173/04.jpg,lacunarCT-173,0
train/NON-LVO/lacunarCT-173/05.jpg,lacunarCT-173,0
train/NON-LVO/lacunarCT-173/06.jpg,lacunarCT-173,0
train/NON-LVO/lacunarCT-173/07.jpg,lacunarCT-173,0
train/NON-LVO/lacunarCT-173/08.jpg,lacunarCT-173,0
train/NON-LVO/lacunarCT-173/09.jpg,lacunarCT-173,0
train/NON-LVO/lacunarCT-173/10.jpg,lacunarCT-173,0
train/NON-LVO/lacunarCT-173/11.jpg,lacunarCT-173,0
train/NON-LVO/lacunarCT-173/12.jpg,lacunarCT-173,0
train/NON-LVO/lacunarCT-173/13.jpg,lacunarCT-173,0
train/NON-LVO/lacunarCT-173/14.jpg,lacunarCT-173,0
train/NON-LVO/lacunarCT-173/15.jpg,lacunarCT-173,0
train/NON-LVO/lacunarCT-173/16.jpg,lacunarCT-173,0
train/NON-LVO/lacunarCT-173/17.jpg,lacunarCT-173,0
train/NON-LVO/lacunarCT-173/18.jpg,lacunarCT-173,0
train/NON-LVO/lacunarCT-173/19.jpg,lacunarCT-173,0
train/NON-LVO/lacunarCT-173/20.jpg,lacunarCT-173,0
train/NON-LVO/lacunarCT-173/21.jpg,lacunarCT-173,0
train/NON-LVO/lacunarCT-173/22.jpg,lacunarCT-173,0
train/NON-LVO/lacunarCT-173/23.jpg,lacunarCT-173,0
train/NON-LVO/lacunarCT-173/24.jpg,lacunarCT-173,0
train/NON-LVO/lacunarCT-173/25.jpg,lacunarCT-173,0
train/NON-LVO/lacunarCT-173/26.jpg,lacunarCT-173,0
train/NON-LVO/lacunarCT-173/27.jpg,lacunarCT-173,0
train/NON-LVO/lacunarCT-173/28.jpg,lacunarCT-173,0
train/NON-LVO/lacunarCT-173/29.jpg,lacunarCT-173,0
train/NON-LVO/lacunarCT-173/30.jpg,lacunarCT-173,0
train/NON-LVO/lacunarCT-173/31.jpg,lacunarCT-173,0
train/NON-LVO/lacunarCT-173/32.jpg,lacunarCT-173,0
train/NON-LVO/lacunarCT-173/33.jpg,lacunarCT-173,0
train/NON-LVO/lacunarCT-173/34.jpg,lacunarCT-173,0
train/NON-LVO/lacunarCT-173/35.jpg,lacunarCT-173,0
train/NON-LVO/lacunarCT-173/36.jpg,lacunarCT-173,0
train/NON-LVO/lacunarCT-173/37.jpg,lacunarCT-173,0
train/NON-LVO/lacunarCT-173/38.jpg,lacunarCT-173,0
train/NON-LVO/lacunarCT-173/39.jpg,lacunarCT-173,0
train/NON-LVO/lacunarCT-173/40.jpg,lacunarCT-173,0
train/NON-LVO/lacunarCT-174/01.jpg,lacunarCT-174,0
train/NON-LVO/lacunarCT-174/02.jpg,lacunarCT-174,0
train/NON-LVO/lacunarCT-174/03.jpg,lacunarCT-174,0
train/NON-LVO/lacunarCT-174/04.jpg,lacunarCT-174,0
train/NON-LVO/lacunarCT-174/05.jpg,lacunarCT-174,0
train/NON-LVO/lacunarCT-174/06.jpg,lacunarCT-174,0
train/NON-LVO/lacunarCT-174/07.jpg,lacunarCT-174,0
train/NON-LVO/lacunarCT-174/08.jpg,lacunarCT-174,0
train/NON-LVO/lacunarCT-174/09.jpg,lacunarCT-174,0
train/NON-LVO/lacunarCT-174/10.jpg,lacunarCT-174,0
train/NON-LVO/lacunarCT-174/11.jpg,lacunarCT-174,0
train/NON-LVO/lacunarCT-174/12.jpg,lacunarCT-174,0
train/NON-LVO/lacunarCT-174/13.jpg,lacunarCT-174,0
train/NON-LVO/lacunarCT-174/14.jpg,lacunarCT-174,0
train/NON-LVO/lacunarCT-174/15.jpg,lacunarCT-174,0
train/NON-LVO/lacunarCT-174/16.jpg,lacunarCT-174,0
train/NON-LVO/lacunarCT-174/17.jpg,lacunarCT-174,0
train/NON-LVO/lacunarCT-174/18.jpg,lacunarCT-174,0
train/NON-LVO/lacunarCT-174/19.jpg,lacunarCT-174,0
train/NON-LVO/lacunarCT-174/20.jpg,lacunarCT-174,0
train/NON-LVO/lacunarCT-174/21.jpg,lacunarCT-174,0
train/NON-LVO/lacunarCT-174/22.jpg,lacunarCT-174,0
train/NON-LVO/lacunarCT-174/23.jpg,lacunarCT-174,0
train/NON-LVO/lacunarCT-174/24.jpg,lacunarCT-174,0
train/NON-LVO/lacunarCT-174/25.jpg,lacunarCT-174,0
train/NON-LVO/lacunarCT-174/26.jpg,lacunarCT-174,0
train/NON-LVO/lacunarCT-174/27.jpg,lacunarCT-174,0
train/NON-LVO/lacunarCT-174/28.jpg,lacunarCT-174,0
train/NON-LVO/lacunarCT-174/29.jpg,lacunarCT-174,0
train/NON-LVO/lacunarCT-174/30.jpg,lacunarCT-174,0
train/NON-LVO/lacunarCT-174/31.jpg,lacunarCT-174,0
train/NON-LVO/lacunarCT-174/32.jpg,lacunarCT-174,0
train/NON-LVO/lacunarCT-174/33.jpg,lacunarCT-174,0
train/NON-LVO/lacunarCT-174/34.jpg,lacunarCT-174,0
train/NON-LVO/lacunarCT-174/35.jpg,lacunarCT-174,0
train/NON-LVO/lacunarCT-174/36.jpg,lacunarCT-174,0
train/NON-LVO/lacunarCT-174/37.jpg,lacunarCT-174,0
train/NON-LVO/lacunarCT-174/38.jpg,lacunarCT-174,0
train/NON-LVO/lacunarCT-174/39.jpg,lacunarCT-174,0
train/NON-LVO/lacunarCT-174/40.jpg,lacunarCT-174,0
train/NON-LVO/lacunarCT-175/01.jpg,lacunarCT-175,0
train/NON-LVO/lacunarCT-175/02.jpg,lacunarCT-175,0
train/NON-LVO/lacunarCT-175/03.jpg,lacunarCT-175,0
train/NON-LVO/lacunarCT-175/04.jpg,lacunarCT-175,0
train/NON-LVO/lacunarCT-175/05.jpg,lacunarCT-175,0
train/NON-LVO/lacunarCT-175/06.jpg,lacunarCT-175,0
train/NON-LVO/lacunarCT-175/07.jpg,lacunarCT-175,0
train/NON-LVO/lacunarCT-175/08.jpg,lacunarCT-175,0
train/NON-LVO/lacunarCT-175/09.jpg,lacunarCT-175,0
train/NON-LVO/lacunarCT-175/10.jpg,lacunarCT-175,0
train/NON-LVO/lacunarCT-175/11.jpg,lacunarCT-175,0
train/NON-LVO/lacunarCT-175/12.jpg,lacunarCT-175,0
train/NON-LVO/lacunarCT-175/13.jpg,lacunarCT-175,0
train/NON-LVO/lacunarCT-175/14.jpg,lacunarCT-175,0
train/NON-LVO/lacunarCT-175/15.jpg,lacunarCT-175,0
train/NON-LVO/lacunarCT-175/16.jpg,lacunarCT-175,0
train/NON-LVO/lacunarCT-175/17.jpg,lacunarCT-175,0
train/NON-LVO/lacunarCT-175/18.jpg,lacunarCT-175,0
train/NON-LVO/lacunarCT-175/19.jpg,lacunarCT-175,0
train/NON-LVO/lacunarCT-175/20.jpg,lacunarCT-175,0
train/NON-LVO/lacunarCT-175/21.jpg,lacunarCT-175,0
train/NON-LVO/lacunarCT-175/22.jpg,lacunarCT-175,0
train/NON-LVO/lacunarCT-175/23.jpg,lacunarCT-175,0
train/NON-LVO/lacunarCT-175/24.jpg,lacunarCT-175,0
train/NON-LVO/lacunarCT-175/25.jpg,lacunarCT-175,0
train/NON-LVO/lacunarCT-175/26.jpg,lacunarCT-175,0
train/NON-LVO/lacunarCT-175/27.jpg,lacunarCT-175,0
train/NON-LVO/lacunarCT-175/28.jpg,lacunarCT-175,0
train/NON-LVO/lacunarCT-175/29.jpg,lacunarCT-175,0
train/NON-LVO/lacunarCT-175/30.jpg,lacunarCT-175,0
train/NON-LVO/lacunarCT-175/31.jpg,lacunarCT-175,0
train/NON-LVO/lacunarCT-175/32.jpg,lacunarCT-175,0
train/NON-LVO/lacunarCT-175/33.jpg,lacunarCT-175,0
train/NON-LVO/lacunarCT-175/34.jpg,lacunarCT-175,0
train/NON-LVO/lacunarCT-175/35.jpg,lacunarCT-175,0
train/NON-LVO/lacunarCT-175/36.jpg,lacunarCT-175,0
train/NON-LVO/lacunarCT-175/37.jpg,lacunarCT-175,0
train/NON-LVO/lacunarCT-175/38.jpg,lacunarCT-175,0
train/NON-LVO/lacunarCT-175/39.jpg,lacunarCT-175,0
train/NON-LVO/lacunarCT-175/40.jpg,lacunarCT-175,0
train/NON-LVO/lacunarCT-175/41.jpg,lacunarCT-175,0
train/NON-LVO/lacunarCT-175/42.jpg,lacunarCT-175,0
train/NON-LVO/lacunarCT-179/01.jpg,lacunarCT-179,0
train/NON-LVO/lacunarCT-179/02.jpg,lacunarCT-179,0
train/NON-LVO/lacunarCT-179/03.jpg,lacunarCT-179,0
train/NON-LVO/lacunarCT-179/04.jpg,lacunarCT-179,0
train/NON-LVO/lacunarCT-179/05.jpg,lacunarCT-179,0
train/NON-LVO/lacunarCT-179/06.jpg,lacunarCT-179,0
train/NON-LVO/lacunarCT-179/07.jpg,lacunarCT-179,0
train/NON-LVO/lacunarCT-179/08.jpg,lacunarCT-179,0
train/NON-LVO/lacunarCT-179/09.jpg,lacunarCT-179,0
train/NON-LVO/lacunarCT-179/10.jpg,lacunarCT-179,0
train/NON-LVO/lacunarCT-179/11.jpg,lacunarCT-179,0
train/NON-LVO/lacunarCT-179/12.jpg,lacunarCT-179,0
train/NON-LVO/lacunarCT-179/13.jpg,lacunarCT-179,0
train/NON-LVO/lacunarCT-179/14.jpg,lacunarCT-179,0
train/NON-LVO/lacunarCT-179/15.jpg,lacunarCT-179,0
train/NON-LVO/lacunarCT-179/16.jpg,lacunarCT-179,0
train/NON-LVO/lacunarCT-179/17.jpg,lacunarCT-179,0
train/NON-LVO/lacunarCT-179/18.jpg,lacunarCT-179,0
train/NON-LVO/lacunarCT-179/19.jpg,lacunarCT-179,0
train/NON-LVO/lacunarCT-179/20.jpg,lacunarCT-179,0
train/NON-LVO/lacunarCT-179/21.jpg,lacunarCT-179,0
train/NON-LVO/lacunarCT-179/22.jpg,lacunarCT-179,0
train/NON-LVO/lacunarCT-179/23.jpg,lacunarCT-179,0
train/NON-LVO/lacunarCT-179/24.jpg,lacunarCT-179,0
train/NON-LVO/lacunarCT-179/25.jpg,lacunarCT-179,0
train/NON-LVO/lacunarCT-179/26.jpg,lacunarCT-179,0
train/NON-LVO/lacunarCT-179/27.jpg,lacunarCT-179,0
train/NON-LVO/lacunarCT-179/28.jpg,lacunarCT-179,0
train/NON-LVO/lacunarCT-179/29.jpg,lacunarCT-179,0
train/NON-LVO/lacunarCT-179/30.jpg,lacunarCT-179,0
train/NON-LVO/lacunarCT-179/31.jpg,lacunarCT-179,0
train/NON-LVO/lacunarCT-179/32.jpg,lacunarCT-179,0
train/NON-LVO/lacunarCT-179/33.jpg,lacunarCT-179,0
train/NON-LVO/lacunarCT-179/34.jpg,lacunarCT-179,0
train/NON-LVO/lacunarCT-179/35.jpg,lacunarCT-179,0
train/NON-LVO/lacunarCT-179/36.jpg,lacunarCT-179,0
train/NON-LVO/lacunarCT-182/01.jpg,lacunarCT-182,0
train/NON-LVO/lacunarCT-182/02.jpg,lacunarCT-182,0
train/NON-LVO/lacunarCT-182/03.jpg,lacunarCT-182,0
train/NON-LVO/lacunarCT-182/04.jpg,lacunarCT-182,0
train/NON-LVO/lacunarCT-182/05.jpg,lacunarCT-182,0
train/NON-LVO/lacunarCT-182/06.jpg,lacunarCT-182,0
train/NON-LVO/lacunarCT-182/07.jpg,lacunarCT-182,0
train/NON-LVO/lacunarCT-182/08.jpg,lacunarCT-182,0
train/NON-LVO/lacunarCT-182/09.jpg,lacunarCT-182,0
train/NON-LVO/lacunarCT-182/10.jpg,lacunarCT-182,0
train/NON-LVO/lacunarCT-182/11.jpg,lacunarCT-182,0
train/NON-LVO/lacunarCT-182/12.jpg,lacunarCT-182,0
train/NON-LVO/lacunarCT-182/13.jpg,lacunarCT-182,0
train/NON-LVO/lacunarCT-182/14.jpg,lacunarCT-182,0
train/NON-LVO/lacunarCT-182/15.jpg,lacunarCT-182,0
train/NON-LVO/lacunarCT-182/16.jpg,lacunarCT-182,0
train/NON-LVO/lacunarCT-182/17.jpg,lacunarCT-182,0
train/NON-LVO/lacunarCT-182/18.jpg,lacunarCT-182,0
train/NON-LVO/lacunarCT-182/19.jpg,lacunarCT-182,0
train/NON-LVO/lacunarCT-182/20.jpg,lacunarCT-182,0
train/NON-LVO/lacunarCT-182/21.jpg,lacunarCT-182,0
train/NON-LVO/lacunarCT-182/22.jpg,lacunarCT-182,0
train/NON-LVO/lacunarCT-182/23.jpg,lacunarCT-182,0
train/NON-LVO/lacunarCT-182/24.jpg,lacunarCT-182,0
train/NON-LVO/lacunarCT-182/25.jpg,lacunarCT-182,0
train/NON-LVO/lacunarCT-182/26.jpg,lacunarCT-182,0
train/NON-LVO/lacunarCT-182/27.jpg,lacunarCT-182,0
train/NON-LVO/lacunarCT-182/28.jpg,lacunarCT-182,0
train/NON-LVO/lacunarCT-182/29.jpg,lacunarCT-182,0
train/NON-LVO/lacunarCT-182/30.jpg,lacunarCT-182,0
train/NON-LVO/lacunarCT-182/31.jpg,lacunarCT-182,0
train/NON-LVO/lacunarCT-182/32.jpg,lacunarCT-182,0
train/NON-LVO/lacunarCT-182/33.jpg,lacunarCT-182,0
train/NON-LVO/lacunarCT-182/34.jpg,lacunarCT-182,0
train/NON-LVO/lacunarCT-182/35.jpg,lacunarCT-182,0
train/NON-LVO/lacunarCT-182/36.jpg,lacunarCT-182,0
train/NON-LVO/lacunarCT-182/37.jpg,lacunarCT-182,0
train/NON-LVO/lacunarCT-182/38.jpg,lacunarCT-182,0
train/NON-LVO/lacunarCT-182/39.jpg,lacunarCT-182,0
train/NON-LVO/lacunarCT-182/40.jpg,lacunarCT-182,0
train/NON-LVO/lacunarCT-185/01.jpg,lacunarCT-185,0
train/NON-LVO/lacunarCT-185/02.jpg,lacunarCT-185,0
train/NON-LVO/lacunarCT-185/03.jpg,lacunarCT-185,0
train/NON-LVO/lacunarCT-185/04.jpg,lacunarCT-185,0
train/NON-LVO/lacunarCT-185/05.jpg,lacunarCT-185,0
train/NON-LVO/lacunarCT-185/06.jpg,lacunarCT-185,0
train/NON-LVO/lacunarCT-185/07.jpg,lacunarCT-185,0
train/NON-LVO/lacunarCT-185/08.jpg,lacunarCT-185,0
train/NON-LVO/lacunarCT-185/09.jpg,lacunarCT-185,0
train/NON-LVO/lacunarCT-185/10.jpg,lacunarCT-185,0
train/NON-LVO/lacunarCT-185/11.jpg,lacunarCT-185,0
train/NON-LVO/lacunarCT-185/12.jpg,lacunarCT-185,0
train/NON-LVO/lacunarCT-185/13.jpg,lacunarCT-185,0
train/NON-LVO/lacunarCT-185/14.jpg,lacunarCT-185,0
train/NON-LVO/lacunarCT-185/15.jpg,lacunarCT-185,0
train/NON-LVO/lacunarCT-185/16.jpg,lacunarCT-185,0
train/NON-LVO/lacunarCT-185/17.jpg,lacunarCT-185,0
train/NON-LVO/lacunarCT-185/18.jpg,lacunarCT-185,0
train/NON-LVO/lacunarCT-185/19.jpg,lacunarCT-185,0
train/NON-LVO/lacunarCT-185/20.jpg,lacunarCT-185,0
train/NON-LVO/lacunarCT-185/21.jpg,lacunarCT-185,0
train/NON-LVO/lacunarCT-185/22.jpg,lacunarCT-185,0
train/NON-LVO/lacunarCT-185/23.jpg,lacunarCT-185,0
train/NON-LVO/lacunarCT-185/24.jpg,lacunarCT-185,0
train/NON-LVO/lacunarCT-185/25.jpg,lacunarCT-185,0
train/NON-LVO/lacunarCT-185/26.jpg,lacunarCT-185,0
train/NON-LVO/lacunarCT-185/27.jpg,lacunarCT-185,0
train/NON-LVO/lacunarCT-185/28.jpg,lacunarCT-185,0
train/NON-LVO/lacunarCT-185/29.jpg,lacunarCT-185,0
train/NON-LVO/lacunarCT-185/30.jpg,lacunarCT-185,0
train/NON-LVO/lacunarCT-185/31.jpg,lacunarCT-185,0
train/NON-LVO/lacunarCT-185/32.jpg,lacunarCT-185,0
train/NON-LVO/lacunarCT-185/33.jpg,lacunarCT-185,0
train/NON-LVO/lacunarCT-186/01.jpg,lacunarCT-186,0
train/NON-LVO/lacunarCT-186/02.jpg,lacunarCT-186,0
train/NON-LVO/lacunarCT-186/03.jpg,lacunarCT-186,0
train/NON-LVO/lacunarCT-186/04.jpg,lacunarCT-186,0
train/NON-LVO/lacunarCT-186/05.jpg,lacunarCT-186,0
train/NON-LVO/lacunarCT-186/06.jpg,lacunarCT-186,0
train/NON-LVO/lacunarCT-186/07.jpg,lacunarCT-186,0
train/NON-LVO/lacunarCT-186/08.jpg,lacunarCT-186,0
train/NON-LVO/lacunarCT-186/09.jpg,lacunarCT-186,0
train/NON-LVO/lacunarCT-186/10.jpg,lacunarCT-186,0
train/NON-LVO/lacunarCT-186/11.jpg,lacunarCT-186,0
train/NON-LVO/lacunarCT-186/12.jpg,lacunarCT-186,0
train/NON-LVO/lacunarCT-186/13.jpg,lacunarCT-186,0
train/NON-LVO/lacunarCT-186/14.jpg,lacunarCT-186,0
train/NON-LVO/lacunarCT-186/15.jpg,lacunarCT-186,0
train/NON-LVO/lacunarCT-186/16.jpg,lacunarCT-186,0
train/NON-LVO/lacunarCT-186/17.jpg,lacunarCT-186,0
train/NON-LVO/lacunarCT-186/18.jpg,lacunarCT-186,0
train/NON-LVO/lacunarCT-186/19.jpg,lacunarCT-186,0
train/NON-LVO/lacunarCT-186/20.jpg,lacunarCT-186,0
train/NON-LVO/lacunarCT-186/21.jpg,lacunarCT-186,0
train/NON-LVO/lacunarCT-186/22.jpg,lacunarCT-186,0
train/NON-LVO/lacunarCT-186/23.jpg,lacunarCT-186,0
train/NON-LVO/lacunarCT-186/24.jpg,lacunarCT-186,0
train/NON-LVO/lacunarCT-186/25.jpg,lacunarCT-186,0
train/NON-LVO/lacunarCT-186/26.jpg,lacunarCT-186,0
train/NON-LVO/lacunarCT-186/27.jpg,lacunarCT-186,0
train/NON-LVO/lacunarCT-186/28.jpg,lacunarCT-186,0
train/NON-LVO/lacunarCT-186/29.jpg,lacunarCT-186,0
train/NON-LVO/lacunarCT-186/30.jpg,lacunarCT-186,0
train/NON-LVO/lacunarCT-186/31.jpg,lacunarCT-186,0
train/NON-LVO/lacunarCT-186/32.jpg,lacunarCT-186,0
train/NON-LVO/lacunarCT-186/33.jpg,lacunarCT-186,0
train/NON-LVO/lacunarCT-186/34.jpg,lacunarCT-186,0
train/NON-LVO/lacunarCT-186/35.jpg,lacunarCT-186,0
train/NON-LVO/lacunarCT-186/36.jpg,lacunarCT-186,0
train/NON-LVO/lacunarCT-186/37.jpg,lacunarCT-186,0
train/NON-LVO/lacunarCT-186/38.jpg,lacunarCT-186,0
train/NON-LVO/lacunarCT-186/39.jpg,lacunarCT-186,0
train/NON-LVO/lacunarCT-186/40.jpg,lacunarCT-186,0
train/NON-LVO/lacunarCT-187/01.jpg,lacunarCT-187,0
train/NON-LVO/lacunarCT-187/02.jpg,lacunarCT-187,0
train/NON-LVO/lacunarCT-187/03.jpg,lacunarCT-187,0
train/NON-LVO/lacunarCT-187/04.jpg,lacunarCT-187,0
train/NON-LVO/lacunarCT-187/05.jpg,lacunarCT-187,0
train/NON-LVO/lacunarCT-187/06.jpg,lacunarCT-187,0
train/NON-LVO/lacunarCT-187/07.jpg,lacunarCT-187,0
train/NON-LVO/lacunarCT-187/08.jpg,lacunarCT-187,0
train/NON-LVO/lacunarCT-187/09.jpg,lacunarCT-187,0
train/NON-LVO/lacunarCT-187/10.jpg,lacunarCT-187,0
train/NON-LVO/lacunarCT-187/11.jpg,lacunarCT-187,0
train/NON-LVO/lacunarCT-187/12.jpg,lacunarCT-187,0
train/NON-LVO/lacunarCT-187/13.jpg,lacunarCT-187,0
train/NON-LVO/lacunarCT-187/14.jpg,lacunarCT-187,0
train/NON-LVO/lacunarCT-187/15.jpg,lacunarCT-187,0
train/NON-LVO/lacunarCT-187/16.jpg,lacunarCT-187,0
train/NON-LVO/lacunarCT-187/17.jpg,lacunarCT-187,0
train/NON-LVO/lacunarCT-187/18.jpg,lacunarCT-187,0
train/NON-LVO/lacunarCT-187/19.jpg,lacunarCT-187,0
train/NON-LVO/lacunarCT-187/20.jpg,lacunarCT-187,0
train/NON-LVO/lacunarCT-187/21.jpg,lacunarCT-187,0
train/NON-LVO/lacunarCT-187/22.jpg,lacunarCT-187,0
train/NON-LVO/lacunarCT-187/23.jpg,lacunarCT-187,0
train/NON-LVO/lacunarCT-187/24.jpg,lacunarCT-187,0
train/NON-LVO/lacunarCT-187/25.jpg,lacunarCT-187,0
train/NON-LVO/lacunarCT-187/26.jpg,lacunarCT-187,0
train/NON-LVO/lacunarCT-187/27.jpg,lacunarCT-187,0
train/NON-LVO/lacunarCT-187/28.jpg,lacunarCT-187,0
train/NON-LVO/lacunarCT-187/29.jpg,lacunarCT-187,0
train/NON-LVO/lacunarCT-187/30.jpg,lacunarCT-187,0
train/NON-LVO/lacunarCT-187/31.jpg,lacunarCT-187,0
train/NON-LVO/lacunarCT-187/32.jpg,lacunarCT-187,0
train/NON-LVO/lacunarCT-187/33.jpg,lacunarCT-187,0
train/NON-LVO/lacunarCT-187/34.jpg,lacunarCT-187,0
train/NON-LVO/lacunarCT-187/35.jpg,lacunarCT-187,0
train/NON-LVO/lacunarCT-187/36.jpg,lacunarCT-187,0
train/NON-LVO/lacunarCT-187/37.jpg,lacunarCT-187,0
train/NON-LVO/lacunarCT-187/38.jpg,lacunarCT-187,0
train/NON-LVO/lacunarCT-187/39.jpg,lacunarCT-187,0
train/NON-LVO/lacunarCT-187/40.jpg,lacunarCT-187,0
train/NON-LVO/lacunarCT-188/01.jpg,lacunarCT-188,0
train/NON-LVO/lacunarCT-188/02.jpg,lacunarCT-188,0
train/NON-LVO/lacunarCT-188/03.jpg,lacunarCT-188,0
train/NON-LVO/lacunarCT-188/04.jpg,lacunarCT-188,0
train/NON-LVO/lacunarCT-188/05.jpg,lacunarCT-188,0
train/NON-LVO/lacunarCT-188/06.jpg,lacunarCT-188,0
train/NON-LVO/lacunarCT-188/07.jpg,lacunarCT-188,0
train/NON-LVO/lacunarCT-188/08.jpg,lacunarCT-188,0
train/NON-LVO/lacunarCT-188/09.jpg,lacunarCT-188,0
train/NON-LVO/lacunarCT-188/10.jpg,lacunarCT-188,0
train/NON-LVO/lacunarCT-188/11.jpg,lacunarCT-188,0
train/NON-LVO/lacunarCT-188/12.jpg,lacunarCT-188,0
train/NON-LVO/lacunarCT-188/13.jpg,lacunarCT-188,0
train/NON-LVO/lacunarCT-188/14.jpg,lacunarCT-188,0
train/NON-LVO/lacunarCT-188/15.jpg,lacunarCT-188,0
train/NON-LVO/lacunarCT-188/16.jpg,lacunarCT-188,0
train/NON-LVO/lacunarCT-188/17.jpg,lacunarCT-188,0
train/NON-LVO/lacunarCT-188/18.jpg,lacunarCT-188,0
train/NON-LVO/lacunarCT-188/19.jpg,lacunarCT-188,0
train/NON-LVO/lacunarCT-188/20.jpg,lacunarCT-188,0
train/NON-LVO/lacunarCT-188/21.jpg,lacunarCT-188,0
train/NON-LVO/lacunarCT-188/22.jpg,lacunarCT-188,0
train/NON-LVO/lacunarCT-188/23.jpg,lacunarCT-188,0
train/NON-LVO/lacunarCT-188/24.jpg,lacunarCT-188,0
train/NON-LVO/lacunarCT-188/25.jpg,lacunarCT-188,0
train/NON-LVO/lacunarCT-188/26.jpg,lacunarCT-188,0
train/NON-LVO/lacunarCT-188/27.jpg,lacunarCT-188,0
train/NON-LVO/lacunarCT-188/28.jpg,lacunarCT-188,0
train/NON-LVO/lacunarCT-188/29.jpg,lacunarCT-188,0
train/NON-LVO/lacunarCT-188/30.jpg,lacunarCT-188,0
train/NON-LVO/lacunarCT-188/31.jpg,lacunarCT-188,0
train/NON-LVO/lacunarCT-188/32.jpg,lacunarCT-188,0
train/NON-LVO/lacunarCT-188/33.jpg,lacunarCT-188,0
train/NON-LVO/lacunarCT-188/34.jpg,lacunarCT-188,0
train/NON-LVO/lacunarCT-188/35.jpg,lacunarCT-188,0
train/NON-LVO/lacunarCT-188/36.jpg,lacunarCT-188,0
train/NON-LVO/lacunarCT-188/37.jpg,lacunarCT-188,0
train/NON-LVO/lacunarCT-188/38.jpg,lacunarCT-188,0
train/NON-LVO/lacunarCT-188/39.jpg,lacunarCT-188,0
train/NON-LVO/lacunarCT-188/40.jpg,lacunarCT-188,0
train/NON-LVO/lacunarCT-189/01.jpg,lacunarCT-189,0
train/NON-LVO/lacunarCT-189/02.jpg,lacunarCT-189,0
train/NON-LVO/lacunarCT-189/03.jpg,lacunarCT-189,0
train/NON-LVO/lacunarCT-189/04.jpg,lacunarCT-189,0
train/NON-LVO/lacunarCT-189/05.jpg,lacunarCT-189,0
train/NON-LVO/lacunarCT-189/06.jpg,lacunarCT-189,0
train/NON-LVO/lacunarCT-189/07.jpg,lacunarCT-189,0
train/NON-LVO/lacunarCT-189/08.jpg,lacunarCT-189,0
train/NON-LVO/lacunarCT-189/09.jpg,lacunarCT-189,0
train/NON-LVO/lacunarCT-189/10.jpg,lacunarCT-189,0
train/NON-LVO/lacunarCT-189/11.jpg,lacunarCT-189,0
train/NON-LVO/lacunarCT-189/12.jpg,lacunarCT-189,0
train/NON-LVO/lacunarCT-189/13.jpg,lacunarCT-189,0
train/NON-LVO/lacunarCT-189/14.jpg,lacunarCT-189,0
train/NON-LVO/lacunarCT-189/15.jpg,lacunarCT-189,0
train/NON-LVO/lacunarCT-189/16.jpg,lacunarCT-189,0
train/NON-LVO/lacunarCT-189/17.jpg,lacunarCT-189,0
train/NON-LVO/lacunarCT-189/18.jpg,lacunarCT-189,0
train/NON-LVO/lacunarCT-189/19.jpg,lacunarCT-189,0
train/NON-LVO/lacunarCT-189/20.jpg,lacunarCT-189,0
train/NON-LVO/lacunarCT-189/21.jpg,lacunarCT-189,0
train/NON-LVO/lacunarCT-189/22.jpg,lacunarCT-189,0
train/NON-LVO/lacunarCT-189/23.jpg,lacunarCT-189,0
train/NON-LVO/lacunarCT-189/24.jpg,lacunarCT-189,0
train/NON-LVO/lacunarCT-189/25.jpg,lacunarCT-189,0
train/NON-LVO/lacunarCT-189/26.jpg,lacunarCT-189,0
train/NON-LVO/lacunarCT-189/27.jpg,lacunarCT-189,0
train/NON-LVO/lacunarCT-189/28.jpg,lacunarCT-189,0
train/NON-LVO/lacunarCT-189/29.jpg,lacunarCT-189,0
train/NON-LVO/lacunarCT-189/30.jpg,lacunarCT-189,0
train/NON-LVO/lacunarCT-189/31.jpg,lacunarCT-189,0
train/NON-LVO/lacunarCT-189/32.jpg,lacunarCT-189,0
train/NON-LVO/lacunarCT-190/01.jpg,lacunarCT-190,0
train/NON-LVO/lacunarCT-190/02.jpg,lacunarCT-190,0
train/NON-LVO/lacunarCT-190/03.jpg,lacunarCT-190,0
train/NON-LVO/lacunarCT-190/04.jpg,lacunarCT-190,0
train/NON-LVO/lacunarCT-190/05.jpg,lacunarCT-190,0
train/NON-LVO/lacunarCT-190/06.jpg,lacunarCT-190,0
train/NON-LVO/lacunarCT-190/07.jpg,lacunarCT-190,0
train/NON-LVO/lacunarCT-190/08.jpg,lacunarCT-190,0
train/NON-LVO/lacunarCT-190/09.jpg,lacunarCT-190,0
train/NON-LVO/lacunarCT-190/10.jpg,lacunarCT-190,0
train/NON-LVO/lacunarCT-190/11.jpg,lacunarCT-190,0
train/NON-LVO/lacunarCT-190/12.jpg,lacunarCT-190,0
train/NON-LVO/lacunarCT-190/13.jpg,lacunarCT-190,0
train/NON-LVO/lacunarCT-190/14.jpg,lacunarCT-190,0
train/NON-LVO/lacunarCT-190/15.jpg,lacunarCT-190,0
train/NON-LVO/lacunarCT-190/16.jpg,lacunarCT-190,0
train/NON-LVO/lacunarCT-190/17.jpg,lacunarCT-190,0
train/NON-LVO/lacunarCT-190/18.jpg,lacunarCT-190,0
train/NON-LVO/lacunarCT-190/19.jpg,lacunarCT-190,0
train/NON-LVO/lacunarCT-190/20.jpg,lacunarCT-190,0
train/NON-LVO/lacunarCT-190/21.jpg,lacunarCT-190,0
train/NON-LVO/lacunarCT-190/22.jpg,lacunarCT-190,0
train/NON-LVO/lacunarCT-190/23.jpg,lacunarCT-190,0
train/NON-LVO/lacunarCT-190/24.jpg,lacunarCT-190,0
train/NON-LVO/lacunarCT-190/25.jpg,lacunarCT-190,0
train/NON-LVO/lacunarCT-190/26.jpg,lacunarCT-190,0
train/NON-LVO/lacunarCT-190/27.jpg,lacunarCT-190,0
train/NON-LVO/lacunarCT-190/28.jpg,lacunarCT-190,0
train/NON-LVO/lacunarCT-190/29.jpg,lacunarCT-190,0
train/NON-LVO/lacunarCT-190/30.jpg,lacunarCT-190,0
train/NON-LVO/lacunarCT-190/31.jpg,lacunarCT-190,0
train/NON-LVO/lacunarCT-190/32.jpg,lacunarCT-190,0
train/NON-LVO/lacunarCT-190/33.jpg,lacunarCT-190,0
train/NON-LVO/lacunarCT-190/34.jpg,lacunarCT-190,0
train/NON-LVO/lacunarCT-190/35.jpg,lacunarCT-190,0
train/NON-LVO/lacunarCT-190/36.jpg,lacunarCT-190,0
train/NON-LVO/lacunarCT-190/37.jpg,lacunarCT-190,0
train/NON-LVO/lacunarCT-190/38.jpg,lacunarCT-190,0
train/NON-LVO/lacunarCT-190/39.jpg,lacunarCT-190,0
train/NON-LVO/lacunarCT-190/40.jpg,lacunarCT-190,0
train/NON-LVO/lacunarCT-191/01.jpg,lacunarCT-191,0
train/NON-LVO/lacunarCT-191/02.jpg,lacunarCT-191,0
train/NON-LVO/lacunarCT-191/03.jpg,lacunarCT-191,0
train/NON-LVO/lacunarCT-191/04.jpg,lacunarCT-191,0
train/NON-LVO/lacunarCT-191/05.jpg,lacunarCT-191,0
train/NON-LVO/lacunarCT-191/06.jpg,lacunarCT-191,0
train/NON-LVO/lacunarCT-191/07.jpg,lacunarCT-191,0
train/NON-LVO/lacunarCT-191/08.jpg,lacunarCT-191,0
train/NON-LVO/lacunarCT-191/09.jpg,lacunarCT-191,0
train/NON-LVO/lacunarCT-191/10.jpg,lacunarCT-191,0
train/NON-LVO/lacunarCT-191/11.jpg,lacunarCT-191,0
train/NON-LVO/lacunarCT-191/12.jpg,lacunarCT-191,0
train/NON-LVO/lacunarCT-191/13.jpg,lacunarCT-191,0
train/NON-LVO/lacunarCT-191/14.jpg,lacunarCT-191,0
train/NON-LVO/lacunarCT-191/15.jpg,lacunarCT-191,0
train/NON-LVO/lacunarCT-191/16.jpg,lacunarCT-191,0
train/NON-LVO/lacunarCT-191/17.jpg,lacunarCT-191,0
train/NON-LVO/lacunarCT-191/18.jpg,lacunarCT-191,0
train/NON-LVO/lacunarCT-191/19.jpg,lacunarCT-191,0
train/NON-LVO/lacunarCT-191/20.jpg,lacunarCT-191,0
train/NON-LVO/lacunarCT-191/21.jpg,lacunarCT-191,0
train/NON-LVO/lacunarCT-191/22.jpg,lacunarCT-191,0
train/NON-LVO/lacunarCT-191/23.jpg,lacunarCT-191,0
train/NON-LVO/lacunarCT-191/24.jpg,lacunarCT-191,0
train/NON-LVO/lacunarCT-191/25.jpg,lacunarCT-191,0
train/NON-LVO/lacunarCT-191/26.jpg,lacunarCT-191,0
train/NON-LVO/lacunarCT-191/27.jpg,lacunarCT-191,0
train/NON-LVO/lacunarCT-191/28.jpg,lacunarCT-191,0
train/NON-LVO/lacunarCT-191/29.jpg,lacunarCT-191,0
train/NON-LVO/lacunarCT-191/30.jpg,lacunarCT-191,0
train/NON-LVO/lacunarCT-191/31.jpg,lacunarCT-191,0
train/NON-LVO/lacunarCT-191/32.jpg,lacunarCT-191,0
train/NON-LVO/lacunarCT-191/33.jpg,lacunarCT-191,0
train/NON-LVO/lacunarCT-191/34.jpg,lacunarCT-191,0
train/NON-LVO/lacunarCT-191/35.jpg,lacunarCT-191,0
train/NON-LVO/lacunarCT-191/36.jpg,lacunarCT-191,0
train/NON-LVO/lacunarCT-191/37.jpg,lacunarCT-191,0
train/NON-LVO/lacunarCT-191/38.jpg,lacunarCT-191,0
train/NON-LVO/lacunarCT-191/39.jpg,lacunarCT-191,0
train/NON-LVO/lacunarCT-191/40.jpg,lacunarCT-191,0
train/NON-LVO/lacunarCT-192/01.jpg,lacunarCT-192,0
train/NON-LVO/lacunarCT-192/02.jpg,lacunarCT-192,0
train/NON-LVO/lacunarCT-192/03.jpg,lacunarCT-192,0
train/NON-LVO/lacunarCT-192/04.jpg,lacunarCT-192,0
train/NON-LVO/lacunarCT-192/05.jpg,lacunarCT-192,0
train/NON-LVO/lacunarCT-192/06.jpg,lacunarCT-192,0
train/NON-LVO/lacunarCT-192/07.jpg,lacunarCT-192,0
train/NON-LVO/lacunarCT-192/08.jpg,lacunarCT-192,0
train/NON-LVO/lacunarCT-192/09.jpg,lacunarCT-192,0
train/NON-LVO/lacunarCT-192/10.jpg,lacunarCT-192,0
train/NON-LVO/lacunarCT-192/11.jpg,lacunarCT-192,0
train/NON-LVO/lacunarCT-192/12.jpg,lacunarCT-192,0
train/NON-LVO/lacunarCT-192/13.jpg,lacunarCT-192,0
train/NON-LVO/lacunarCT-192/14.jpg,lacunarCT-192,0
train/NON-LVO/lacunarCT-192/15.jpg,lacunarCT-192,0
train/NON-LVO/lacunarCT-192/16.jpg,lacunarCT-192,0
train/NON-LVO/lacunarCT-192/17.jpg,lacunarCT-192,0
train/NON-LVO/lacunarCT-192/18.jpg,lacunarCT-192,0
train/NON-LVO/lacunarCT-192/19.jpg,lacunarCT-192,0
train/NON-LVO/lacunarCT-192/20.jpg,lacunarCT-192,0
train/NON-LVO/lacunarCT-192/21.jpg,lacunarCT-192,0
train/NON-LVO/lacunarCT-192/22.jpg,lacunarCT-192,0
train/NON-LVO/lacunarCT-192/23.jpg,lacunarCT-192,0
train/NON-LVO/lacunarCT-192/24.jpg,lacunarCT-192,0
train/NON-LVO/lacunarCT-192/25.jpg,lacunarCT-192,0
train/NON-LVO/lacunarCT-192/26.jpg,lacunarCT-192,0
train/NON-LVO/lacunarCT-192/27.jpg,lacunarCT-192,0
train/NON-LVO/lacunarCT-192/28.jpg,lacunarCT-192,0
train/NON-LVO/lacunarCT-192/29.jpg,lacunarCT-192,0
train/NON-LVO/lacunarCT-192/30.jpg,lacunarCT-192,0
train/NON-LVO/lacunarCT-192/31.jpg,lacunarCT-192,0
train/NON-LVO/lacunarCT-192/32.jpg,lacunarCT-192,0
train/NON-LVO/lacunarCT-192/33.jpg,lacunarCT-192,0
train/NON-LVO/lacunarCT-192/34.jpg,lacunarCT-192,0
train/NON-LVO/lacunarCT-192/35.jpg,lacunarCT-192,0
train/NON-LVO/lacunarCT-192/36.jpg,lacunarCT-192,0
train/NON-LVO/lacunarCT-192/37.jpg,lacunarCT-192,0
train/NON-LVO/lacunarCT-192/38.jpg,lacunarCT-192,0
train/NON-LVO/lacunarCT-192/39.jpg,lacunarCT-192,0
train/NON-LVO/lacunarCT-193/01.jpg,lacunarCT-193,0
train/NON-LVO/lacunarCT-193/02.jpg,lacunarCT-193,0
train/NON-LVO/lacunarCT-193/03.jpg,lacunarCT-193,0
train/NON-LVO/lacunarCT-193/04.jpg,lacunarCT-193,0
train/NON-LVO/lacunarCT-193/05.jpg,lacunarCT-193,0
train/NON-LVO/lacunarCT-193/06.jpg,lacunarCT-193,0
train/NON-LVO/lacunarCT-193/07.jpg,lacunarCT-193,0
train/NON-LVO/lacunarCT-193/08.jpg,lacunarCT-193,0
train/NON-LVO/lacunarCT-193/09.jpg,lacunarCT-193,0
train/NON-LVO/lacunarCT-193/10.jpg,lacunarCT-193,0
train/NON-LVO/lacunarCT-193/11.jpg,lacunarCT-193,0
train/NON-LVO/lacunarCT-193/12.jpg,lacunarCT-193,0
train/NON-LVO/lacunarCT-193/13.jpg,lacunarCT-193,0
train/NON-LVO/lacunarCT-193/14.jpg,lacunarCT-193,0
train/NON-LVO/lacunarCT-193/15.jpg,lacunarCT-193,0
train/NON-LVO/lacunarCT-193/16.jpg,lacunarCT-193,0
train/NON-LVO/lacunarCT-193/17.jpg,lacunarCT-193,0
train/NON-LVO/lacunarCT-193/18.jpg,lacunarCT-193,0
train/NON-LVO/lacunarCT-193/19.jpg,lacunarCT-193,0
train/NON-LVO/lacunarCT-193/20.jpg,lacunarCT-193,0
train/NON-LVO/lacunarCT-193/21.jpg,lacunarCT-193,0
train/NON-LVO/lacunarCT-193/22.jpg,lacunarCT-193,0
train/NON-LVO/lacunarCT-193/23.jpg,lacunarCT-193,0
train/NON-LVO/lacunarCT-193/24.jpg,lacunarCT-193,0
train/NON-LVO/lacunarCT-193/25.jpg,lacunarCT-193,0
train/NON-LVO/lacunarCT-193/26.jpg,lacunarCT-193,0
train/NON-LVO/lacunarCT-193/27.jpg,lacunarCT-193,0
train/NON-LVO/lacunarCT-193/28.jpg,lacunarCT-193,0
train/NON-LVO/lacunarCT-193/29.jpg,lacunarCT-193,0
train/NON-LVO/lacunarCT-193/30.jpg,lacunarCT-193,0
train/NON-LVO/lacunarCT-193/31.jpg,lacunarCT-193,0
train/NON-LVO/lacunarCT-193/32.jpg,lacunarCT-193,0
train/NON-LVO/lacunarCT-193/33.jpg,lacunarCT-193,0
train/NON-LVO/lacunarCT-193/34.jpg,lacunarCT-193,0
train/NON-LVO/lacunarCT-193/35.jpg,lacunarCT-193,0
train/NON-LVO/lacunarCT-193/36.jpg,lacunarCT-193,0
train/NON-LVO/lacunarCT-193/37.jpg,lacunarCT-193,0
train/NON-LVO/lacunarCT-193/38.jpg,lacunarCT-193,0
train/NON-LVO/lacunarCT-193/39.jpg,lacunarCT-193,0
train/NON-LVO/lacunarCT-193/40.jpg,lacunarCT-193,0
train/NON-LVO/lacunarCT-194/01.jpg,lacunarCT-194,0
train/NON-LVO/lacunarCT-194/02.jpg,lacunarCT-194,0
train/NON-LVO/lacunarCT-194/03.jpg,lacunarCT-194,0
train/NON-LVO/lacunarCT-194/04.jpg,lacunarCT-194,0
train/NON-LVO/lacunarCT-194/05.jpg,lacunarCT-194,0
train/NON-LVO/lacunarCT-194/06.jpg,lacunarCT-194,0
train/NON-LVO/lacunarCT-194/07.jpg,lacunarCT-194,0
train/NON-LVO/lacunarCT-194/08.jpg,lacunarCT-194,0
train/NON-LVO/lacunarCT-194/09.jpg,lacunarCT-194,0
train/NON-LVO/lacunarCT-194/10.jpg,lacunarCT-194,0
train/NON-LVO/lacunarCT-194/11.jpg,lacunarCT-194,0
train/NON-LVO/lacunarCT-194/12.jpg,lacunarCT-194,0
train/NON-LVO/lacunarCT-194/13.jpg,lacunarCT-194,0
train/NON-LVO/lacunarCT-194/14.jpg,lacunarCT-194,0
train/NON-LVO/lacunarCT-194/15.jpg,lacunarCT-194,0
train/NON-LVO/lacunarCT-194/16.jpg,lacunarCT-194,0
train/NON-LVO/lacunarCT-194/17.jpg,lacunarCT-194,0
train/NON-LVO/lacunarCT-194/18.jpg,lacunarCT-194,0
train/NON-LVO/lacunarCT-194/19.jpg,lacunarCT-194,0
train/NON-LVO/lacunarCT-194/20.jpg,lacunarCT-194,0
train/NON-LVO/lacunarCT-194/21.jpg,lacunarCT-194,0
train/NON-LVO/lacunarCT-194/22.jpg,lacunarCT-194,0
train/NON-LVO/lacunarCT-194/23.jpg,lacunarCT-194,0
train/NON-LVO/lacunarCT-194/24.jpg,lacunarCT-194,0
train/NON-LVO/lacunarCT-194/25.jpg,lacunarCT-194,0
train/NON-LVO/lacunarCT-194/26.jpg,lacunarCT-194,0
train/NON-LVO/lacunarCT-194/27.jpg,lacunarCT-194,0
train/NON-LVO/lacunarCT-194/28.jpg,lacunarCT-194,0
train/NON-LVO/lacunarCT-194/29.jpg,lacunarCT-194,0
train/NON-LVO/lacunarCT-194/30.jpg,lacunarCT-194,0
train/NON-LVO/lacunarCT-194/31.jpg,lacunarCT-194,0
train/NON-LVO/lacunarCT-194/32.jpg,lacunarCT-194,0
train/NON-LVO/lacunarCT-194/33.jpg,lacunarCT-194,0
train/NON-LVO/lacunarCT-194/34.jpg,lacunarCT-194,0
train/NON-LVO/lacunarCT-194/35.jpg,lacunarCT-194,0
train/NON-LVO/lacunarCT-194/36.jpg,lacunarCT-194,0
train/NON-LVO/lacunarCT-194/37.jpg,lacunarCT-194,0
train/NON-LVO/lacunarCT-194/38.jpg,lacunarCT-194,0
train/NON-LVO/lacunarCT-194/39.jpg,lacunarCT-194,0
train/NON-LVO/lacunarCT-194/40.jpg,lacunarCT-194,0
train/NON-LVO/lacunarCT-196/01.jpg,lacunarCT-196,0
train/NON-LVO/lacunarCT-196/02.jpg,lacunarCT-196,0
train/NON-LVO/lacunarCT-196/03.jpg,lacunarCT-196,0
train/NON-LVO/lacunarCT-196/04.jpg,lacunarCT-196,0
train/NON-LVO/lacunarCT-196/05.jpg,lacunarCT-196,0
train/NON-LVO/lacunarCT-196/06.jpg,lacunarCT-196,0
train/NON-LVO/lacunarCT-196/07.jpg,lacunarCT-196,0
train/NON-LVO/lacunarCT-196/08.jpg,lacunarCT-196,0
train/NON-LVO/lacunarCT-196/09.jpg,lacunarCT-196,0
train/NON-LVO/lacunarCT-196/10.jpg,lacunarCT-196,0
train/NON-LVO/lacunarCT-196/11.jpg,lacunarCT-196,0
train/NON-LVO/lacunarCT-196/12.jpg,lacunarCT-196,0
train/NON-LVO/lacunarCT-196/13.jpg,lacunarCT-196,0
train/NON-LVO/lacunarCT-196/14.jpg,lacunarCT-196,0
train/NON-LVO/lacunarCT-196/15.jpg,lacunarCT-196,0
train/NON-LVO/lacunarCT-196/16.jpg,lacunarCT-196,0
train/NON-LVO/lacunarCT-196/17.jpg,lacunarCT-196,0
train/NON-LVO/lacunarCT-196/18.jpg,lacunarCT-196,0
train/NON-LVO/lacunarCT-196/19.jpg,lacunarCT-196,0
train/NON-LVO/lacunarCT-196/20.jpg,lacunarCT-196,0
train/NON-LVO/lacunarCT-196/21.jpg,lacunarCT-196,0
train/NON-LVO/lacunarCT-196/22.jpg,lacunarCT-196,0
train/NON-LVO/lacunarCT-196/23.jpg,lacunarCT-196,0
train/NON-LVO/lacunarCT-196/24.jpg,lacunarCT-196,0
train/NON-LVO/lacunarCT-196/25.jpg,lacunarCT-196,0
train/NON-LVO/lacunarCT-196/26.jpg,lacunarCT-196,0
train/NON-LVO/lacunarCT-196/27.jpg,lacunarCT-196,0
train/NON-LVO/lacunarCT-196/28.jpg,lacunarCT-196,0
train/NON-LVO/lacunarCT-196/29.jpg,lacunarCT-196,0
train/NON-LVO/lacunarCT-196/30.jpg,lacunarCT-196,0
train/NON-LVO/lacunarCT-196/31.jpg,lacunarCT-196,0
train/NON-LVO/lacunarCT-196/32.jpg,lacunarCT-196,0
train/NON-LVO/lacunarCT-196/33.jpg,lacunarCT-196,0
train/NON-LVO/lacunarCT-196/34.jpg,lacunarCT-196,0
train/NON-LVO/lacunarCT-196/35.jpg,lacunarCT-196,0
train/NON-LVO/lacunarCT-196/36.jpg,lacunarCT-196,0
train/NON-LVO/lacunarCT-196/37.jpg,lacunarCT-196,0
train/NON-LVO/lacunarCT-196/38.jpg,lacunarCT-196,0
train/NON-LVO/lacunarCT-196/39.jpg,lacunarCT-196,0
train/NON-LVO/lacunarCT-196/40.jpg,lacunarCT-196,0
